=== Afruheritage Pre-UAT Deep Assessment ===
Root: /home/afruheritage/fleetbase/afruhfleet


--------------------------------------------------
>> Git status & uncommitted changes
--------------------------------------------------
## main...origin/main [ahead 1]
 D afruheritage-platform/admin-console/admin_app/__pycache__/__init__.cpython-310.pyc
 D afruheritage-platform/admin-console/admin_app/__pycache__/main.cpython-310.pyc
 D afruheritage-platform/admin-console/admin_app/api/__pycache__/__init__.cpython-310.pyc
 D afruheritage-platform/admin-console/admin_app/api/__pycache__/deps.cpython-310.pyc
 D afruheritage-platform/admin-console/admin_app/api/routes/__pycache__/__init__.cpython-310.pyc
 D afruheritage-platform/admin-console/admin_app/api/routes/__pycache__/auth.cpython-310.pyc
 D afruheritage-platform/admin-console/admin_app/api/routes/__pycache__/billing.cpython-310.pyc
 D afruheritage-platform/admin-console/admin_app/api/routes/__pycache__/domains.cpython-310.pyc
 D afruheritage-platform/admin-console/admin_app/api/routes/__pycache__/runners.cpython-310.pyc
 D afruheritage-platform/admin-console/admin_app/api/routes/__pycache__/runtime.cpython-310.pyc
 D afruheritage-platform/admin-console/admin_app/api/routes/__pycache__/tenants.cpython-310.pyc
 D afruheritage-platform/admin-console/admin_app/api/routes/__pycache__/vendors.cpython-310.pyc
 D afruheritage-platform/admin-console/admin_app/core/__pycache__/__init__.cpython-310.pyc
 D afruheritage-platform/admin-console/admin_app/core/__pycache__/config.cpython-310.pyc
 D afruheritage-platform/admin-console/admin_app/core/__pycache__/security.cpython-310.pyc
 D afruheritage-platform/admin-console/admin_app/db/__pycache__/__init__.cpython-310.pyc
 D afruheritage-platform/admin-console/admin_app/db/__pycache__/session.cpython-310.pyc
 M afruheritage-platform/admin-console/admin_app/main.py
 D afruheritage-platform/admin-console/admin_app/models/__pycache__/__init__.cpython-310.pyc
 D afruheritage-platform/admin-console/admin_app/models/__pycache__/admin_user.cpython-310.pyc
 D afruheritage-platform/admin-console/admin_app/models/__pycache__/audit_log.cpython-310.pyc
 D afruheritage-platform/admin-console/admin_app/schemas/__pycache__/__init__.cpython-310.pyc
 D afruheritage-platform/admin-console/admin_app/schemas/__pycache__/auth.cpython-310.pyc
 D afruheritage-platform/admin-console/admin_app/schemas/__pycache__/proxy.cpython-310.pyc
 D afruheritage-platform/admin-console/admin_app/services/__pycache__/__init__.cpython-310.pyc
 D afruheritage-platform/admin-console/admin_app/services/__pycache__/audit_service.cpython-310.pyc
 D afruheritage-platform/admin-console/admin_app/services/__pycache__/control_plane_client.cpython-310.pyc
 M afruheritage-platform/admin-console/admin_app/services/control_plane_client.py
 M afruheritage-platform/admin-console/frontend/components/admin-layout.tsx
 D afruheritage-platform/app/__pycache__/__init__.cpython-313.pyc
 D afruheritage-platform/app/__pycache__/main.cpython-310.pyc
 D afruheritage-platform/app/__pycache__/main.cpython-313.pyc
 D afruheritage-platform/app/ai/__pycache__/__init__.cpython-310.pyc
 D afruheritage-platform/app/ai/__pycache__/ollama_client.cpython-310.pyc
 D afruheritage-platform/app/ai/__pycache__/retriever.cpython-310.pyc
 D afruheritage-platform/app/api/__pycache__/deps.cpython-313.pyc
 D afruheritage-platform/app/api/routes/__pycache__/ai.cpython-310.pyc
 D afruheritage-platform/app/api/routes/__pycache__/ai_widget.cpython-310.pyc
 D afruheritage-platform/app/api/routes/__pycache__/auth.cpython-310.pyc
 D afruheritage-platform/app/api/routes/__pycache__/auth.cpython-313.pyc
 D afruheritage-platform/app/api/routes/__pycache__/auth_pages.cpython-310.pyc
 D afruheritage-platform/app/api/routes/__pycache__/billing.cpython-310.pyc
 D afruheritage-platform/app/api/routes/__pycache__/branding.cpython-310.pyc
 D afruheritage-platform/app/api/routes/__pycache__/custom_domains.cpython-310.pyc
 D afruheritage-platform/app/api/routes/__pycache__/fleetbase_runtime.cpython-310.pyc
 D afruheritage-platform/app/api/routes/__pycache__/geo.cpython-310.pyc
 D afruheritage-platform/app/api/routes/__pycache__/health.cpython-313.pyc
 D afruheritage-platform/app/api/routes/__pycache__/i18n.cpython-310.pyc
 D afruheritage-platform/app/api/routes/__pycache__/runners.cpython-310.pyc
 D afruheritage-platform/app/api/routes/__pycache__/runners.cpython-313.pyc
 D afruheritage-platform/app/api/routes/__pycache__/shipments.cpython-310.pyc
 D afruheritage-platform/app/api/routes/__pycache__/support_crm.cpython-310.pyc
 D afruheritage-platform/app/api/routes/__pycache__/tenants.cpython-310.pyc
 D afruheritage-platform/app/api/routes/__pycache__/tenants.cpython-313.pyc
 D afruheritage-platform/app/api/routes/__pycache__/vendors.cpython-310.pyc
 M afruheritage-platform/app/api/routes/ai.py
 M afruheritage-platform/app/api/routes/billing.py
 M afruheritage-platform/app/api/routes/shipments.py
 M afruheritage-platform/app/core/__pycache__/config.cpython-310.pyc
 D afruheritage-platform/app/core/__pycache__/config.cpython-313.pyc
 D afruheritage-platform/app/core/__pycache__/i18n.cpython-310.pyc
 D afruheritage-platform/app/core/__pycache__/logging_config.cpython-310.pyc
 D afruheritage-platform/app/core/__pycache__/middleware.cpython-310.pyc
 D afruheritage-platform/app/core/__pycache__/rate_limit.cpython-310.pyc
 D afruheritage-platform/app/core/__pycache__/security.cpython-313.pyc
 M afruheritage-platform/app/core/config.py
 D afruheritage-platform/app/db/__pycache__/session.cpython-313.pyc
 M afruheritage-platform/app/main.py
 D afruheritage-platform/app/middleware/__pycache__/rate_limit.cpython-310.pyc
 D afruheritage-platform/app/models/__pycache__/__init__.cpython-313.pyc
 D afruheritage-platform/app/models/__pycache__/audit.cpython-313.pyc
 D afruheritage-platform/app/models/__pycache__/billing.cpython-310.pyc
 D afruheritage-platform/app/models/__pycache__/custom_domains.cpython-310.pyc
 D afruheritage-platform/app/models/__pycache__/fleetbase_runtime.cpython-310.pyc
 D afruheritage-platform/app/models/__pycache__/notification_preferences.cpython-310.pyc
 D afruheritage-platform/app/models/__pycache__/runner.cpython-313.pyc
 D afruheritage-platform/app/models/__pycache__/shipment.cpython-310.pyc
 D afruheritage-platform/app/models/__pycache__/support_crm.cpython-310.pyc
 M afruheritage-platform/app/models/__pycache__/tenant.cpython-310.pyc
 D afruheritage-platform/app/models/__pycache__/tenant.cpython-313.pyc
 D afruheritage-platform/app/models/__pycache__/tenant_ai_settings.cpython-310.pyc
 D afruheritage-platform/app/models/__pycache__/tenant_branding.cpython-310.pyc
 D afruheritage-platform/app/models/__pycache__/user.cpython-313.pyc
 D afruheritage-platform/app/models/__pycache__/vendor.cpython-310.pyc
 M afruheritage-platform/app/models/tenant.py
 D afruheritage-platform/app/schemas/__pycache__/ai.cpython-310.pyc
 D afruheritage-platform/app/schemas/__pycache__/auth.cpython-313.pyc
 D afruheritage-platform/app/schemas/__pycache__/billing.cpython-310.pyc
 D afruheritage-platform/app/schemas/__pycache__/branding.cpython-310.pyc
 D afruheritage-platform/app/schemas/__pycache__/custom_domains.cpython-310.pyc
 D afruheritage-platform/app/schemas/__pycache__/fleetbase_runtime.cpython-310.pyc
 D afruheritage-platform/app/schemas/__pycache__/runner.cpython-310.pyc
 D afruheritage-platform/app/schemas/__pycache__/runner.cpython-313.pyc
 D afruheritage-platform/app/schemas/__pycache__/shipment.cpython-310.pyc
 D afruheritage-platform/app/schemas/__pycache__/support_crm.cpython-310.pyc
 D afruheritage-platform/app/schemas/__pycache__/tenant.cpython-313.pyc
 D afruheritage-platform/app/schemas/__pycache__/vendor.cpython-310.pyc
 D afruheritage-platform/app/services/__pycache__/audit_service.cpython-310.pyc
 D afruheritage-platform/app/services/__pycache__/audit_service.cpython-313.pyc
 D afruheritage-platform/app/services/__pycache__/billing_service.cpython-310.pyc
 D afruheritage-platform/app/services/__pycache__/china_payments_service.cpython-310.pyc
 D afruheritage-platform/app/services/__pycache__/cloudflare_domains.cpython-310.pyc
 D afruheritage-platform/app/services/__pycache__/custom_domain_service.cpython-310.pyc
 D afruheritage-platform/app/services/__pycache__/fleetbase_provisioner.cpython-313.pyc
 D afruheritage-platform/app/services/__pycache__/fleetbase_runtime_service.cpython-310.pyc
 D afruheritage-platform/app/services/__pycache__/glpi_client.cpython-310.pyc
 D afruheritage-platform/app/services/__pycache__/kyc_service.cpython-310.pyc
 D afruheritage-platform/app/services/__pycache__/notification_preferences_service.cpython-310.pyc
 D afruheritage-platform/app/services/__pycache__/paystack_client.cpython-310.pyc
 M afruheritage-platform/app/services/__pycache__/platform_payment_service.cpython-310.pyc
 D afruheritage-platform/app/services/__pycache__/runner_executor.cpython-310.pyc
 D afruheritage-platform/app/services/__pycache__/runner_selection.cpython-310.pyc
 D afruheritage-platform/app/services/__pycache__/runner_selection.cpython-313.pyc
 D afruheritage-platform/app/services/__pycache__/shipment_service.cpython-310.pyc
 D afruheritage-platform/app/services/__pycache__/support_crm_service.cpython-310.pyc
 D afruheritage-platform/app/services/__pycache__/tenant_ai_service.cpython-310.pyc
 D afruheritage-platform/app/services/__pycache__/tenant_branding_service.cpython-310.pyc
 D afruheritage-platform/app/services/__pycache__/vendor_service.cpython-310.pyc
 D afruheritage-platform/app/services/__pycache__/whatsapp_service.cpython-310.pyc
 M afruheritage-platform/app/services/billing_service.py
 M afruheritage-platform/app/services/kyc_service.py
 M afruheritage-platform/app/services/platform_payment_service.py
 M afruheritage-platform/app/services/shipment_service.py
 D afruheritage-platform/app/tasks/__pycache__/celery_app.cpython-310.pyc
 D afruheritage-platform/app/tasks/__pycache__/celery_app.cpython-313.pyc
 D afruheritage-platform/app/tasks/__pycache__/provisioning.cpython-310.pyc
 D afruheritage-platform/app/tasks/__pycache__/provisioning.cpython-313.pyc
 M afruheritage-platform/frontend/app/shipments/[id]/page.tsx
 M afruheritage-platform/frontend/components/landing/navigation.tsx
 M afruheritage-platform/frontend/lib/api.ts
 M afruheritage-platform/frontend/package.json
 M afruheritage-platform/smoke_test.py
 D afruheritage-platform/venv/bin/__pycache__/jp.cpython-310.pyc
 D afruheritage-platform/venv/lib/python3.10/site-packages/__pycache__/click_plugins.cpython-310.pyc
 D afruheritage-platform/venv/lib/python3.10/site-packages/__pycache__/six.cpython-310.pyc
 D afruheritage-platform/venv/lib/python3.10/site-packages/__pycache__/typing_extensions.cpython-310.pyc
 D afruheritage-platform/venv/lib/python3.10/site-packages/_distutils_hack/__pycache__/__init__.cpython-310.pyc
 D afruheritage-platform/venv/lib/python3.10/site-packages/_distutils_hack/__pycache__/override.cpython-310.pyc
 D afruheritage-platform/venv/lib/python3.10/site-packages/_yaml/__pycache__/__init__.cpython-310.pyc
 D afruheritage-platform/venv/lib/python3.10/site-packages/alembic/__pycache__/__init__.cpython-310.pyc
 D afruheritage-platform/venv/lib/python3.10/site-packages/alembic/__pycache__/__main__.cpython-310.pyc
 D afruheritage-platform/venv/lib/python3.10/site-packages/alembic/__pycache__/command.cpython-310.pyc
 D afruheritage-platform/venv/lib/python3.10/site-packages/alembic/__pycache__/config.cpython-310.pyc
 D afruheritage-platform/venv/lib/python3.10/site-packages/alembic/__pycache__/context.cpython-310.pyc
 D afruheritage-platform/venv/lib/python3.10/site-packages/alembic/__pycache__/environment.cpython-310.pyc
 D afruheritage-platform/venv/lib/python3.10/site-packages/alembic/__pycache__/migration.cpython-310.pyc
 D afruheritage-platform/venv/lib/python3.10/site-packages/alembic/__pycache__/op.cpython-310.pyc
 D afruheritage-platform/venv/lib/python3.10/site-packages/alembic/autogenerate/__pycache__/__init__.cpython-310.pyc
 D afruheritage-platform/venv/lib/python3.10/site-packages/alembic/autogenerate/__pycache__/api.cpython-310.pyc
 D afruheritage-platform/venv/lib/python3.10/site-packages/alembic/autogenerate/__pycache__/compare.cpython-310.pyc
 D afruheritage-platform/venv/lib/python3.10/site-packages/alembic/autogenerate/__pycache__/render.cpython-310.pyc
 D afruheritage-platform/venv/lib/python3.10/site-packages/alembic/autogenerate/__pycache__/rewriter.cpython-310.pyc
 D afruheritage-platform/venv/lib/python3.10/site-packages/alembic/ddl/__pycache__/__init__.cpython-310.pyc
 D afruheritage-platform/venv/lib/python3.10/site-packages/alembic/ddl/__pycache__/_autogen.cpython-310.pyc
 D afruheritage-platform/venv/lib/python3.10/site-packages/alembic/ddl/__pycache__/base.cpython-310.pyc
 D afruheritage-platform/venv/lib/python3.10/site-packages/alembic/ddl/__pycache__/impl.cpython-310.pyc
 D afruheritage-platform/venv/lib/python3.10/site-packages/alembic/ddl/__pycache__/mssql.cpython-310.pyc
 D afruheritage-platform/venv/lib/python3.10/site-packages/alembic/ddl/__pycache__/mysql.cpython-310.pyc
 D afruheritage-platform/venv/lib/python3.10/site-packages/alembic/ddl/__pycache__/oracle.cpython-310.pyc
 D afruheritage-platform/venv/lib/python3.10/site-packages/alembic/ddl/__pycache__/postgresql.cpython-310.pyc
 D afruheritage-platform/venv/lib/python3.10/site-packages/alembic/ddl/__pycache__/sqlite.cpython-310.pyc
 D afruheritage-platform/venv/lib/python3.10/site-packages/alembic/operations/__pycache__/__init__.cpython-310.pyc
 D afruheritage-platform/venv/lib/python3.10/site-packages/alembic/operations/__pycache__/base.cpython-310.pyc
 D afruheritage-platform/venv/lib/python3.10/site-packages/alembic/operations/__pycache__/batch.cpython-310.pyc
 D afruheritage-platform/venv/lib/python3.10/site-packages/alembic/operations/__pycache__/ops.cpython-310.pyc
 D afruheritage-platform/venv/lib/python3.10/site-packages/alembic/operations/__pycache__/schemaobj.cpython-310.pyc
 D afruheritage-platform/venv/lib/python3.10/site-packages/alembic/operations/__pycache__/toimpl.cpython-310.pyc
 D afruheritage-platform/venv/lib/python3.10/site-packages/alembic/runtime/__pycache__/__init__.cpython-310.pyc
 D afruheritage-platform/venv/lib/python3.10/site-packages/alembic/runtime/__pycache__/environment.cpython-310.pyc
 D afruheritage-platform/venv/lib/python3.10/site-packages/alembic/runtime/__pycache__/migration.cpython-310.pyc
 D afruheritage-platform/venv/lib/python3.10/site-packages/alembic/script/__pycache__/__init__.cpython-310.pyc
 D afruheritage-platform/venv/lib/python3.10/site-packages/alembic/script/__pycache__/base.cpython-310.pyc
 D afruheritage-platform/venv/lib/python3.10/site-packages/alembic/script/__pycache__/revision.cpython-310.pyc
 D afruheritage-platform/venv/lib/python3.10/site-packages/alembic/script/__pycache__/write_hooks.cpython-310.pyc
 D afruheritage-platform/venv/lib/python3.10/site-packages/alembic/templates/async/__pycache__/env.cpython-310.pyc
 D afruheritage-platform/venv/lib/python3.10/site-packages/alembic/templates/generic/__pycache__/env.cpython-310.pyc
 D afruheritage-platform/venv/lib/python3.10/site-packages/alembic/templates/multidb/__pycache__/env.cpython-310.pyc
 D afruheritage-platform/venv/lib/python3.10/site-packages/alembic/testing/__pycache__/__init__.cpython-310.pyc
 D afruheritage-platform/venv/lib/python3.10/site-packages/alembic/testing/__pycache__/assertions.cpython-310.pyc
 D afruheritage-platform/venv/lib/python3.10/site-packages/alembic/testing/__pycache__/env.cpython-310.pyc
 D afruheritage-platform/venv/lib/python3.10/site-packages/alembic/testing/__pycache__/fixtures.cpython-310.pyc
 D afruheritage-platform/venv/lib/python3.10/site-packages/alembic/testing/__pycache__/requirements.cpython-310.pyc
 D afruheritage-platform/venv/lib/python3.10/site-packages/alembic/testing/__pycache__/schemacompare.cpython-310.pyc
 D afruheritage-platform/venv/lib/python3.10/site-packages/alembic/testing/__pycache__/util.cpython-310.pyc
 D afruheritage-platform/venv/lib/python3.10/site-packages/alembic/testing/__pycache__/warnings.cpython-310.pyc
 D afruheritage-platform/venv/lib/python3.10/site-packages/alembic/testing/plugin/__pycache__/__init__.cpython-310.pyc
 D afruheritage-platform/venv/lib/python3.10/site-packages/alembic/testing/plugin/__pycache__/bootstrap.cpython-310.pyc
 D afruheritage-platform/venv/lib/python3.10/site-packages/alembic/testing/suite/__pycache__/__init__.cpython-310.pyc
 D afruheritage-platform/venv/lib/python3.10/site-packages/alembic/testing/suite/__pycache__/_autogen_fixtures.cpython-310.pyc
 D afruheritage-platform/venv/lib/python3.10/site-packages/alembic/testing/suite/__pycache__/test_autogen_comments.cpython-310.pyc
 D afruheritage-platform/venv/lib/python3.10/site-packages/alembic/testing/suite/__pycache__/test_autogen_computed.cpython-310.pyc
 D afruheritage-platform/venv/lib/python3.10/site-packages/alembic/testing/suite/__pycache__/test_autogen_diffs.cpython-310.pyc
 D afruheritage-platform/venv/lib/python3.10/site-packages/alembic/testing/suite/__pycache__/test_autogen_fks.cpython-310.pyc
 D afruheritage-platform/venv/lib/python3.10/site-packages/alembic/testing/suite/__pycache__/test_autogen_identity.cpython-310.pyc
 D afruheritage-platform/venv/lib/python3.10/site-packages/alembic/testing/suite/__pycache__/test_environment.cpython-310.pyc
 D afruheritage-platform/venv/lib/python3.10/site-packages/alembic/testing/suite/__pycache__/test_op.cpython-310.pyc
 D afruheritage-platform/venv/lib/python3.10/site-packages/alembic/util/__pycache__/__init__.cpython-310.pyc
 D afruheritage-platform/venv/lib/python3.10/site-packages/alembic/util/__pycache__/compat.cpython-310.pyc
 D afruheritage-platform/venv/lib/python3.10/site-packages/alembic/util/__pycache__/editor.cpython-310.pyc
 D afruheritage-platform/venv/lib/python3.10/site-packages/alembic/util/__pycache__/exc.cpython-310.pyc
 D afruheritage-platform/venv/lib/python3.10/site-packages/alembic/util/__pycache__/langhelpers.cpython-310.pyc
 D afruheritage-platform/venv/lib/python3.10/site-packages/alembic/util/__pycache__/messaging.cpython-310.pyc
 D afruheritage-platform/venv/lib/python3.10/site-packages/alembic/util/__pycache__/pyfiles.cpython-310.pyc
 D afruheritage-platform/venv/lib/python3.10/site-packages/alembic/util/__pycache__/sqla_compat.cpython-310.pyc
 D afruheritage-platform/venv/lib/python3.10/site-packages/amqp/__pycache__/__init__.cpython-310.pyc
 D afruheritage-platform/venv/lib/python3.10/site-packages/amqp/__pycache__/abstract_channel.cpython-310.pyc
 D afruheritage-platform/venv/lib/python3.10/site-packages/amqp/__pycache__/basic_message.cpython-310.pyc
 D afruheritage-platform/venv/lib/python3.10/site-packages/amqp/__pycache__/channel.cpython-310.pyc
 D afruheritage-platform/venv/lib/python3.10/site-packages/amqp/__pycache__/connection.cpython-310.pyc
 D afruheritage-platform/venv/lib/python3.10/site-packages/amqp/__pycache__/exceptions.cpython-310.pyc
 D afruheritage-platform/venv/lib/python3.10/site-packages/amqp/__pycache__/method_framing.cpython-310.pyc
 D afruheritage-platform/venv/lib/python3.10/site-packages/amqp/__pycache__/platform.cpython-310.pyc
 D afruheritage-platform/venv/lib/python3.10/site-packages/amqp/__pycache__/protocol.cpython-310.pyc
 D afruheritage-platform/venv/lib/python3.10/site-packages/amqp/__pycache__/sasl.cpython-310.pyc
 D afruheritage-platform/venv/lib/python3.10/site-packages/amqp/__pycache__/serialization.cpython-310.pyc
 D afruheritage-platform/venv/lib/python3.10/site-packages/amqp/__pycache__/spec.cpython-310.pyc
 D afruheritage-platform/venv/lib/python3.10/site-packages/amqp/__pycache__/transport.cpython-310.pyc
 D afruheritage-platform/venv/lib/python3.10/site-packages/amqp/__pycache__/utils.cpython-310.pyc
 D afruheritage-platform/venv/lib/python3.10/site-packages/annotated_types/__pycache__/__init__.cpython-310.pyc
 D afruheritage-platform/venv/lib/python3.10/site-packages/annotated_types/__pycache__/test_cases.cpython-310.pyc
 D afruheritage-platform/venv/lib/python3.10/site-packages/anyio/__pycache__/__init__.cpython-310.pyc
 D afruheritage-platform/venv/lib/python3.10/site-packages/anyio/__pycache__/from_thread.cpython-310.pyc
 D afruheritage-platform/venv/lib/python3.10/site-packages/anyio/__pycache__/functools.cpython-310.pyc
 D afruheritage-platform/venv/lib/python3.10/site-packages/anyio/__pycache__/lowlevel.cpython-310.pyc
 D afruheritage-platform/venv/lib/python3.10/site-packages/anyio/__pycache__/pytest_plugin.cpython-310.pyc
 D afruheritage-platform/venv/lib/python3.10/site-packages/anyio/__pycache__/to_interpreter.cpython-310.pyc
 D afruheritage-platform/venv/lib/python3.10/site-packages/anyio/__pycache__/to_process.cpython-310.pyc
 D afruheritage-platform/venv/lib/python3.10/site-packages/anyio/__pycache__/to_thread.cpython-310.pyc
 D afruheritage-platform/venv/lib/python3.10/site-packages/anyio/_backends/__pycache__/__init__.cpython-310.pyc
 D afruheritage-platform/venv/lib/python3.10/site-packages/anyio/_backends/__pycache__/_asyncio.cpython-310.pyc
 D afruheritage-platform/venv/lib/python3.10/site-packages/anyio/_backends/__pycache__/_trio.cpython-310.pyc
 D afruheritage-platform/venv/lib/python3.10/site-packages/anyio/_core/__pycache__/__init__.cpython-310.pyc
 D afruheritage-platform/venv/lib/python3.10/site-packages/anyio/_core/__pycache__/_asyncio_selector_thread.cpython-310.pyc
 D afruheritage-platform/venv/lib/python3.10/site-packages/anyio/_core/__pycache__/_contextmanagers.cpython-310.pyc
 D afruheritage-platform/venv/lib/python3.10/site-packages/anyio/_core/__pycache__/_eventloop.cpython-310.pyc
 D afruheritage-platform/venv/lib/python3.10/site-packages/anyio/_core/__pycache__/_exceptions.cpython-310.pyc
 D afruheritage-platform/venv/lib/python3.10/site-packages/anyio/_core/__pycache__/_fileio.cpython-310.pyc
 D afruheritage-platform/venv/lib/python3.10/site-packages/anyio/_core/__pycache__/_resources.cpython-310.pyc
 D afruheritage-platform/venv/lib/python3.10/site-packages/anyio/_core/__pycache__/_signals.cpython-310.pyc
 D afruheritage-platform/venv/lib/python3.10/site-packages/anyio/_core/__pycache__/_sockets.cpython-310.pyc
 D afruheritage-platform/venv/lib/python3.10/site-packages/anyio/_core/__pycache__/_streams.cpython-310.pyc
 D afruheritage-platform/venv/lib/python3.10/site-packages/anyio/_core/__pycache__/_subprocesses.cpython-310.pyc
 D afruheritage-platform/venv/lib/python3.10/site-packages/anyio/_core/__pycache__/_synchronization.cpython-310.pyc
 D afruheritage-platform/venv/lib/python3.10/site-packages/anyio/_core/__pycache__/_tasks.cpython-310.pyc
 D afruheritage-platform/venv/lib/python3.10/site-packages/anyio/_core/__pycache__/_tempfile.cpython-310.pyc
 D afruheritage-platform/venv/lib/python3.10/site-packages/anyio/_core/__pycache__/_testing.cpython-310.pyc
 D afruheritage-platform/venv/lib/python3.10/site-packages/anyio/_core/__pycache__/_typedattr.cpython-310.pyc
 D afruheritage-platform/venv/lib/python3.10/site-packages/anyio/abc/__pycache__/__init__.cpython-310.pyc
 D afruheritage-platform/venv/lib/python3.10/site-packages/anyio/abc/__pycache__/_eventloop.cpython-310.pyc
 D afruheritage-platform/venv/lib/python3.10/site-packages/anyio/abc/__pycache__/_resources.cpython-310.pyc
 D afruheritage-platform/venv/lib/python3.10/site-packages/anyio/abc/__pycache__/_sockets.cpython-310.pyc
 D afruheritage-platform/venv/lib/python3.10/site-packages/anyio/abc/__pycache__/_streams.cpython-310.pyc
 D afruheritage-platform/venv/lib/python3.10/site-packages/anyio/abc/__pycache__/_subprocesses.cpython-310.pyc
 D afruheritage-platform/venv/lib/python3.10/site-packages/anyio/abc/__pycache__/_tasks.cpython-310.pyc
 D afruheritage-platform/venv/lib/python3.10/site-packages/anyio/abc/__pycache__/_testing.cpython-310.pyc
 D afruheritage-platform/venv/lib/python3.10/site-packages/anyio/streams/__pycache__/__init__.cpython-310.pyc
 D afruheritage-platform/venv/lib/python3.10/site-packages/anyio/streams/__pycache__/buffered.cpython-310.pyc
 D afruheritage-platform/venv/lib/python3.10/site-packages/anyio/streams/__pycache__/file.cpython-310.pyc
 D afruheritage-platform/venv/lib/python3.10/site-packages/anyio/streams/__pycache__/memory.cpython-310.pyc
 D afruheritage-platform/venv/lib/python3.10/site-packages/anyio/streams/__pycache__/stapled.cpython-310.pyc
 D afruheritage-platform/venv/lib/python3.10/site-packages/anyio/streams/__pycache__/text.cpython-310.pyc
 D afruheritage-platform/venv/lib/python3.10/site-packages/anyio/streams/__pycache__/tls.cpython-310.pyc
 D afruheritage-platform/venv/lib/python3.10/site-packages/async_timeout/__pycache__/__init__.cpython-310.pyc
 D afruheritage-platform/venv/lib/python3.10/site-packages/bcrypt/__pycache__/__about__.cpython-310.pyc
 D afruheritage-platform/venv/lib/python3.10/site-packages/bcrypt/__pycache__/__init__.cpython-310.pyc
 D afruheritage-platform/venv/lib/python3.10/site-packages/billiard/__pycache__/__init__.cpython-310.pyc
 D afruheritage-platform/venv/lib/python3.10/site-packages/billiard/__pycache__/_ext.cpython-310.pyc
 D afruheritage-platform/venv/lib/python3.10/site-packages/billiard/__pycache__/_win.cpython-310.pyc
 D afruheritage-platform/venv/lib/python3.10/site-packages/billiard/__pycache__/common.cpython-310.pyc
 D afruheritage-platform/venv/lib/python3.10/site-packages/billiard/__pycache__/compat.cpython-310.pyc
 D afruheritage-platform/venv/lib/python3.10/site-packages/billiard/__pycache__/connection.cpython-310.pyc
 D afruheritage-platform/venv/lib/python3.10/site-packages/billiard/__pycache__/context.cpython-310.pyc
 D afruheritage-platform/venv/lib/python3.10/site-packages/billiard/__pycache__/einfo.cpython-310.pyc
 D afruheritage-platform/venv/lib/python3.10/site-packages/billiard/__pycache__/exceptions.cpython-310.pyc
 D afruheritage-platform/venv/lib/python3.10/site-packages/billiard/__pycache__/forkserver.cpython-310.pyc
 D afruheritage-platform/venv/lib/python3.10/site-packages/billiard/__pycache__/heap.cpython-310.pyc
 D afruheritage-platform/venv/lib/python3.10/site-packages/billiard/__pycache__/managers.cpython-310.pyc
 D afruheritage-platform/venv/lib/python3.10/site-packages/billiard/__pycache__/pool.cpython-310.pyc
 D afruheritage-platform/venv/lib/python3.10/site-packages/billiard/__pycache__/popen_fork.cpython-310.pyc
 D afruheritage-platform/venv/lib/python3.10/site-packages/billiard/__pycache__/popen_forkserver.cpython-310.pyc
 D afruheritage-platform/venv/lib/python3.10/site-packages/billiard/__pycache__/popen_spawn_posix.cpython-310.pyc
 D afruheritage-platform/venv/lib/python3.10/site-packages/billiard/__pycache__/popen_spawn_win32.cpython-310.pyc
 D afruheritage-platform/venv/lib/python3.10/site-packages/billiard/__pycache__/process.cpython-310.pyc
 D afruheritage-platform/venv/lib/python3.10/site-packages/billiard/__pycache__/queues.cpython-310.pyc
 D afruheritage-platform/venv/lib/python3.10/site-packages/billiard/__pycache__/reduction.cpython-310.pyc
 D afruheritage-platform/venv/lib/python3.10/site-packages/billiard/__pycache__/resource_sharer.cpython-310.pyc
 D afruheritage-platform/venv/lib/python3.10/site-packages/billiard/__pycache__/semaphore_tracker.cpython-310.pyc
 D afruheritage-platform/venv/lib/python3.10/site-packages/billiard/__pycache__/sharedctypes.cpython-310.pyc
 D afruheritage-platform/venv/lib/python3.10/site-packages/billiard/__pycache__/spawn.cpython-310.pyc
 D afruheritage-platform/venv/lib/python3.10/site-packages/billiard/__pycache__/synchronize.cpython-310.pyc
 D afruheritage-platform/venv/lib/python3.10/site-packages/billiard/__pycache__/util.cpython-310.pyc
 D afruheritage-platform/venv/lib/python3.10/site-packages/billiard/dummy/__pycache__/__init__.cpython-310.pyc
 D afruheritage-platform/venv/lib/python3.10/site-packages/billiard/dummy/__pycache__/connection.cpython-310.pyc
 D afruheritage-platform/venv/lib/python3.10/site-packages/boto3/__pycache__/__init__.cpython-310.pyc
 D afruheritage-platform/venv/lib/python3.10/site-packages/boto3/__pycache__/compat.cpython-310.pyc
 D afruheritage-platform/venv/lib/python3.10/site-packages/boto3/__pycache__/crt.cpython-310.pyc
 D afruheritage-platform/venv/lib/python3.10/site-packages/boto3/__pycache__/exceptions.cpython-310.pyc
 D afruheritage-platform/venv/lib/python3.10/site-packages/boto3/__pycache__/session.cpython-310.pyc
 D afruheritage-platform/venv/lib/python3.10/site-packages/boto3/__pycache__/utils.cpython-310.pyc
 D afruheritage-platform/venv/lib/python3.10/site-packages/boto3/docs/__pycache__/__init__.cpython-310.pyc
 D afruheritage-platform/venv/lib/python3.10/site-packages/boto3/docs/__pycache__/action.cpython-310.pyc
 D afruheritage-platform/venv/lib/python3.10/site-packages/boto3/docs/__pycache__/attr.cpython-310.pyc
 D afruheritage-platform/venv/lib/python3.10/site-packages/boto3/docs/__pycache__/base.cpython-310.pyc
 D afruheritage-platform/venv/lib/python3.10/site-packages/boto3/docs/__pycache__/client.cpython-310.pyc
 D afruheritage-platform/venv/lib/python3.10/site-packages/boto3/docs/__pycache__/collection.cpython-310.pyc
 D afruheritage-platform/venv/lib/python3.10/site-packages/boto3/docs/__pycache__/docstring.cpython-310.pyc
 D afruheritage-platform/venv/lib/python3.10/site-packages/boto3/docs/__pycache__/method.cpython-310.pyc
 D afruheritage-platform/venv/lib/python3.10/site-packages/boto3/docs/__pycache__/resource.cpython-310.pyc
 D afruheritage-platform/venv/lib/python3.10/site-packages/boto3/docs/__pycache__/service.cpython-310.pyc
 D afruheritage-platform/venv/lib/python3.10/site-packages/boto3/docs/__pycache__/subresource.cpython-310.pyc
 D afruheritage-platform/venv/lib/python3.10/site-packages/boto3/docs/__pycache__/utils.cpython-310.pyc
 D afruheritage-platform/venv/lib/python3.10/site-packages/boto3/docs/__pycache__/waiter.cpython-310.pyc
 D afruheritage-platform/venv/lib/python3.10/site-packages/boto3/dynamodb/__pycache__/__init__.cpython-310.pyc
 D afruheritage-platform/venv/lib/python3.10/site-packages/boto3/dynamodb/__pycache__/conditions.cpython-310.pyc
 D afruheritage-platform/venv/lib/python3.10/site-packages/boto3/dynamodb/__pycache__/table.cpython-310.pyc
 D afruheritage-platform/venv/lib/python3.10/site-packages/boto3/dynamodb/__pycache__/transform.cpython-310.pyc
 D afruheritage-platform/venv/lib/python3.10/site-packages/boto3/dynamodb/__pycache__/types.cpython-310.pyc
 D afruheritage-platform/venv/lib/python3.10/site-packages/boto3/ec2/__pycache__/__init__.cpython-310.pyc
 D afruheritage-platform/venv/lib/python3.10/site-packages/boto3/ec2/__pycache__/createtags.cpython-310.pyc
 D afruheritage-platform/venv/lib/python3.10/site-packages/boto3/ec2/__pycache__/deletetags.cpython-310.pyc
 D afruheritage-platform/venv/lib/python3.10/site-packages/boto3/resources/__pycache__/__init__.cpython-310.pyc
 D afruheritage-platform/venv/lib/python3.10/site-packages/boto3/resources/__pycache__/action.cpython-310.pyc
 D afruheritage-platform/venv/lib/python3.10/site-packages/boto3/resources/__pycache__/base.cpython-310.pyc
 D afruheritage-platform/venv/lib/python3.10/site-packages/boto3/resources/__pycache__/collection.cpython-310.pyc
 D afruheritage-platform/venv/lib/python3.10/site-packages/boto3/resources/__pycache__/factory.cpython-310.pyc
 D afruheritage-platform/venv/lib/python3.10/site-packages/boto3/resources/__pycache__/model.cpython-310.pyc
 D afruheritage-platform/venv/lib/python3.10/site-packages/boto3/resources/__pycache__/params.cpython-310.pyc
 D afruheritage-platform/venv/lib/python3.10/site-packages/boto3/resources/__pycache__/response.cpython-310.pyc
 D afruheritage-platform/venv/lib/python3.10/site-packages/boto3/s3/__pycache__/__init__.cpython-310.pyc
 D afruheritage-platform/venv/lib/python3.10/site-packages/boto3/s3/__pycache__/constants.cpython-310.pyc
 D afruheritage-platform/venv/lib/python3.10/site-packages/boto3/s3/__pycache__/inject.cpython-310.pyc
 D afruheritage-platform/venv/lib/python3.10/site-packages/boto3/s3/__pycache__/transfer.cpython-310.pyc
 D afruheritage-platform/venv/lib/python3.10/site-packages/botocore/__pycache__/__init__.cpython-310.pyc
 D afruheritage-platform/venv/lib/python3.10/site-packages/botocore/__pycache__/args.cpython-310.pyc
 D afruheritage-platform/venv/lib/python3.10/site-packages/botocore/__pycache__/auth.cpython-310.pyc
 D afruheritage-platform/venv/lib/python3.10/site-packages/botocore/__pycache__/awsrequest.cpython-310.pyc
 D afruheritage-platform/venv/lib/python3.10/site-packages/botocore/__pycache__/client.cpython-310.pyc
 D afruheritage-platform/venv/lib/python3.10/site-packages/botocore/__pycache__/compat.cpython-310.pyc
 D afruheritage-platform/venv/lib/python3.10/site-packages/botocore/__pycache__/compress.cpython-310.pyc
 D afruheritage-platform/venv/lib/python3.10/site-packages/botocore/__pycache__/config.cpython-310.pyc
 D afruheritage-platform/venv/lib/python3.10/site-packages/botocore/__pycache__/configloader.cpython-310.pyc
 D afruheritage-platform/venv/lib/python3.10/site-packages/botocore/__pycache__/configprovider.cpython-310.pyc
 D afruheritage-platform/venv/lib/python3.10/site-packages/botocore/__pycache__/credentials.cpython-310.pyc
 D afruheritage-platform/venv/lib/python3.10/site-packages/botocore/__pycache__/discovery.cpython-310.pyc
 D afruheritage-platform/venv/lib/python3.10/site-packages/botocore/__pycache__/endpoint.cpython-310.pyc
 D afruheritage-platform/venv/lib/python3.10/site-packages/botocore/__pycache__/endpoint_provider.cpython-310.pyc
 D afruheritage-platform/venv/lib/python3.10/site-packages/botocore/__pycache__/errorfactory.cpython-310.pyc
 D afruheritage-platform/venv/lib/python3.10/site-packages/botocore/__pycache__/eventstream.cpython-310.pyc
 D afruheritage-platform/venv/lib/python3.10/site-packages/botocore/__pycache__/exceptions.cpython-310.pyc
 D afruheritage-platform/venv/lib/python3.10/site-packages/botocore/__pycache__/handlers.cpython-310.pyc
 D afruheritage-platform/venv/lib/python3.10/site-packages/botocore/__pycache__/history.cpython-310.pyc
 D afruheritage-platform/venv/lib/python3.10/site-packages/botocore/__pycache__/hooks.cpython-310.pyc
 D afruheritage-platform/venv/lib/python3.10/site-packages/botocore/__pycache__/httpchecksum.cpython-310.pyc
 D afruheritage-platform/venv/lib/python3.10/site-packages/botocore/__pycache__/httpsession.cpython-310.pyc
 D afruheritage-platform/venv/lib/python3.10/site-packages/botocore/__pycache__/loaders.cpython-310.pyc
 D afruheritage-platform/venv/lib/python3.10/site-packages/botocore/__pycache__/model.cpython-310.pyc
 D afruheritage-platform/venv/lib/python3.10/site-packages/botocore/__pycache__/monitoring.cpython-310.pyc
 D afruheritage-platform/venv/lib/python3.10/site-packages/botocore/__pycache__/paginate.cpython-310.pyc
 D afruheritage-platform/venv/lib/python3.10/site-packages/botocore/__pycache__/parsers.cpython-310.pyc
 D afruheritage-platform/venv/lib/python3.10/site-packages/botocore/__pycache__/regions.cpython-310.pyc
 D afruheritage-platform/venv/lib/python3.10/site-packages/botocore/__pycache__/response.cpython-310.pyc
 D afruheritage-platform/venv/lib/python3.10/site-packages/botocore/__pycache__/retryhandler.cpython-310.pyc
 D afruheritage-platform/venv/lib/python3.10/site-packages/botocore/__pycache__/serialize.cpython-310.pyc
 D afruheritage-platform/venv/lib/python3.10/site-packages/botocore/__pycache__/session.cpython-310.pyc
 D afruheritage-platform/venv/lib/python3.10/site-packages/botocore/__pycache__/signers.cpython-310.pyc
 D afruheritage-platform/venv/lib/python3.10/site-packages/botocore/__pycache__/stub.cpython-310.pyc
 D afruheritage-platform/venv/lib/python3.10/site-packages/botocore/__pycache__/tokens.cpython-310.pyc
 D afruheritage-platform/venv/lib/python3.10/site-packages/botocore/__pycache__/translate.cpython-310.pyc
 D afruheritage-platform/venv/lib/python3.10/site-packages/botocore/__pycache__/useragent.cpython-310.pyc
 D afruheritage-platform/venv/lib/python3.10/site-packages/botocore/__pycache__/utils.cpython-310.pyc
 D afruheritage-platform/venv/lib/python3.10/site-packages/botocore/__pycache__/validate.cpython-310.pyc
 D afruheritage-platform/venv/lib/python3.10/site-packages/botocore/__pycache__/waiter.cpython-310.pyc
 D afruheritage-platform/venv/lib/python3.10/site-packages/botocore/crt/__pycache__/__init__.cpython-310.pyc
 D afruheritage-platform/venv/lib/python3.10/site-packages/botocore/crt/__pycache__/auth.cpython-310.pyc
 D afruheritage-platform/venv/lib/python3.10/site-packages/botocore/docs/__pycache__/__init__.cpython-310.pyc
 D afruheritage-platform/venv/lib/python3.10/site-packages/botocore/docs/__pycache__/client.cpython-310.pyc
 D afruheritage-platform/venv/lib/python3.10/site-packages/botocore/docs/__pycache__/docstring.cpython-310.pyc
 D afruheritage-platform/venv/lib/python3.10/site-packages/botocore/docs/__pycache__/example.cpython-310.pyc
 D afruheritage-platform/venv/lib/python3.10/site-packages/botocore/docs/__pycache__/method.cpython-310.pyc
 D afruheritage-platform/venv/lib/python3.10/site-packages/botocore/docs/__pycache__/paginator.cpython-310.pyc
 D afruheritage-platform/venv/lib/python3.10/site-packages/botocore/docs/__pycache__/params.cpython-310.pyc
 D afruheritage-platform/venv/lib/python3.10/site-packages/botocore/docs/__pycache__/service.cpython-310.pyc
 D afruheritage-platform/venv/lib/python3.10/site-packages/botocore/docs/__pycache__/shape.cpython-310.pyc
 D afruheritage-platform/venv/lib/python3.10/site-packages/botocore/docs/__pycache__/sharedexample.cpython-310.pyc
 D afruheritage-platform/venv/lib/python3.10/site-packages/botocore/docs/__pycache__/translator.cpython-310.pyc
 D afruheritage-platform/venv/lib/python3.10/site-packages/botocore/docs/__pycache__/utils.cpython-310.pyc
 D afruheritage-platform/venv/lib/python3.10/site-packages/botocore/docs/__pycache__/waiter.cpython-310.pyc
 D afruheritage-platform/venv/lib/python3.10/site-packages/botocore/docs/bcdoc/__pycache__/__init__.cpython-310.pyc
 D afruheritage-platform/venv/lib/python3.10/site-packages/botocore/docs/bcdoc/__pycache__/docstringparser.cpython-310.pyc
 D afruheritage-platform/venv/lib/python3.10/site-packages/botocore/docs/bcdoc/__pycache__/restdoc.cpython-310.pyc
 D afruheritage-platform/venv/lib/python3.10/site-packages/botocore/docs/bcdoc/__pycache__/style.cpython-310.pyc
 D afruheritage-platform/venv/lib/python3.10/site-packages/botocore/retries/__pycache__/__init__.cpython-310.pyc
 D afruheritage-platform/venv/lib/python3.10/site-packages/botocore/retries/__pycache__/adaptive.cpython-310.pyc
 D afruheritage-platform/venv/lib/python3.10/site-packages/botocore/retries/__pycache__/base.cpython-310.pyc
 D afruheritage-platform/venv/lib/python3.10/site-packages/botocore/retries/__pycache__/bucket.cpython-310.pyc
 D afruheritage-platform/venv/lib/python3.10/site-packages/botocore/retries/__pycache__/quota.cpython-310.pyc
 D afruheritage-platform/venv/lib/python3.10/site-packages/botocore/retries/__pycache__/special.cpython-310.pyc
 D afruheritage-platform/venv/lib/python3.10/site-packages/botocore/retries/__pycache__/standard.cpython-310.pyc
 D afruheritage-platform/venv/lib/python3.10/site-packages/botocore/retries/__pycache__/throttling.cpython-310.pyc
 D afruheritage-platform/venv/lib/python3.10/site-packages/botocore/vendored/__pycache__/__init__.cpython-310.pyc
 D afruheritage-platform/venv/lib/python3.10/site-packages/botocore/vendored/__pycache__/six.cpython-310.pyc
 D afruheritage-platform/venv/lib/python3.10/site-packages/botocore/vendored/requests/__pycache__/__init__.cpython-310.pyc
 D afruheritage-platform/venv/lib/python3.10/site-packages/botocore/vendored/requests/__pycache__/exceptions.cpython-310.pyc
 D afruheritage-platform/venv/lib/python3.10/site-packages/botocore/vendored/requests/packages/__pycache__/__init__.cpython-310.pyc
 D afruheritage-platform/venv/lib/python3.10/site-packages/botocore/vendored/requests/packages/urllib3/__pycache__/__init__.cpython-310.pyc
 D afruheritage-platform/venv/lib/python3.10/site-packages/botocore/vendored/requests/packages/urllib3/__pycache__/exceptions.cpython-310.pyc
 D afruheritage-platform/venv/lib/python3.10/site-packages/celery/__pycache__/__init__.cpython-310.pyc
 D afruheritage-platform/venv/lib/python3.10/site-packages/celery/__pycache__/__main__.cpython-310.pyc
 D afruheritage-platform/venv/lib/python3.10/site-packages/celery/__pycache__/_state.cpython-310.pyc
 D afruheritage-platform/venv/lib/python3.10/site-packages/celery/__pycache__/beat.cpython-310.pyc
 D afruheritage-platform/venv/lib/python3.10/site-packages/celery/__pycache__/bootsteps.cpython-310.pyc
 D afruheritage-platform/venv/lib/python3.10/site-packages/celery/__pycache__/canvas.cpython-310.pyc
 D afruheritage-platform/venv/lib/python3.10/site-packages/celery/__pycache__/exceptions.cpython-310.pyc
 D afruheritage-platform/venv/lib/python3.10/site-packages/celery/__pycache__/local.cpython-310.pyc
 D afruheritage-platform/venv/lib/python3.10/site-packages/celery/__pycache__/platforms.cpython-310.pyc
 D afruheritage-platform/venv/lib/python3.10/site-packages/celery/__pycache__/result.cpython-310.pyc
 D afruheritage-platform/venv/lib/python3.10/site-packages/celery/__pycache__/schedules.cpython-310.pyc
 D afruheritage-platform/venv/lib/python3.10/site-packages/celery/__pycache__/signals.cpython-310.pyc
 D afruheritage-platform/venv/lib/python3.10/site-packages/celery/__pycache__/states.cpython-310.pyc
 D afruheritage-platform/venv/lib/python3.10/site-packages/celery/app/__pycache__/__init__.cpython-310.pyc
 D afruheritage-platform/venv/lib/python3.10/site-packages/celery/app/__pycache__/amqp.cpython-310.pyc
 D afruheritage-platform/venv/lib/python3.10/site-packages/celery/app/__pycache__/annotations.cpython-310.pyc
 D afruheritage-platform/venv/lib/python3.10/site-packages/celery/app/__pycache__/autoretry.cpython-310.pyc
 D afruheritage-platform/venv/lib/python3.10/site-packages/celery/app/__pycache__/backends.cpython-310.pyc
 D afruheritage-platform/venv/lib/python3.10/site-packages/celery/app/__pycache__/base.cpython-310.pyc
 D afruheritage-platform/venv/lib/python3.10/site-packages/celery/app/__pycache__/builtins.cpython-310.pyc
 D afruheritage-platform/venv/lib/python3.10/site-packages/celery/app/__pycache__/control.cpython-310.pyc
 D afruheritage-platform/venv/lib/python3.10/site-packages/celery/app/__pycache__/defaults.cpython-310.pyc
 D afruheritage-platform/venv/lib/python3.10/site-packages/celery/app/__pycache__/events.cpython-310.pyc
 D afruheritage-platform/venv/lib/python3.10/site-packages/celery/app/__pycache__/log.cpython-310.pyc
 D afruheritage-platform/venv/lib/python3.10/site-packages/celery/app/__pycache__/registry.cpython-310.pyc
 D afruheritage-platform/venv/lib/python3.10/site-packages/celery/app/__pycache__/routes.cpython-310.pyc
 D afruheritage-platform/venv/lib/python3.10/site-packages/celery/app/__pycache__/task.cpython-310.pyc
 D afruheritage-platform/venv/lib/python3.10/site-packages/celery/app/__pycache__/trace.cpython-310.pyc
 D afruheritage-platform/venv/lib/python3.10/site-packages/celery/app/__pycache__/utils.cpython-310.pyc
 D afruheritage-platform/venv/lib/python3.10/site-packages/celery/apps/__pycache__/__init__.cpython-310.pyc
 D afruheritage-platform/venv/lib/python3.10/site-packages/celery/apps/__pycache__/beat.cpython-310.pyc
 D afruheritage-platform/venv/lib/python3.10/site-packages/celery/apps/__pycache__/multi.cpython-310.pyc
 D afruheritage-platform/venv/lib/python3.10/site-packages/celery/apps/__pycache__/worker.cpython-310.pyc
 D afruheritage-platform/venv/lib/python3.10/site-packages/celery/backends/__pycache__/__init__.cpython-310.pyc
 D afruheritage-platform/venv/lib/python3.10/site-packages/celery/backends/__pycache__/arangodb.cpython-310.pyc
 D afruheritage-platform/venv/lib/python3.10/site-packages/celery/backends/__pycache__/asynchronous.cpython-310.pyc
 D afruheritage-platform/venv/lib/python3.10/site-packages/celery/backends/__pycache__/azureblockblob.cpython-310.pyc
 D afruheritage-platform/venv/lib/python3.10/site-packages/celery/backends/__pycache__/base.cpython-310.pyc
 D afruheritage-platform/venv/lib/python3.10/site-packages/celery/backends/__pycache__/cache.cpython-310.pyc
 D afruheritage-platform/venv/lib/python3.10/site-packages/celery/backends/__pycache__/cassandra.cpython-310.pyc
 D afruheritage-platform/venv/lib/python3.10/site-packages/celery/backends/__pycache__/consul.cpython-310.pyc
 D afruheritage-platform/venv/lib/python3.10/site-packages/celery/backends/__pycache__/cosmosdbsql.cpython-310.pyc
 D afruheritage-platform/venv/lib/python3.10/site-packages/celery/backends/__pycache__/couchbase.cpython-310.pyc
 D afruheritage-platform/venv/lib/python3.10/site-packages/celery/backends/__pycache__/couchdb.cpython-310.pyc
 D afruheritage-platform/venv/lib/python3.10/site-packages/celery/backends/__pycache__/dynamodb.cpython-310.pyc
 D afruheritage-platform/venv/lib/python3.10/site-packages/celery/backends/__pycache__/elasticsearch.cpython-310.pyc
 D afruheritage-platform/venv/lib/python3.10/site-packages/celery/backends/__pycache__/filesystem.cpython-310.pyc
 D afruheritage-platform/venv/lib/python3.10/site-packages/celery/backends/__pycache__/gcs.cpython-310.pyc
 D afruheritage-platform/venv/lib/python3.10/site-packages/celery/backends/__pycache__/mongodb.cpython-310.pyc
 D afruheritage-platform/venv/lib/python3.10/site-packages/celery/backends/__pycache__/redis.cpython-310.pyc
 D afruheritage-platform/venv/lib/python3.10/site-packages/celery/backends/__pycache__/rpc.cpython-310.pyc
 D afruheritage-platform/venv/lib/python3.10/site-packages/celery/backends/__pycache__/s3.cpython-310.pyc
 D afruheritage-platform/venv/lib/python3.10/site-packages/celery/backends/database/__pycache__/__init__.cpython-310.pyc
 D afruheritage-platform/venv/lib/python3.10/site-packages/celery/backends/database/__pycache__/models.cpython-310.pyc
 D afruheritage-platform/venv/lib/python3.10/site-packages/celery/backends/database/__pycache__/session.cpython-310.pyc
 D afruheritage-platform/venv/lib/python3.10/site-packages/celery/bin/__pycache__/__init__.cpython-310.pyc
 D afruheritage-platform/venv/lib/python3.10/site-packages/celery/bin/__pycache__/amqp.cpython-310.pyc
 D afruheritage-platform/venv/lib/python3.10/site-packages/celery/bin/__pycache__/base.cpython-310.pyc
 D afruheritage-platform/venv/lib/python3.10/site-packages/celery/bin/__pycache__/beat.cpython-310.pyc
 D afruheritage-platform/venv/lib/python3.10/site-packages/celery/bin/__pycache__/call.cpython-310.pyc
 D afruheritage-platform/venv/lib/python3.10/site-packages/celery/bin/__pycache__/celery.cpython-310.pyc
 D afruheritage-platform/venv/lib/python3.10/site-packages/celery/bin/__pycache__/control.cpython-310.pyc
 D afruheritage-platform/venv/lib/python3.10/site-packages/celery/bin/__pycache__/events.cpython-310.pyc
 D afruheritage-platform/venv/lib/python3.10/site-packages/celery/bin/__pycache__/graph.cpython-310.pyc
 D afruheritage-platform/venv/lib/python3.10/site-packages/celery/bin/__pycache__/list.cpython-310.pyc
 D afruheritage-platform/venv/lib/python3.10/site-packages/celery/bin/__pycache__/logtool.cpython-310.pyc
 D afruheritage-platform/venv/lib/python3.10/site-packages/celery/bin/__pycache__/migrate.cpython-310.pyc
 D afruheritage-platform/venv/lib/python3.10/site-packages/celery/bin/__pycache__/multi.cpython-310.pyc
 D afruheritage-platform/venv/lib/python3.10/site-packages/celery/bin/__pycache__/purge.cpython-310.pyc
 D afruheritage-platform/venv/lib/python3.10/site-packages/celery/bin/__pycache__/result.cpython-310.pyc
 D afruheritage-platform/venv/lib/python3.10/site-packages/celery/bin/__pycache__/shell.cpython-310.pyc
 D afruheritage-platform/venv/lib/python3.10/site-packages/celery/bin/__pycache__/upgrade.cpython-310.pyc
 D afruheritage-platform/venv/lib/python3.10/site-packages/celery/bin/__pycache__/worker.cpython-310.pyc
 D afruheritage-platform/venv/lib/python3.10/site-packages/celery/concurrency/__pycache__/__init__.cpython-310.pyc
 D afruheritage-platform/venv/lib/python3.10/site-packages/celery/concurrency/__pycache__/asynpool.cpython-310.pyc
 D afruheritage-platform/venv/lib/python3.10/site-packages/celery/concurrency/__pycache__/base.cpython-310.pyc
 D afruheritage-platform/venv/lib/python3.10/site-packages/celery/concurrency/__pycache__/eventlet.cpython-310.pyc
 D afruheritage-platform/venv/lib/python3.10/site-packages/celery/concurrency/__pycache__/gevent.cpython-310.pyc
 D afruheritage-platform/venv/lib/python3.10/site-packages/celery/concurrency/__pycache__/prefork.cpython-310.pyc
 D afruheritage-platform/venv/lib/python3.10/site-packages/celery/concurrency/__pycache__/solo.cpython-310.pyc
 D afruheritage-platform/venv/lib/python3.10/site-packages/celery/concurrency/__pycache__/thread.cpython-310.pyc
 D afruheritage-platform/venv/lib/python3.10/site-packages/celery/contrib/__pycache__/__init__.cpython-310.pyc
 D afruheritage-platform/venv/lib/python3.10/site-packages/celery/contrib/__pycache__/abortable.cpython-310.pyc
 D afruheritage-platform/venv/lib/python3.10/site-packages/celery/contrib/__pycache__/migrate.cpython-310.pyc
 D afruheritage-platform/venv/lib/python3.10/site-packages/celery/contrib/__pycache__/pytest.cpython-310.pyc
 D afruheritage-platform/venv/lib/python3.10/site-packages/celery/contrib/__pycache__/rdb.cpython-310.pyc
 D afruheritage-platform/venv/lib/python3.10/site-packages/celery/contrib/__pycache__/sphinx.cpython-310.pyc
 D afruheritage-platform/venv/lib/python3.10/site-packages/celery/contrib/django/__pycache__/__init__.cpython-310.pyc
 D afruheritage-platform/venv/lib/python3.10/site-packages/celery/contrib/django/__pycache__/task.cpython-310.pyc
 D afruheritage-platform/venv/lib/python3.10/site-packages/celery/contrib/testing/__pycache__/__init__.cpython-310.pyc
 D afruheritage-platform/venv/lib/python3.10/site-packages/celery/contrib/testing/__pycache__/app.cpython-310.pyc
 D afruheritage-platform/venv/lib/python3.10/site-packages/celery/contrib/testing/__pycache__/manager.cpython-310.pyc
 D afruheritage-platform/venv/lib/python3.10/site-packages/celery/contrib/testing/__pycache__/mocks.cpython-310.pyc
 D afruheritage-platform/venv/lib/python3.10/site-packages/celery/contrib/testing/__pycache__/tasks.cpython-310.pyc
 D afruheritage-platform/venv/lib/python3.10/site-packages/celery/contrib/testing/__pycache__/worker.cpython-310.pyc
 D afruheritage-platform/venv/lib/python3.10/site-packages/celery/events/__pycache__/__init__.cpython-310.pyc
 D afruheritage-platform/venv/lib/python3.10/site-packages/celery/events/__pycache__/cursesmon.cpython-310.pyc
 D afruheritage-platform/venv/lib/python3.10/site-packages/celery/events/__pycache__/dispatcher.cpython-310.pyc
 D afruheritage-platform/venv/lib/python3.10/site-packages/celery/events/__pycache__/dumper.cpython-310.pyc
 D afruheritage-platform/venv/lib/python3.10/site-packages/celery/events/__pycache__/event.cpython-310.pyc
 D afruheritage-platform/venv/lib/python3.10/site-packages/celery/events/__pycache__/receiver.cpython-310.pyc
 D afruheritage-platform/venv/lib/python3.10/site-packages/celery/events/__pycache__/snapshot.cpython-310.pyc
 D afruheritage-platform/venv/lib/python3.10/site-packages/celery/events/__pycache__/state.cpython-310.pyc
 D afruheritage-platform/venv/lib/python3.10/site-packages/celery/fixups/__pycache__/__init__.cpython-310.pyc
 D afruheritage-platform/venv/lib/python3.10/site-packages/celery/fixups/__pycache__/django.cpython-310.pyc
 D afruheritage-platform/venv/lib/python3.10/site-packages/celery/loaders/__pycache__/__init__.cpython-310.pyc
 D afruheritage-platform/venv/lib/python3.10/site-packages/celery/loaders/__pycache__/app.cpython-310.pyc
 D afruheritage-platform/venv/lib/python3.10/site-packages/celery/loaders/__pycache__/base.cpython-310.pyc
 D afruheritage-platform/venv/lib/python3.10/site-packages/celery/loaders/__pycache__/default.cpython-310.pyc
 D afruheritage-platform/venv/lib/python3.10/site-packages/celery/security/__pycache__/__init__.cpython-310.pyc
 D afruheritage-platform/venv/lib/python3.10/site-packages/celery/security/__pycache__/certificate.cpython-310.pyc
 D afruheritage-platform/venv/lib/python3.10/site-packages/celery/security/__pycache__/key.cpython-310.pyc
 D afruheritage-platform/venv/lib/python3.10/site-packages/celery/security/__pycache__/serialization.cpython-310.pyc
 D afruheritage-platform/venv/lib/python3.10/site-packages/celery/security/__pycache__/utils.cpython-310.pyc
 D afruheritage-platform/venv/lib/python3.10/site-packages/celery/utils/__pycache__/__init__.cpython-310.pyc
 D afruheritage-platform/venv/lib/python3.10/site-packages/celery/utils/__pycache__/abstract.cpython-310.pyc
 D afruheritage-platform/venv/lib/python3.10/site-packages/celery/utils/__pycache__/annotations.cpython-310.pyc
 D afruheritage-platform/venv/lib/python3.10/site-packages/celery/utils/__pycache__/collections.cpython-310.pyc
 D afruheritage-platform/venv/lib/python3.10/site-packages/celery/utils/__pycache__/debug.cpython-310.pyc
 D afruheritage-platform/venv/lib/python3.10/site-packages/celery/utils/__pycache__/deprecated.cpython-310.pyc
 D afruheritage-platform/venv/lib/python3.10/site-packages/celery/utils/__pycache__/functional.cpython-310.pyc
 D afruheritage-platform/venv/lib/python3.10/site-packages/celery/utils/__pycache__/graph.cpython-310.pyc
 D afruheritage-platform/venv/lib/python3.10/site-packages/celery/utils/__pycache__/imports.cpython-310.pyc
 D afruheritage-platform/venv/lib/python3.10/site-packages/celery/utils/__pycache__/iso8601.cpython-310.pyc
 D afruheritage-platform/venv/lib/python3.10/site-packages/celery/utils/__pycache__/log.cpython-310.pyc
 D afruheritage-platform/venv/lib/python3.10/site-packages/celery/utils/__pycache__/nodenames.cpython-310.pyc
 D afruheritage-platform/venv/lib/python3.10/site-packages/celery/utils/__pycache__/objects.cpython-310.pyc
 D afruheritage-platform/venv/lib/python3.10/site-packages/celery/utils/__pycache__/quorum_queues.cpython-310.pyc
 D afruheritage-platform/venv/lib/python3.10/site-packages/celery/utils/__pycache__/saferepr.cpython-310.pyc
 D afruheritage-platform/venv/lib/python3.10/site-packages/celery/utils/__pycache__/serialization.cpython-310.pyc
 D afruheritage-platform/venv/lib/python3.10/site-packages/celery/utils/__pycache__/sysinfo.cpython-310.pyc
 D afruheritage-platform/venv/lib/python3.10/site-packages/celery/utils/__pycache__/term.cpython-310.pyc
 D afruheritage-platform/venv/lib/python3.10/site-packages/celery/utils/__pycache__/text.cpython-310.pyc
 D afruheritage-platform/venv/lib/python3.10/site-packages/celery/utils/__pycache__/threads.cpython-310.pyc
 D afruheritage-platform/venv/lib/python3.10/site-packages/celery/utils/__pycache__/time.cpython-310.pyc
 D afruheritage-platform/venv/lib/python3.10/site-packages/celery/utils/__pycache__/timer2.cpython-310.pyc
 D afruheritage-platform/venv/lib/python3.10/site-packages/celery/utils/dispatch/__pycache__/__init__.cpython-310.pyc
 D afruheritage-platform/venv/lib/python3.10/site-packages/celery/utils/dispatch/__pycache__/signal.cpython-310.pyc
 D afruheritage-platform/venv/lib/python3.10/site-packages/celery/utils/static/__pycache__/__init__.cpython-310.pyc
 D afruheritage-platform/venv/lib/python3.10/site-packages/celery/worker/__pycache__/__init__.cpython-310.pyc
 D afruheritage-platform/venv/lib/python3.10/site-packages/celery/worker/__pycache__/autoscale.cpython-310.pyc
 D afruheritage-platform/venv/lib/python3.10/site-packages/celery/worker/__pycache__/components.cpython-310.pyc
 D afruheritage-platform/venv/lib/python3.10/site-packages/celery/worker/__pycache__/control.cpython-310.pyc
 D afruheritage-platform/venv/lib/python3.10/site-packages/celery/worker/__pycache__/heartbeat.cpython-310.pyc
 D afruheritage-platform/venv/lib/python3.10/site-packages/celery/worker/__pycache__/loops.cpython-310.pyc
 D afruheritage-platform/venv/lib/python3.10/site-packages/celery/worker/__pycache__/pidbox.cpython-310.pyc
 D afruheritage-platform/venv/lib/python3.10/site-packages/celery/worker/__pycache__/request.cpython-310.pyc
 D afruheritage-platform/venv/lib/python3.10/site-packages/celery/worker/__pycache__/state.cpython-310.pyc
 D afruheritage-platform/venv/lib/python3.10/site-packages/celery/worker/__pycache__/strategy.cpython-310.pyc
 D afruheritage-platform/venv/lib/python3.10/site-packages/celery/worker/__pycache__/worker.cpython-310.pyc
 D afruheritage-platform/venv/lib/python3.10/site-packages/celery/worker/consumer/__pycache__/__init__.cpython-310.pyc
 D afruheritage-platform/venv/lib/python3.10/site-packages/celery/worker/consumer/__pycache__/agent.cpython-310.pyc
 D afruheritage-platform/venv/lib/python3.10/site-packages/celery/worker/consumer/__pycache__/connection.cpython-310.pyc
 D afruheritage-platform/venv/lib/python3.10/site-packages/celery/worker/consumer/__pycache__/consumer.cpython-310.pyc
 D afruheritage-platform/venv/lib/python3.10/site-packages/celery/worker/consumer/__pycache__/control.cpython-310.pyc
 D afruheritage-platform/venv/lib/python3.10/site-packages/celery/worker/consumer/__pycache__/delayed_delivery.cpython-310.pyc
 D afruheritage-platform/venv/lib/python3.10/site-packages/celery/worker/consumer/__pycache__/events.cpython-310.pyc
 D afruheritage-platform/venv/lib/python3.10/site-packages/celery/worker/consumer/__pycache__/gossip.cpython-310.pyc
 D afruheritage-platform/venv/lib/python3.10/site-packages/celery/worker/consumer/__pycache__/heart.cpython-310.pyc
 D afruheritage-platform/venv/lib/python3.10/site-packages/celery/worker/consumer/__pycache__/mingle.cpython-310.pyc
 D afruheritage-platform/venv/lib/python3.10/site-packages/celery/worker/consumer/__pycache__/tasks.cpython-310.pyc
 D afruheritage-platform/venv/lib/python3.10/site-packages/certifi/__pycache__/__init__.cpython-310.pyc
 D afruheritage-platform/venv/lib/python3.10/site-packages/certifi/__pycache__/__main__.cpython-310.pyc
 D afruheritage-platform/venv/lib/python3.10/site-packages/certifi/__pycache__/core.cpython-310.pyc
 D afruheritage-platform/venv/lib/python3.10/site-packages/cffi/__pycache__/__init__.cpython-310.pyc
 D afruheritage-platform/venv/lib/python3.10/site-packages/cffi/__pycache__/_imp_emulation.cpython-310.pyc
 D afruheritage-platform/venv/lib/python3.10/site-packages/cffi/__pycache__/_shimmed_dist_utils.cpython-310.pyc
 D afruheritage-platform/venv/lib/python3.10/site-packages/cffi/__pycache__/api.cpython-310.pyc
 D afruheritage-platform/venv/lib/python3.10/site-packages/cffi/__pycache__/backend_ctypes.cpython-310.pyc
 D afruheritage-platform/venv/lib/python3.10/site-packages/cffi/__pycache__/cffi_opcode.cpython-310.pyc
 D afruheritage-platform/venv/lib/python3.10/site-packages/cffi/__pycache__/commontypes.cpython-310.pyc
 D afruheritage-platform/venv/lib/python3.10/site-packages/cffi/__pycache__/cparser.cpython-310.pyc
 D afruheritage-platform/venv/lib/python3.10/site-packages/cffi/__pycache__/error.cpython-310.pyc
 D afruheritage-platform/venv/lib/python3.10/site-packages/cffi/__pycache__/ffiplatform.cpython-310.pyc
 D afruheritage-platform/venv/lib/python3.10/site-packages/cffi/__pycache__/lock.cpython-310.pyc
 D afruheritage-platform/venv/lib/python3.10/site-packages/cffi/__pycache__/model.cpython-310.pyc
 D afruheritage-platform/venv/lib/python3.10/site-packages/cffi/__pycache__/pkgconfig.cpython-310.pyc
 D afruheritage-platform/venv/lib/python3.10/site-packages/cffi/__pycache__/recompiler.cpython-310.pyc
 D afruheritage-platform/venv/lib/python3.10/site-packages/cffi/__pycache__/setuptools_ext.cpython-310.pyc
 D afruheritage-platform/venv/lib/python3.10/site-packages/cffi/__pycache__/vengine_cpy.cpython-310.pyc
 D afruheritage-platform/venv/lib/python3.10/site-packages/cffi/__pycache__/vengine_gen.cpython-310.pyc
 D afruheritage-platform/venv/lib/python3.10/site-packages/cffi/__pycache__/verifier.cpython-310.pyc
 D afruheritage-platform/venv/lib/python3.10/site-packages/click/__pycache__/__init__.cpython-310.pyc
 D afruheritage-platform/venv/lib/python3.10/site-packages/click/__pycache__/_compat.cpython-310.pyc
 D afruheritage-platform/venv/lib/python3.10/site-packages/click/__pycache__/_termui_impl.cpython-310.pyc
 D afruheritage-platform/venv/lib/python3.10/site-packages/click/__pycache__/_textwrap.cpython-310.pyc
 D afruheritage-platform/venv/lib/python3.10/site-packages/click/__pycache__/_utils.cpython-310.pyc
 D afruheritage-platform/venv/lib/python3.10/site-packages/click/__pycache__/_winconsole.cpython-310.pyc
 D afruheritage-platform/venv/lib/python3.10/site-packages/click/__pycache__/core.cpython-310.pyc
 D afruheritage-platform/venv/lib/python3.10/site-packages/click/__pycache__/decorators.cpython-310.pyc
 D afruheritage-platform/venv/lib/python3.10/site-packages/click/__pycache__/exceptions.cpython-310.pyc
 D afruheritage-platform/venv/lib/python3.10/site-packages/click/__pycache__/formatting.cpython-310.pyc
 D afruheritage-platform/venv/lib/python3.10/site-packages/click/__pycache__/globals.cpython-310.pyc
 D afruheritage-platform/venv/lib/python3.10/site-packages/click/__pycache__/parser.cpython-310.pyc
 D afruheritage-platform/venv/lib/python3.10/site-packages/click/__pycache__/shell_completion.cpython-310.pyc
 D afruheritage-platform/venv/lib/python3.10/site-packages/click/__pycache__/termui.cpython-310.pyc
 D afruheritage-platform/venv/lib/python3.10/site-packages/click/__pycache__/testing.cpython-310.pyc
 D afruheritage-platform/venv/lib/python3.10/site-packages/click/__pycache__/types.cpython-310.pyc
 D afruheritage-platform/venv/lib/python3.10/site-packages/click/__pycache__/utils.cpython-310.pyc
 D afruheritage-platform/venv/lib/python3.10/site-packages/click_didyoumean/__pycache__/__init__.cpython-310.pyc
 D afruheritage-platform/venv/lib/python3.10/site-packages/click_plugins/__pycache__/__init__.cpython-310.pyc
 D afruheritage-platform/venv/lib/python3.10/site-packages/click_plugins/__pycache__/core.cpython-310.pyc
 D afruheritage-platform/venv/lib/python3.10/site-packages/click_repl/__pycache__/__init__.cpython-310.pyc
 D afruheritage-platform/venv/lib/python3.10/site-packages/click_repl/__pycache__/_completer.cpython-310.pyc
 D afruheritage-platform/venv/lib/python3.10/site-packages/click_repl/__pycache__/_repl.cpython-310.pyc
 D afruheritage-platform/venv/lib/python3.10/site-packages/click_repl/__pycache__/exceptions.cpython-310.pyc
 D afruheritage-platform/venv/lib/python3.10/site-packages/click_repl/__pycache__/utils.cpython-310.pyc
 D afruheritage-platform/venv/lib/python3.10/site-packages/cryptography/__pycache__/__about__.cpython-310.pyc
 D afruheritage-platform/venv/lib/python3.10/site-packages/cryptography/__pycache__/__init__.cpython-310.pyc
 D afruheritage-platform/venv/lib/python3.10/site-packages/cryptography/__pycache__/exceptions.cpython-310.pyc
 D afruheritage-platform/venv/lib/python3.10/site-packages/cryptography/__pycache__/fernet.cpython-310.pyc
 D afruheritage-platform/venv/lib/python3.10/site-packages/cryptography/__pycache__/utils.cpython-310.pyc
 D afruheritage-platform/venv/lib/python3.10/site-packages/cryptography/hazmat/__pycache__/__init__.cpython-310.pyc
 D afruheritage-platform/venv/lib/python3.10/site-packages/cryptography/hazmat/__pycache__/_oid.cpython-310.pyc
 D afruheritage-platform/venv/lib/python3.10/site-packages/cryptography/hazmat/asn1/__pycache__/__init__.cpython-310.pyc
 D afruheritage-platform/venv/lib/python3.10/site-packages/cryptography/hazmat/asn1/__pycache__/asn1.cpython-310.pyc
 D afruheritage-platform/venv/lib/python3.10/site-packages/cryptography/hazmat/backends/__pycache__/__init__.cpython-310.pyc
 D afruheritage-platform/venv/lib/python3.10/site-packages/cryptography/hazmat/backends/openssl/__pycache__/__init__.cpython-310.pyc
 D afruheritage-platform/venv/lib/python3.10/site-packages/cryptography/hazmat/backends/openssl/__pycache__/backend.cpython-310.pyc
 D afruheritage-platform/venv/lib/python3.10/site-packages/cryptography/hazmat/bindings/__pycache__/__init__.cpython-310.pyc
 D afruheritage-platform/venv/lib/python3.10/site-packages/cryptography/hazmat/bindings/openssl/__pycache__/__init__.cpython-310.pyc
 D afruheritage-platform/venv/lib/python3.10/site-packages/cryptography/hazmat/bindings/openssl/__pycache__/_conditional.cpython-310.pyc
 D afruheritage-platform/venv/lib/python3.10/site-packages/cryptography/hazmat/bindings/openssl/__pycache__/binding.cpython-310.pyc
 D afruheritage-platform/venv/lib/python3.10/site-packages/cryptography/hazmat/decrepit/__pycache__/__init__.cpython-310.pyc
 D afruheritage-platform/venv/lib/python3.10/site-packages/cryptography/hazmat/decrepit/ciphers/__pycache__/__init__.cpython-310.pyc
 D afruheritage-platform/venv/lib/python3.10/site-packages/cryptography/hazmat/decrepit/ciphers/__pycache__/algorithms.cpython-310.pyc
 D afruheritage-platform/venv/lib/python3.10/site-packages/cryptography/hazmat/primitives/__pycache__/__init__.cpython-310.pyc
 D afruheritage-platform/venv/lib/python3.10/site-packages/cryptography/hazmat/primitives/__pycache__/_asymmetric.cpython-310.pyc
 D afruheritage-platform/venv/lib/python3.10/site-packages/cryptography/hazmat/primitives/__pycache__/_cipheralgorithm.cpython-310.pyc
 D afruheritage-platform/venv/lib/python3.10/site-packages/cryptography/hazmat/primitives/__pycache__/_serialization.cpython-310.pyc
 D afruheritage-platform/venv/lib/python3.10/site-packages/cryptography/hazmat/primitives/__pycache__/cmac.cpython-310.pyc
 D afruheritage-platform/venv/lib/python3.10/site-packages/cryptography/hazmat/primitives/__pycache__/constant_time.cpython-310.pyc
 D afruheritage-platform/venv/lib/python3.10/site-packages/cryptography/hazmat/primitives/__pycache__/hashes.cpython-310.pyc
 D afruheritage-platform/venv/lib/python3.10/site-packages/cryptography/hazmat/primitives/__pycache__/hmac.cpython-310.pyc
 D afruheritage-platform/venv/lib/python3.10/site-packages/cryptography/hazmat/primitives/__pycache__/keywrap.cpython-310.pyc
 D afruheritage-platform/venv/lib/python3.10/site-packages/cryptography/hazmat/primitives/__pycache__/padding.cpython-310.pyc
 D afruheritage-platform/venv/lib/python3.10/site-packages/cryptography/hazmat/primitives/__pycache__/poly1305.cpython-310.pyc
 D afruheritage-platform/venv/lib/python3.10/site-packages/cryptography/hazmat/primitives/asymmetric/__pycache__/__init__.cpython-310.pyc
 D afruheritage-platform/venv/lib/python3.10/site-packages/cryptography/hazmat/primitives/asymmetric/__pycache__/dh.cpython-310.pyc
 D afruheritage-platform/venv/lib/python3.10/site-packages/cryptography/hazmat/primitives/asymmetric/__pycache__/dsa.cpython-310.pyc
 D afruheritage-platform/venv/lib/python3.10/site-packages/cryptography/hazmat/primitives/asymmetric/__pycache__/ec.cpython-310.pyc
 D afruheritage-platform/venv/lib/python3.10/site-packages/cryptography/hazmat/primitives/asymmetric/__pycache__/ed25519.cpython-310.pyc
 D afruheritage-platform/venv/lib/python3.10/site-packages/cryptography/hazmat/primitives/asymmetric/__pycache__/ed448.cpython-310.pyc
 D afruheritage-platform/venv/lib/python3.10/site-packages/cryptography/hazmat/primitives/asymmetric/__pycache__/padding.cpython-310.pyc
 D afruheritage-platform/venv/lib/python3.10/site-packages/cryptography/hazmat/primitives/asymmetric/__pycache__/rsa.cpython-310.pyc
 D afruheritage-platform/venv/lib/python3.10/site-packages/cryptography/hazmat/primitives/asymmetric/__pycache__/types.cpython-310.pyc
 D afruheritage-platform/venv/lib/python3.10/site-packages/cryptography/hazmat/primitives/asymmetric/__pycache__/utils.cpython-310.pyc
 D afruheritage-platform/venv/lib/python3.10/site-packages/cryptography/hazmat/primitives/asymmetric/__pycache__/x25519.cpython-310.pyc
 D afruheritage-platform/venv/lib/python3.10/site-packages/cryptography/hazmat/primitives/asymmetric/__pycache__/x448.cpython-310.pyc
 D afruheritage-platform/venv/lib/python3.10/site-packages/cryptography/hazmat/primitives/ciphers/__pycache__/__init__.cpython-310.pyc
 D afruheritage-platform/venv/lib/python3.10/site-packages/cryptography/hazmat/primitives/ciphers/__pycache__/aead.cpython-310.pyc
 D afruheritage-platform/venv/lib/python3.10/site-packages/cryptography/hazmat/primitives/ciphers/__pycache__/algorithms.cpython-310.pyc
 D afruheritage-platform/venv/lib/python3.10/site-packages/cryptography/hazmat/primitives/ciphers/__pycache__/base.cpython-310.pyc
 D afruheritage-platform/venv/lib/python3.10/site-packages/cryptography/hazmat/primitives/ciphers/__pycache__/modes.cpython-310.pyc
 D afruheritage-platform/venv/lib/python3.10/site-packages/cryptography/hazmat/primitives/kdf/__pycache__/__init__.cpython-310.pyc
 D afruheritage-platform/venv/lib/python3.10/site-packages/cryptography/hazmat/primitives/kdf/__pycache__/argon2.cpython-310.pyc
 D afruheritage-platform/venv/lib/python3.10/site-packages/cryptography/hazmat/primitives/kdf/__pycache__/concatkdf.cpython-310.pyc
 D afruheritage-platform/venv/lib/python3.10/site-packages/cryptography/hazmat/primitives/kdf/__pycache__/hkdf.cpython-310.pyc
 D afruheritage-platform/venv/lib/python3.10/site-packages/cryptography/hazmat/primitives/kdf/__pycache__/kbkdf.cpython-310.pyc
 D afruheritage-platform/venv/lib/python3.10/site-packages/cryptography/hazmat/primitives/kdf/__pycache__/pbkdf2.cpython-310.pyc
 D afruheritage-platform/venv/lib/python3.10/site-packages/cryptography/hazmat/primitives/kdf/__pycache__/scrypt.cpython-310.pyc
 D afruheritage-platform/venv/lib/python3.10/site-packages/cryptography/hazmat/primitives/kdf/__pycache__/x963kdf.cpython-310.pyc
 D afruheritage-platform/venv/lib/python3.10/site-packages/cryptography/hazmat/primitives/serialization/__pycache__/__init__.cpython-310.pyc
 D afruheritage-platform/venv/lib/python3.10/site-packages/cryptography/hazmat/primitives/serialization/__pycache__/base.cpython-310.pyc
 D afruheritage-platform/venv/lib/python3.10/site-packages/cryptography/hazmat/primitives/serialization/__pycache__/pkcs12.cpython-310.pyc
 D afruheritage-platform/venv/lib/python3.10/site-packages/cryptography/hazmat/primitives/serialization/__pycache__/pkcs7.cpython-310.pyc
 D afruheritage-platform/venv/lib/python3.10/site-packages/cryptography/hazmat/primitives/serialization/__pycache__/ssh.cpython-310.pyc
 D afruheritage-platform/venv/lib/python3.10/site-packages/cryptography/hazmat/primitives/twofactor/__pycache__/__init__.cpython-310.pyc
 D afruheritage-platform/venv/lib/python3.10/site-packages/cryptography/hazmat/primitives/twofactor/__pycache__/hotp.cpython-310.pyc
 D afruheritage-platform/venv/lib/python3.10/site-packages/cryptography/hazmat/primitives/twofactor/__pycache__/totp.cpython-310.pyc
 D afruheritage-platform/venv/lib/python3.10/site-packages/cryptography/x509/__pycache__/__init__.cpython-310.pyc
 D afruheritage-platform/venv/lib/python3.10/site-packages/cryptography/x509/__pycache__/base.cpython-310.pyc
 D afruheritage-platform/venv/lib/python3.10/site-packages/cryptography/x509/__pycache__/certificate_transparency.cpython-310.pyc
 D afruheritage-platform/venv/lib/python3.10/site-packages/cryptography/x509/__pycache__/extensions.cpython-310.pyc
 D afruheritage-platform/venv/lib/python3.10/site-packages/cryptography/x509/__pycache__/general_name.cpython-310.pyc
 D afruheritage-platform/venv/lib/python3.10/site-packages/cryptography/x509/__pycache__/name.cpython-310.pyc
 D afruheritage-platform/venv/lib/python3.10/site-packages/cryptography/x509/__pycache__/ocsp.cpython-310.pyc
 D afruheritage-platform/venv/lib/python3.10/site-packages/cryptography/x509/__pycache__/oid.cpython-310.pyc
 D afruheritage-platform/venv/lib/python3.10/site-packages/cryptography/x509/__pycache__/verification.cpython-310.pyc
 D afruheritage-platform/venv/lib/python3.10/site-packages/dateutil/__pycache__/__init__.cpython-310.pyc
 D afruheritage-platform/venv/lib/python3.10/site-packages/dateutil/__pycache__/_common.cpython-310.pyc
 D afruheritage-platform/venv/lib/python3.10/site-packages/dateutil/__pycache__/_version.cpython-310.pyc
 D afruheritage-platform/venv/lib/python3.10/site-packages/dateutil/__pycache__/easter.cpython-310.pyc
 D afruheritage-platform/venv/lib/python3.10/site-packages/dateutil/__pycache__/relativedelta.cpython-310.pyc
 D afruheritage-platform/venv/lib/python3.10/site-packages/dateutil/__pycache__/rrule.cpython-310.pyc
 D afruheritage-platform/venv/lib/python3.10/site-packages/dateutil/__pycache__/tzwin.cpython-310.pyc
 D afruheritage-platform/venv/lib/python3.10/site-packages/dateutil/__pycache__/utils.cpython-310.pyc
 D afruheritage-platform/venv/lib/python3.10/site-packages/dateutil/parser/__pycache__/__init__.cpython-310.pyc
 D afruheritage-platform/venv/lib/python3.10/site-packages/dateutil/parser/__pycache__/_parser.cpython-310.pyc
 D afruheritage-platform/venv/lib/python3.10/site-packages/dateutil/parser/__pycache__/isoparser.cpython-310.pyc
 D afruheritage-platform/venv/lib/python3.10/site-packages/dateutil/tz/__pycache__/__init__.cpython-310.pyc
 D afruheritage-platform/venv/lib/python3.10/site-packages/dateutil/tz/__pycache__/_common.cpython-310.pyc
 D afruheritage-platform/venv/lib/python3.10/site-packages/dateutil/tz/__pycache__/_factories.cpython-310.pyc
 D afruheritage-platform/venv/lib/python3.10/site-packages/dateutil/tz/__pycache__/tz.cpython-310.pyc
 D afruheritage-platform/venv/lib/python3.10/site-packages/dateutil/tz/__pycache__/win.cpython-310.pyc
 D afruheritage-platform/venv/lib/python3.10/site-packages/dateutil/zoneinfo/__pycache__/__init__.cpython-310.pyc
 D afruheritage-platform/venv/lib/python3.10/site-packages/dateutil/zoneinfo/__pycache__/rebuild.cpython-310.pyc
 D afruheritage-platform/venv/lib/python3.10/site-packages/deprecated/__pycache__/__init__.cpython-310.pyc
 D afruheritage-platform/venv/lib/python3.10/site-packages/deprecated/__pycache__/classic.cpython-310.pyc
 D afruheritage-platform/venv/lib/python3.10/site-packages/deprecated/__pycache__/params.cpython-310.pyc
 D afruheritage-platform/venv/lib/python3.10/site-packages/deprecated/__pycache__/sphinx.cpython-310.pyc
 D afruheritage-platform/venv/lib/python3.10/site-packages/dns/__pycache__/__init__.cpython-310.pyc
 D afruheritage-platform/venv/lib/python3.10/site-packages/dns/__pycache__/_asyncbackend.cpython-310.pyc
 D afruheritage-platform/venv/lib/python3.10/site-packages/dns/__pycache__/_asyncio_backend.cpython-310.pyc
 D afruheritage-platform/venv/lib/python3.10/site-packages/dns/__pycache__/_ddr.cpython-310.pyc
 D afruheritage-platform/venv/lib/python3.10/site-packages/dns/__pycache__/_features.cpython-310.pyc
 D afruheritage-platform/venv/lib/python3.10/site-packages/dns/__pycache__/_immutable_ctx.cpython-310.pyc
 D afruheritage-platform/venv/lib/python3.10/site-packages/dns/__pycache__/_no_ssl.cpython-310.pyc
 D afruheritage-platform/venv/lib/python3.10/site-packages/dns/__pycache__/_tls_util.cpython-310.pyc
 D afruheritage-platform/venv/lib/python3.10/site-packages/dns/__pycache__/_trio_backend.cpython-310.pyc
 D afruheritage-platform/venv/lib/python3.10/site-packages/dns/__pycache__/asyncbackend.cpython-310.pyc
 D afruheritage-platform/venv/lib/python3.10/site-packages/dns/__pycache__/asyncquery.cpython-310.pyc
 D afruheritage-platform/venv/lib/python3.10/site-packages/dns/__pycache__/asyncresolver.cpython-310.pyc
 D afruheritage-platform/venv/lib/python3.10/site-packages/dns/__pycache__/btree.cpython-310.pyc
 D afruheritage-platform/venv/lib/python3.10/site-packages/dns/__pycache__/btreezone.cpython-310.pyc
 D afruheritage-platform/venv/lib/python3.10/site-packages/dns/__pycache__/dnssec.cpython-310.pyc
 D afruheritage-platform/venv/lib/python3.10/site-packages/dns/__pycache__/dnssectypes.cpython-310.pyc
 D afruheritage-platform/venv/lib/python3.10/site-packages/dns/__pycache__/e164.cpython-310.pyc
 D afruheritage-platform/venv/lib/python3.10/site-packages/dns/__pycache__/edns.cpython-310.pyc
 D afruheritage-platform/venv/lib/python3.10/site-packages/dns/__pycache__/entropy.cpython-310.pyc
 D afruheritage-platform/venv/lib/python3.10/site-packages/dns/__pycache__/enum.cpython-310.pyc
 D afruheritage-platform/venv/lib/python3.10/site-packages/dns/__pycache__/exception.cpython-310.pyc
 D afruheritage-platform/venv/lib/python3.10/site-packages/dns/__pycache__/flags.cpython-310.pyc
 D afruheritage-platform/venv/lib/python3.10/site-packages/dns/__pycache__/grange.cpython-310.pyc
 D afruheritage-platform/venv/lib/python3.10/site-packages/dns/__pycache__/immutable.cpython-310.pyc
 D afruheritage-platform/venv/lib/python3.10/site-packages/dns/__pycache__/inet.cpython-310.pyc
 D afruheritage-platform/venv/lib/python3.10/site-packages/dns/__pycache__/ipv4.cpython-310.pyc
 D afruheritage-platform/venv/lib/python3.10/site-packages/dns/__pycache__/ipv6.cpython-310.pyc
 D afruheritage-platform/venv/lib/python3.10/site-packages/dns/__pycache__/message.cpython-310.pyc
 D afruheritage-platform/venv/lib/python3.10/site-packages/dns/__pycache__/name.cpython-310.pyc
 D afruheritage-platform/venv/lib/python3.10/site-packages/dns/__pycache__/namedict.cpython-310.pyc
 D afruheritage-platform/venv/lib/python3.10/site-packages/dns/__pycache__/nameserver.cpython-310.pyc
 D afruheritage-platform/venv/lib/python3.10/site-packages/dns/__pycache__/node.cpython-310.pyc
 D afruheritage-platform/venv/lib/python3.10/site-packages/dns/__pycache__/opcode.cpython-310.pyc
 D afruheritage-platform/venv/lib/python3.10/site-packages/dns/__pycache__/query.cpython-310.pyc
 D afruheritage-platform/venv/lib/python3.10/site-packages/dns/__pycache__/rcode.cpython-310.pyc
 D afruheritage-platform/venv/lib/python3.10/site-packages/dns/__pycache__/rdata.cpython-310.pyc
 D afruheritage-platform/venv/lib/python3.10/site-packages/dns/__pycache__/rdataclass.cpython-310.pyc
 D afruheritage-platform/venv/lib/python3.10/site-packages/dns/__pycache__/rdataset.cpython-310.pyc
 D afruheritage-platform/venv/lib/python3.10/site-packages/dns/__pycache__/rdatatype.cpython-310.pyc
 D afruheritage-platform/venv/lib/python3.10/site-packages/dns/__pycache__/renderer.cpython-310.pyc
 D afruheritage-platform/venv/lib/python3.10/site-packages/dns/__pycache__/resolver.cpython-310.pyc
 D afruheritage-platform/venv/lib/python3.10/site-packages/dns/__pycache__/reversename.cpython-310.pyc
 D afruheritage-platform/venv/lib/python3.10/site-packages/dns/__pycache__/rrset.cpython-310.pyc
 D afruheritage-platform/venv/lib/python3.10/site-packages/dns/__pycache__/serial.cpython-310.pyc
 D afruheritage-platform/venv/lib/python3.10/site-packages/dns/__pycache__/set.cpython-310.pyc
 D afruheritage-platform/venv/lib/python3.10/site-packages/dns/__pycache__/tokenizer.cpython-310.pyc
 D afruheritage-platform/venv/lib/python3.10/site-packages/dns/__pycache__/transaction.cpython-310.pyc
 D afruheritage-platform/venv/lib/python3.10/site-packages/dns/__pycache__/tsig.cpython-310.pyc
 D afruheritage-platform/venv/lib/python3.10/site-packages/dns/__pycache__/tsigkeyring.cpython-310.pyc
 D afruheritage-platform/venv/lib/python3.10/site-packages/dns/__pycache__/ttl.cpython-310.pyc
 D afruheritage-platform/venv/lib/python3.10/site-packages/dns/__pycache__/update.cpython-310.pyc
 D afruheritage-platform/venv/lib/python3.10/site-packages/dns/__pycache__/version.cpython-310.pyc
 D afruheritage-platform/venv/lib/python3.10/site-packages/dns/__pycache__/versioned.cpython-310.pyc
 D afruheritage-platform/venv/lib/python3.10/site-packages/dns/__pycache__/win32util.cpython-310.pyc
 D afruheritage-platform/venv/lib/python3.10/site-packages/dns/__pycache__/wire.cpython-310.pyc
 D afruheritage-platform/venv/lib/python3.10/site-packages/dns/__pycache__/xfr.cpython-310.pyc
 D afruheritage-platform/venv/lib/python3.10/site-packages/dns/__pycache__/zone.cpython-310.pyc
 D afruheritage-platform/venv/lib/python3.10/site-packages/dns/__pycache__/zonefile.cpython-310.pyc
 D afruheritage-platform/venv/lib/python3.10/site-packages/dns/__pycache__/zonetypes.cpython-310.pyc
 D afruheritage-platform/venv/lib/python3.10/site-packages/dns/dnssecalgs/__pycache__/__init__.cpython-310.pyc
 D afruheritage-platform/venv/lib/python3.10/site-packages/dns/dnssecalgs/__pycache__/base.cpython-310.pyc
 D afruheritage-platform/venv/lib/python3.10/site-packages/dns/dnssecalgs/__pycache__/cryptography.cpython-310.pyc
 D afruheritage-platform/venv/lib/python3.10/site-packages/dns/dnssecalgs/__pycache__/dsa.cpython-310.pyc
 D afruheritage-platform/venv/lib/python3.10/site-packages/dns/dnssecalgs/__pycache__/ecdsa.cpython-310.pyc
 D afruheritage-platform/venv/lib/python3.10/site-packages/dns/dnssecalgs/__pycache__/eddsa.cpython-310.pyc
 D afruheritage-platform/venv/lib/python3.10/site-packages/dns/dnssecalgs/__pycache__/rsa.cpython-310.pyc
 D afruheritage-platform/venv/lib/python3.10/site-packages/dns/quic/__pycache__/__init__.cpython-310.pyc
 D afruheritage-platform/venv/lib/python3.10/site-packages/dns/quic/__pycache__/_asyncio.cpython-310.pyc
 D afruheritage-platform/venv/lib/python3.10/site-packages/dns/quic/__pycache__/_common.cpython-310.pyc
 D afruheritage-platform/venv/lib/python3.10/site-packages/dns/quic/__pycache__/_sync.cpython-310.pyc
 D afruheritage-platform/venv/lib/python3.10/site-packages/dns/quic/__pycache__/_trio.cpython-310.pyc
 D afruheritage-platform/venv/lib/python3.10/site-packages/dns/rdtypes/ANY/__pycache__/AFSDB.cpython-310.pyc
 D afruheritage-platform/venv/lib/python3.10/site-packages/dns/rdtypes/ANY/__pycache__/AMTRELAY.cpython-310.pyc
 D afruheritage-platform/venv/lib/python3.10/site-packages/dns/rdtypes/ANY/__pycache__/AVC.cpython-310.pyc
 D afruheritage-platform/venv/lib/python3.10/site-packages/dns/rdtypes/ANY/__pycache__/CAA.cpython-310.pyc
 D afruheritage-platform/venv/lib/python3.10/site-packages/dns/rdtypes/ANY/__pycache__/CDNSKEY.cpython-310.pyc
 D afruheritage-platform/venv/lib/python3.10/site-packages/dns/rdtypes/ANY/__pycache__/CDS.cpython-310.pyc
 D afruheritage-platform/venv/lib/python3.10/site-packages/dns/rdtypes/ANY/__pycache__/CERT.cpython-310.pyc
 D afruheritage-platform/venv/lib/python3.10/site-packages/dns/rdtypes/ANY/__pycache__/CNAME.cpython-310.pyc
 D afruheritage-platform/venv/lib/python3.10/site-packages/dns/rdtypes/ANY/__pycache__/CSYNC.cpython-310.pyc
 D afruheritage-platform/venv/lib/python3.10/site-packages/dns/rdtypes/ANY/__pycache__/DLV.cpython-310.pyc
 D afruheritage-platform/venv/lib/python3.10/site-packages/dns/rdtypes/ANY/__pycache__/DNAME.cpython-310.pyc
 D afruheritage-platform/venv/lib/python3.10/site-packages/dns/rdtypes/ANY/__pycache__/DNSKEY.cpython-310.pyc
 D afruheritage-platform/venv/lib/python3.10/site-packages/dns/rdtypes/ANY/__pycache__/DS.cpython-310.pyc
 D afruheritage-platform/venv/lib/python3.10/site-packages/dns/rdtypes/ANY/__pycache__/DSYNC.cpython-310.pyc
 D afruheritage-platform/venv/lib/python3.10/site-packages/dns/rdtypes/ANY/__pycache__/EUI48.cpython-310.pyc
 D afruheritage-platform/venv/lib/python3.10/site-packages/dns/rdtypes/ANY/__pycache__/EUI64.cpython-310.pyc
 D afruheritage-platform/venv/lib/python3.10/site-packages/dns/rdtypes/ANY/__pycache__/GPOS.cpython-310.pyc
 D afruheritage-platform/venv/lib/python3.10/site-packages/dns/rdtypes/ANY/__pycache__/HINFO.cpython-310.pyc
 D afruheritage-platform/venv/lib/python3.10/site-packages/dns/rdtypes/ANY/__pycache__/HIP.cpython-310.pyc
 D afruheritage-platform/venv/lib/python3.10/site-packages/dns/rdtypes/ANY/__pycache__/ISDN.cpython-310.pyc
 D afruheritage-platform/venv/lib/python3.10/site-packages/dns/rdtypes/ANY/__pycache__/L32.cpython-310.pyc
 D afruheritage-platform/venv/lib/python3.10/site-packages/dns/rdtypes/ANY/__pycache__/L64.cpython-310.pyc
 D afruheritage-platform/venv/lib/python3.10/site-packages/dns/rdtypes/ANY/__pycache__/LOC.cpython-310.pyc
 D afruheritage-platform/venv/lib/python3.10/site-packages/dns/rdtypes/ANY/__pycache__/LP.cpython-310.pyc
 D afruheritage-platform/venv/lib/python3.10/site-packages/dns/rdtypes/ANY/__pycache__/MX.cpython-310.pyc
 D afruheritage-platform/venv/lib/python3.10/site-packages/dns/rdtypes/ANY/__pycache__/NID.cpython-310.pyc
 D afruheritage-platform/venv/lib/python3.10/site-packages/dns/rdtypes/ANY/__pycache__/NINFO.cpython-310.pyc
 D afruheritage-platform/venv/lib/python3.10/site-packages/dns/rdtypes/ANY/__pycache__/NS.cpython-310.pyc
 D afruheritage-platform/venv/lib/python3.10/site-packages/dns/rdtypes/ANY/__pycache__/NSEC.cpython-310.pyc
 D afruheritage-platform/venv/lib/python3.10/site-packages/dns/rdtypes/ANY/__pycache__/NSEC3.cpython-310.pyc
 D afruheritage-platform/venv/lib/python3.10/site-packages/dns/rdtypes/ANY/__pycache__/NSEC3PARAM.cpython-310.pyc
 D afruheritage-platform/venv/lib/python3.10/site-packages/dns/rdtypes/ANY/__pycache__/OPENPGPKEY.cpython-310.pyc
 D afruheritage-platform/venv/lib/python3.10/site-packages/dns/rdtypes/ANY/__pycache__/OPT.cpython-310.pyc
 D afruheritage-platform/venv/lib/python3.10/site-packages/dns/rdtypes/ANY/__pycache__/PTR.cpython-310.pyc
 D afruheritage-platform/venv/lib/python3.10/site-packages/dns/rdtypes/ANY/__pycache__/RESINFO.cpython-310.pyc
 D afruheritage-platform/venv/lib/python3.10/site-packages/dns/rdtypes/ANY/__pycache__/RP.cpython-310.pyc
 D afruheritage-platform/venv/lib/python3.10/site-packages/dns/rdtypes/ANY/__pycache__/RRSIG.cpython-310.pyc
 D afruheritage-platform/venv/lib/python3.10/site-packages/dns/rdtypes/ANY/__pycache__/RT.cpython-310.pyc
 D afruheritage-platform/venv/lib/python3.10/site-packages/dns/rdtypes/ANY/__pycache__/SMIMEA.cpython-310.pyc
 D afruheritage-platform/venv/lib/python3.10/site-packages/dns/rdtypes/ANY/__pycache__/SOA.cpython-310.pyc
 D afruheritage-platform/venv/lib/python3.10/site-packages/dns/rdtypes/ANY/__pycache__/SPF.cpython-310.pyc
 D afruheritage-platform/venv/lib/python3.10/site-packages/dns/rdtypes/ANY/__pycache__/SSHFP.cpython-310.pyc
 D afruheritage-platform/venv/lib/python3.10/site-packages/dns/rdtypes/ANY/__pycache__/TKEY.cpython-310.pyc
 D afruheritage-platform/venv/lib/python3.10/site-packages/dns/rdtypes/ANY/__pycache__/TLSA.cpython-310.pyc
 D afruheritage-platform/venv/lib/python3.10/site-packages/dns/rdtypes/ANY/__pycache__/TSIG.cpython-310.pyc
 D afruheritage-platform/venv/lib/python3.10/site-packages/dns/rdtypes/ANY/__pycache__/TXT.cpython-310.pyc
 D afruheritage-platform/venv/lib/python3.10/site-packages/dns/rdtypes/ANY/__pycache__/URI.cpython-310.pyc
 D afruheritage-platform/venv/lib/python3.10/site-packages/dns/rdtypes/ANY/__pycache__/WALLET.cpython-310.pyc
 D afruheritage-platform/venv/lib/python3.10/site-packages/dns/rdtypes/ANY/__pycache__/X25.cpython-310.pyc
 D afruheritage-platform/venv/lib/python3.10/site-packages/dns/rdtypes/ANY/__pycache__/ZONEMD.cpython-310.pyc
 D afruheritage-platform/venv/lib/python3.10/site-packages/dns/rdtypes/ANY/__pycache__/__init__.cpython-310.pyc
 D afruheritage-platform/venv/lib/python3.10/site-packages/dns/rdtypes/CH/__pycache__/A.cpython-310.pyc
 D afruheritage-platform/venv/lib/python3.10/site-packages/dns/rdtypes/CH/__pycache__/__init__.cpython-310.pyc
 D afruheritage-platform/venv/lib/python3.10/site-packages/dns/rdtypes/IN/__pycache__/A.cpython-310.pyc
 D afruheritage-platform/venv/lib/python3.10/site-packages/dns/rdtypes/IN/__pycache__/AAAA.cpython-310.pyc
 D afruheritage-platform/venv/lib/python3.10/site-packages/dns/rdtypes/IN/__pycache__/APL.cpython-310.pyc
 D afruheritage-platform/venv/lib/python3.10/site-packages/dns/rdtypes/IN/__pycache__/DHCID.cpython-310.pyc
 D afruheritage-platform/venv/lib/python3.10/site-packages/dns/rdtypes/IN/__pycache__/HTTPS.cpython-310.pyc
 D afruheritage-platform/venv/lib/python3.10/site-packages/dns/rdtypes/IN/__pycache__/IPSECKEY.cpython-310.pyc
 D afruheritage-platform/venv/lib/python3.10/site-packages/dns/rdtypes/IN/__pycache__/KX.cpython-310.pyc
 D afruheritage-platform/venv/lib/python3.10/site-packages/dns/rdtypes/IN/__pycache__/NAPTR.cpython-310.pyc
 D afruheritage-platform/venv/lib/python3.10/site-packages/dns/rdtypes/IN/__pycache__/NSAP.cpython-310.pyc
 D afruheritage-platform/venv/lib/python3.10/site-packages/dns/rdtypes/IN/__pycache__/NSAP_PTR.cpython-310.pyc
 D afruheritage-platform/venv/lib/python3.10/site-packages/dns/rdtypes/IN/__pycache__/PX.cpython-310.pyc
 D afruheritage-platform/venv/lib/python3.10/site-packages/dns/rdtypes/IN/__pycache__/SRV.cpython-310.pyc
 D afruheritage-platform/venv/lib/python3.10/site-packages/dns/rdtypes/IN/__pycache__/SVCB.cpython-310.pyc
 D afruheritage-platform/venv/lib/python3.10/site-packages/dns/rdtypes/IN/__pycache__/WKS.cpython-310.pyc
 D afruheritage-platform/venv/lib/python3.10/site-packages/dns/rdtypes/IN/__pycache__/__init__.cpython-310.pyc
 D afruheritage-platform/venv/lib/python3.10/site-packages/dns/rdtypes/__pycache__/__init__.cpython-310.pyc
 D afruheritage-platform/venv/lib/python3.10/site-packages/dns/rdtypes/__pycache__/dnskeybase.cpython-310.pyc
 D afruheritage-platform/venv/lib/python3.10/site-packages/dns/rdtypes/__pycache__/dsbase.cpython-310.pyc
 D afruheritage-platform/venv/lib/python3.10/site-packages/dns/rdtypes/__pycache__/euibase.cpython-310.pyc
 D afruheritage-platform/venv/lib/python3.10/site-packages/dns/rdtypes/__pycache__/mxbase.cpython-310.pyc
 D afruheritage-platform/venv/lib/python3.10/site-packages/dns/rdtypes/__pycache__/nsbase.cpython-310.pyc
 D afruheritage-platform/venv/lib/python3.10/site-packages/dns/rdtypes/__pycache__/svcbbase.cpython-310.pyc
 D afruheritage-platform/venv/lib/python3.10/site-packages/dns/rdtypes/__pycache__/tlsabase.cpython-310.pyc
 D afruheritage-platform/venv/lib/python3.10/site-packages/dns/rdtypes/__pycache__/txtbase.cpython-310.pyc
 D afruheritage-platform/venv/lib/python3.10/site-packages/dns/rdtypes/__pycache__/util.cpython-310.pyc
 D afruheritage-platform/venv/lib/python3.10/site-packages/dotenv/__pycache__/__init__.cpython-310.pyc
 D afruheritage-platform/venv/lib/python3.10/site-packages/dotenv/__pycache__/__main__.cpython-310.pyc
 D afruheritage-platform/venv/lib/python3.10/site-packages/dotenv/__pycache__/cli.cpython-310.pyc
 D afruheritage-platform/venv/lib/python3.10/site-packages/dotenv/__pycache__/ipython.cpython-310.pyc
 D afruheritage-platform/venv/lib/python3.10/site-packages/dotenv/__pycache__/main.cpython-310.pyc
 D afruheritage-platform/venv/lib/python3.10/site-packages/dotenv/__pycache__/parser.cpython-310.pyc
 D afruheritage-platform/venv/lib/python3.10/site-packages/dotenv/__pycache__/variables.cpython-310.pyc
 D afruheritage-platform/venv/lib/python3.10/site-packages/dotenv/__pycache__/version.cpython-310.pyc
 D afruheritage-platform/venv/lib/python3.10/site-packages/ecdsa/__pycache__/__init__.cpython-310.pyc
 D afruheritage-platform/venv/lib/python3.10/site-packages/ecdsa/__pycache__/_compat.cpython-310.pyc
 D afruheritage-platform/venv/lib/python3.10/site-packages/ecdsa/__pycache__/_rwlock.cpython-310.pyc
 D afruheritage-platform/venv/lib/python3.10/site-packages/ecdsa/__pycache__/_sha3.cpython-310.pyc
 D afruheritage-platform/venv/lib/python3.10/site-packages/ecdsa/__pycache__/_version.cpython-310.pyc
 D afruheritage-platform/venv/lib/python3.10/site-packages/ecdsa/__pycache__/curves.cpython-310.pyc
 D afruheritage-platform/venv/lib/python3.10/site-packages/ecdsa/__pycache__/der.cpython-310.pyc
 D afruheritage-platform/venv/lib/python3.10/site-packages/ecdsa/__pycache__/ecdh.cpython-310.pyc
 D afruheritage-platform/venv/lib/python3.10/site-packages/ecdsa/__pycache__/ecdsa.cpython-310.pyc
 D afruheritage-platform/venv/lib/python3.10/site-packages/ecdsa/__pycache__/eddsa.cpython-310.pyc
 D afruheritage-platform/venv/lib/python3.10/site-packages/ecdsa/__pycache__/ellipticcurve.cpython-310.pyc
 D afruheritage-platform/venv/lib/python3.10/site-packages/ecdsa/__pycache__/errors.cpython-310.pyc
 D afruheritage-platform/venv/lib/python3.10/site-packages/ecdsa/__pycache__/keys.cpython-310.pyc
 D afruheritage-platform/venv/lib/python3.10/site-packages/ecdsa/__pycache__/numbertheory.cpython-310.pyc
 D afruheritage-platform/venv/lib/python3.10/site-packages/ecdsa/__pycache__/rfc6979.cpython-310.pyc
 D afruheritage-platform/venv/lib/python3.10/site-packages/ecdsa/__pycache__/ssh.cpython-310.pyc
 D afruheritage-platform/venv/lib/python3.10/site-packages/ecdsa/__pycache__/test_curves.cpython-310.pyc
 D afruheritage-platform/venv/lib/python3.10/site-packages/ecdsa/__pycache__/test_der.cpython-310.pyc
 D afruheritage-platform/venv/lib/python3.10/site-packages/ecdsa/__pycache__/test_ecdh.cpython-310.pyc
 D afruheritage-platform/venv/lib/python3.10/site-packages/ecdsa/__pycache__/test_ecdsa.cpython-310.pyc
 D afruheritage-platform/venv/lib/python3.10/site-packages/ecdsa/__pycache__/test_eddsa.cpython-310.pyc
 D afruheritage-platform/venv/lib/python3.10/site-packages/ecdsa/__pycache__/test_ellipticcurve.cpython-310.pyc
 D afruheritage-platform/venv/lib/python3.10/site-packages/ecdsa/__pycache__/test_jacobi.cpython-310.pyc
 D afruheritage-platform/venv/lib/python3.10/site-packages/ecdsa/__pycache__/test_keys.cpython-310.pyc
 D afruheritage-platform/venv/lib/python3.10/site-packages/ecdsa/__pycache__/test_malformed_sigs.cpython-310.pyc
 D afruheritage-platform/venv/lib/python3.10/site-packages/ecdsa/__pycache__/test_numbertheory.cpython-310.pyc
 D afruheritage-platform/venv/lib/python3.10/site-packages/ecdsa/__pycache__/test_pyecdsa.cpython-310.pyc
 D afruheritage-platform/venv/lib/python3.10/site-packages/ecdsa/__pycache__/test_rw_lock.cpython-310.pyc
 D afruheritage-platform/venv/lib/python3.10/site-packages/ecdsa/__pycache__/test_sha3.cpython-310.pyc
 D afruheritage-platform/venv/lib/python3.10/site-packages/ecdsa/__pycache__/util.cpython-310.pyc
 D afruheritage-platform/venv/lib/python3.10/site-packages/email_validator/__pycache__/__init__.cpython-310.pyc
 D afruheritage-platform/venv/lib/python3.10/site-packages/email_validator/__pycache__/__main__.cpython-310.pyc
 D afruheritage-platform/venv/lib/python3.10/site-packages/email_validator/__pycache__/deliverability.cpython-310.pyc
 D afruheritage-platform/venv/lib/python3.10/site-packages/email_validator/__pycache__/exceptions_types.cpython-310.pyc
 D afruheritage-platform/venv/lib/python3.10/site-packages/email_validator/__pycache__/rfc_constants.cpython-310.pyc
 D afruheritage-platform/venv/lib/python3.10/site-packages/email_validator/__pycache__/syntax.cpython-310.pyc
 D afruheritage-platform/venv/lib/python3.10/site-packages/email_validator/__pycache__/validate_email.cpython-310.pyc
 D afruheritage-platform/venv/lib/python3.10/site-packages/email_validator/__pycache__/version.cpython-310.pyc
 D afruheritage-platform/venv/lib/python3.10/site-packages/exceptiongroup/__pycache__/__init__.cpython-310.pyc
 D afruheritage-platform/venv/lib/python3.10/site-packages/exceptiongroup/__pycache__/_catch.cpython-310.pyc
 D afruheritage-platform/venv/lib/python3.10/site-packages/exceptiongroup/__pycache__/_exceptions.cpython-310.pyc
 D afruheritage-platform/venv/lib/python3.10/site-packages/exceptiongroup/__pycache__/_formatting.cpython-310.pyc
 D afruheritage-platform/venv/lib/python3.10/site-packages/exceptiongroup/__pycache__/_suppress.cpython-310.pyc
 D afruheritage-platform/venv/lib/python3.10/site-packages/exceptiongroup/__pycache__/_version.cpython-310.pyc
 D afruheritage-platform/venv/lib/python3.10/site-packages/fastapi/__pycache__/__init__.cpython-310.pyc
 D afruheritage-platform/venv/lib/python3.10/site-packages/fastapi/__pycache__/__main__.cpython-310.pyc
 D afruheritage-platform/venv/lib/python3.10/site-packages/fastapi/__pycache__/_compat.cpython-310.pyc
 D afruheritage-platform/venv/lib/python3.10/site-packages/fastapi/__pycache__/applications.cpython-310.pyc
 D afruheritage-platform/venv/lib/python3.10/site-packages/fastapi/__pycache__/background.cpython-310.pyc
 D afruheritage-platform/venv/lib/python3.10/site-packages/fastapi/__pycache__/cli.cpython-310.pyc
 D afruheritage-platform/venv/lib/python3.10/site-packages/fastapi/__pycache__/concurrency.cpython-310.pyc
 D afruheritage-platform/venv/lib/python3.10/site-packages/fastapi/__pycache__/datastructures.cpython-310.pyc
 D afruheritage-platform/venv/lib/python3.10/site-packages/fastapi/__pycache__/encoders.cpython-310.pyc
 D afruheritage-platform/venv/lib/python3.10/site-packages/fastapi/__pycache__/exception_handlers.cpython-310.pyc
 D afruheritage-platform/venv/lib/python3.10/site-packages/fastapi/__pycache__/exceptions.cpython-310.pyc
 D afruheritage-platform/venv/lib/python3.10/site-packages/fastapi/__pycache__/logger.cpython-310.pyc
 D afruheritage-platform/venv/lib/python3.10/site-packages/fastapi/__pycache__/param_functions.cpython-310.pyc
 D afruheritage-platform/venv/lib/python3.10/site-packages/fastapi/__pycache__/params.cpython-310.pyc
 D afruheritage-platform/venv/lib/python3.10/site-packages/fastapi/__pycache__/requests.cpython-310.pyc
 D afruheritage-platform/venv/lib/python3.10/site-packages/fastapi/__pycache__/responses.cpython-310.pyc
 D afruheritage-platform/venv/lib/python3.10/site-packages/fastapi/__pycache__/routing.cpython-310.pyc
 D afruheritage-platform/venv/lib/python3.10/site-packages/fastapi/__pycache__/staticfiles.cpython-310.pyc
 D afruheritage-platform/venv/lib/python3.10/site-packages/fastapi/__pycache__/templating.cpython-310.pyc
 D afruheritage-platform/venv/lib/python3.10/site-packages/fastapi/__pycache__/testclient.cpython-310.pyc
 D afruheritage-platform/venv/lib/python3.10/site-packages/fastapi/__pycache__/types.cpython-310.pyc
 D afruheritage-platform/venv/lib/python3.10/site-packages/fastapi/__pycache__/utils.cpython-310.pyc
 D afruheritage-platform/venv/lib/python3.10/site-packages/fastapi/__pycache__/websockets.cpython-310.pyc
 D afruheritage-platform/venv/lib/python3.10/site-packages/fastapi/dependencies/__pycache__/__init__.cpython-310.pyc
 D afruheritage-platform/venv/lib/python3.10/site-packages/fastapi/dependencies/__pycache__/models.cpython-310.pyc
 D afruheritage-platform/venv/lib/python3.10/site-packages/fastapi/dependencies/__pycache__/utils.cpython-310.pyc
 D afruheritage-platform/venv/lib/python3.10/site-packages/fastapi/middleware/__pycache__/__init__.cpython-310.pyc
 D afruheritage-platform/venv/lib/python3.10/site-packages/fastapi/middleware/__pycache__/cors.cpython-310.pyc
 D afruheritage-platform/venv/lib/python3.10/site-packages/fastapi/middleware/__pycache__/gzip.cpython-310.pyc
 D afruheritage-platform/venv/lib/python3.10/site-packages/fastapi/middleware/__pycache__/httpsredirect.cpython-310.pyc
 D afruheritage-platform/venv/lib/python3.10/site-packages/fastapi/middleware/__pycache__/trustedhost.cpython-310.pyc
 D afruheritage-platform/venv/lib/python3.10/site-packages/fastapi/middleware/__pycache__/wsgi.cpython-310.pyc
 D afruheritage-platform/venv/lib/python3.10/site-packages/fastapi/openapi/__pycache__/__init__.cpython-310.pyc
 D afruheritage-platform/venv/lib/python3.10/site-packages/fastapi/openapi/__pycache__/constants.cpython-310.pyc
 D afruheritage-platform/venv/lib/python3.10/site-packages/fastapi/openapi/__pycache__/docs.cpython-310.pyc
 D afruheritage-platform/venv/lib/python3.10/site-packages/fastapi/openapi/__pycache__/models.cpython-310.pyc
 D afruheritage-platform/venv/lib/python3.10/site-packages/fastapi/openapi/__pycache__/utils.cpython-310.pyc
 D afruheritage-platform/venv/lib/python3.10/site-packages/fastapi/security/__pycache__/__init__.cpython-310.pyc
 D afruheritage-platform/venv/lib/python3.10/site-packages/fastapi/security/__pycache__/api_key.cpython-310.pyc
 D afruheritage-platform/venv/lib/python3.10/site-packages/fastapi/security/__pycache__/base.cpython-310.pyc
 D afruheritage-platform/venv/lib/python3.10/site-packages/fastapi/security/__pycache__/http.cpython-310.pyc
 D afruheritage-platform/venv/lib/python3.10/site-packages/fastapi/security/__pycache__/oauth2.cpython-310.pyc
 D afruheritage-platform/venv/lib/python3.10/site-packages/fastapi/security/__pycache__/open_id_connect_url.cpython-310.pyc
 D afruheritage-platform/venv/lib/python3.10/site-packages/fastapi/security/__pycache__/utils.cpython-310.pyc
 D afruheritage-platform/venv/lib/python3.10/site-packages/greenlet/__pycache__/__init__.cpython-310.pyc
 D afruheritage-platform/venv/lib/python3.10/site-packages/greenlet/platform/__pycache__/__init__.cpython-310.pyc
 D afruheritage-platform/venv/lib/python3.10/site-packages/greenlet/tests/__pycache__/__init__.cpython-310.pyc
 D afruheritage-platform/venv/lib/python3.10/site-packages/greenlet/tests/__pycache__/fail_clearing_run_switches.cpython-310.pyc
 D afruheritage-platform/venv/lib/python3.10/site-packages/greenlet/tests/__pycache__/fail_cpp_exception.cpython-310.pyc
 D afruheritage-platform/venv/lib/python3.10/site-packages/greenlet/tests/__pycache__/fail_initialstub_already_started.cpython-310.pyc
 D afruheritage-platform/venv/lib/python3.10/site-packages/greenlet/tests/__pycache__/fail_slp_switch.cpython-310.pyc
 D afruheritage-platform/venv/lib/python3.10/site-packages/greenlet/tests/__pycache__/fail_switch_three_greenlets.cpython-310.pyc
 D afruheritage-platform/venv/lib/python3.10/site-packages/greenlet/tests/__pycache__/fail_switch_three_greenlets2.cpython-310.pyc
 D afruheritage-platform/venv/lib/python3.10/site-packages/greenlet/tests/__pycache__/fail_switch_two_greenlets.cpython-310.pyc
 D afruheritage-platform/venv/lib/python3.10/site-packages/greenlet/tests/__pycache__/leakcheck.cpython-310.pyc
 D afruheritage-platform/venv/lib/python3.10/site-packages/greenlet/tests/__pycache__/test_contextvars.cpython-310.pyc
 D afruheritage-platform/venv/lib/python3.10/site-packages/greenlet/tests/__pycache__/test_cpp.cpython-310.pyc
 D afruheritage-platform/venv/lib/python3.10/site-packages/greenlet/tests/__pycache__/test_extension_interface.cpython-310.pyc
 D afruheritage-platform/venv/lib/python3.10/site-packages/greenlet/tests/__pycache__/test_gc.cpython-310.pyc
 D afruheritage-platform/venv/lib/python3.10/site-packages/greenlet/tests/__pycache__/test_generator.cpython-310.pyc
 D afruheritage-platform/venv/lib/python3.10/site-packages/greenlet/tests/__pycache__/test_generator_nested.cpython-310.pyc
 D afruheritage-platform/venv/lib/python3.10/site-packages/greenlet/tests/__pycache__/test_greenlet.cpython-310.pyc
 D afruheritage-platform/venv/lib/python3.10/site-packages/greenlet/tests/__pycache__/test_greenlet_trash.cpython-310.pyc
 D afruheritage-platform/venv/lib/python3.10/site-packages/greenlet/tests/__pycache__/test_interpreter_shutdown.cpython-310.pyc
 D afruheritage-platform/venv/lib/python3.10/site-packages/greenlet/tests/__pycache__/test_leaks.cpython-310.pyc
 D afruheritage-platform/venv/lib/python3.10/site-packages/greenlet/tests/__pycache__/test_stack_saved.cpython-310.pyc
 D afruheritage-platform/venv/lib/python3.10/site-packages/greenlet/tests/__pycache__/test_throw.cpython-310.pyc
 D afruheritage-platform/venv/lib/python3.10/site-packages/greenlet/tests/__pycache__/test_tracing.cpython-310.pyc
 D afruheritage-platform/venv/lib/python3.10/site-packages/greenlet/tests/__pycache__/test_version.cpython-310.pyc
 D afruheritage-platform/venv/lib/python3.10/site-packages/greenlet/tests/__pycache__/test_weakref.cpython-310.pyc
 D afruheritage-platform/venv/lib/python3.10/site-packages/h11/__pycache__/__init__.cpython-310.pyc
 D afruheritage-platform/venv/lib/python3.10/site-packages/h11/__pycache__/_abnf.cpython-310.pyc
 D afruheritage-platform/venv/lib/python3.10/site-packages/h11/__pycache__/_connection.cpython-310.pyc
 D afruheritage-platform/venv/lib/python3.10/site-packages/h11/__pycache__/_events.cpython-310.pyc
 D afruheritage-platform/venv/lib/python3.10/site-packages/h11/__pycache__/_headers.cpython-310.pyc
 D afruheritage-platform/venv/lib/python3.10/site-packages/h11/__pycache__/_readers.cpython-310.pyc
 D afruheritage-platform/venv/lib/python3.10/site-packages/h11/__pycache__/_receivebuffer.cpython-310.pyc
 D afruheritage-platform/venv/lib/python3.10/site-packages/h11/__pycache__/_state.cpython-310.pyc
 D afruheritage-platform/venv/lib/python3.10/site-packages/h11/__pycache__/_util.cpython-310.pyc
 D afruheritage-platform/venv/lib/python3.10/site-packages/h11/__pycache__/_version.cpython-310.pyc
 D afruheritage-platform/venv/lib/python3.10/site-packages/h11/__pycache__/_writers.cpython-310.pyc
 D afruheritage-platform/venv/lib/python3.10/site-packages/httpcore/__pycache__/__init__.cpython-310.pyc
 D afruheritage-platform/venv/lib/python3.10/site-packages/httpcore/__pycache__/_api.cpython-310.pyc
 D afruheritage-platform/venv/lib/python3.10/site-packages/httpcore/__pycache__/_exceptions.cpython-310.pyc
 D afruheritage-platform/venv/lib/python3.10/site-packages/httpcore/__pycache__/_models.cpython-310.pyc
 D afruheritage-platform/venv/lib/python3.10/site-packages/httpcore/__pycache__/_ssl.cpython-310.pyc
 D afruheritage-platform/venv/lib/python3.10/site-packages/httpcore/__pycache__/_synchronization.cpython-310.pyc
 D afruheritage-platform/venv/lib/python3.10/site-packages/httpcore/__pycache__/_trace.cpython-310.pyc
 D afruheritage-platform/venv/lib/python3.10/site-packages/httpcore/__pycache__/_utils.cpython-310.pyc
 D afruheritage-platform/venv/lib/python3.10/site-packages/httpcore/_async/__pycache__/__init__.cpython-310.pyc
 D afruheritage-platform/venv/lib/python3.10/site-packages/httpcore/_async/__pycache__/connection.cpython-310.pyc
 D afruheritage-platform/venv/lib/python3.10/site-packages/httpcore/_async/__pycache__/connection_pool.cpython-310.pyc
 D afruheritage-platform/venv/lib/python3.10/site-packages/httpcore/_async/__pycache__/http11.cpython-310.pyc
 D afruheritage-platform/venv/lib/python3.10/site-packages/httpcore/_async/__pycache__/http2.cpython-310.pyc
 D afruheritage-platform/venv/lib/python3.10/site-packages/httpcore/_async/__pycache__/http_proxy.cpython-310.pyc
 D afruheritage-platform/venv/lib/python3.10/site-packages/httpcore/_async/__pycache__/interfaces.cpython-310.pyc
 D afruheritage-platform/venv/lib/python3.10/site-packages/httpcore/_async/__pycache__/socks_proxy.cpython-310.pyc
 D afruheritage-platform/venv/lib/python3.10/site-packages/httpcore/_backends/__pycache__/__init__.cpython-310.pyc
 D afruheritage-platform/venv/lib/python3.10/site-packages/httpcore/_backends/__pycache__/anyio.cpython-310.pyc
 D afruheritage-platform/venv/lib/python3.10/site-packages/httpcore/_backends/__pycache__/auto.cpython-310.pyc
 D afruheritage-platform/venv/lib/python3.10/site-packages/httpcore/_backends/__pycache__/base.cpython-310.pyc
 D afruheritage-platform/venv/lib/python3.10/site-packages/httpcore/_backends/__pycache__/mock.cpython-310.pyc
 D afruheritage-platform/venv/lib/python3.10/site-packages/httpcore/_backends/__pycache__/sync.cpython-310.pyc
 D afruheritage-platform/venv/lib/python3.10/site-packages/httpcore/_backends/__pycache__/trio.cpython-310.pyc
 D afruheritage-platform/venv/lib/python3.10/site-packages/httpcore/_sync/__pycache__/__init__.cpython-310.pyc
 D afruheritage-platform/venv/lib/python3.10/site-packages/httpcore/_sync/__pycache__/connection.cpython-310.pyc
 D afruheritage-platform/venv/lib/python3.10/site-packages/httpcore/_sync/__pycache__/connection_pool.cpython-310.pyc
 D afruheritage-platform/venv/lib/python3.10/site-packages/httpcore/_sync/__pycache__/http11.cpython-310.pyc
 D afruheritage-platform/venv/lib/python3.10/site-packages/httpcore/_sync/__pycache__/http2.cpython-310.pyc
 D afruheritage-platform/venv/lib/python3.10/site-packages/httpcore/_sync/__pycache__/http_proxy.cpython-310.pyc
 D afruheritage-platform/venv/lib/python3.10/site-packages/httpcore/_sync/__pycache__/interfaces.cpython-310.pyc
 D afruheritage-platform/venv/lib/python3.10/site-packages/httpcore/_sync/__pycache__/socks_proxy.cpython-310.pyc
 D afruheritage-platform/venv/lib/python3.10/site-packages/httptools/__pycache__/__init__.cpython-310.pyc
 D afruheritage-platform/venv/lib/python3.10/site-packages/httptools/__pycache__/_version.cpython-310.pyc
 D afruheritage-platform/venv/lib/python3.10/site-packages/httptools/parser/__pycache__/__init__.cpython-310.pyc
 D afruheritage-platform/venv/lib/python3.10/site-packages/httptools/parser/__pycache__/errors.cpython-310.pyc
 D afruheritage-platform/venv/lib/python3.10/site-packages/httptools/parser/__pycache__/protocol.cpython-310.pyc
 D afruheritage-platform/venv/lib/python3.10/site-packages/httpx/__pycache__/__init__.cpython-310.pyc
 D afruheritage-platform/venv/lib/python3.10/site-packages/httpx/__pycache__/__version__.cpython-310.pyc
 D afruheritage-platform/venv/lib/python3.10/site-packages/httpx/__pycache__/_api.cpython-310.pyc
 D afruheritage-platform/venv/lib/python3.10/site-packages/httpx/__pycache__/_auth.cpython-310.pyc
 D afruheritage-platform/venv/lib/python3.10/site-packages/httpx/__pycache__/_client.cpython-310.pyc
 D afruheritage-platform/venv/lib/python3.10/site-packages/httpx/__pycache__/_config.cpython-310.pyc
 D afruheritage-platform/venv/lib/python3.10/site-packages/httpx/__pycache__/_content.cpython-310.pyc
 D afruheritage-platform/venv/lib/python3.10/site-packages/httpx/__pycache__/_decoders.cpython-310.pyc
 D afruheritage-platform/venv/lib/python3.10/site-packages/httpx/__pycache__/_exceptions.cpython-310.pyc
 D afruheritage-platform/venv/lib/python3.10/site-packages/httpx/__pycache__/_main.cpython-310.pyc
 D afruheritage-platform/venv/lib/python3.10/site-packages/httpx/__pycache__/_models.cpython-310.pyc
 D afruheritage-platform/venv/lib/python3.10/site-packages/httpx/__pycache__/_multipart.cpython-310.pyc
 D afruheritage-platform/venv/lib/python3.10/site-packages/httpx/__pycache__/_status_codes.cpython-310.pyc
 D afruheritage-platform/venv/lib/python3.10/site-packages/httpx/__pycache__/_types.cpython-310.pyc
 D afruheritage-platform/venv/lib/python3.10/site-packages/httpx/__pycache__/_urlparse.cpython-310.pyc
 D afruheritage-platform/venv/lib/python3.10/site-packages/httpx/__pycache__/_urls.cpython-310.pyc
 D afruheritage-platform/venv/lib/python3.10/site-packages/httpx/__pycache__/_utils.cpython-310.pyc
 D afruheritage-platform/venv/lib/python3.10/site-packages/httpx/_transports/__pycache__/__init__.cpython-310.pyc
 D afruheritage-platform/venv/lib/python3.10/site-packages/httpx/_transports/__pycache__/asgi.cpython-310.pyc
 D afruheritage-platform/venv/lib/python3.10/site-packages/httpx/_transports/__pycache__/base.cpython-310.pyc
 D afruheritage-platform/venv/lib/python3.10/site-packages/httpx/_transports/__pycache__/default.cpython-310.pyc
 D afruheritage-platform/venv/lib/python3.10/site-packages/httpx/_transports/__pycache__/mock.cpython-310.pyc
 D afruheritage-platform/venv/lib/python3.10/site-packages/httpx/_transports/__pycache__/wsgi.cpython-310.pyc
 D afruheritage-platform/venv/lib/python3.10/site-packages/idna/__pycache__/__init__.cpython-310.pyc
 D afruheritage-platform/venv/lib/python3.10/site-packages/idna/__pycache__/codec.cpython-310.pyc
 D afruheritage-platform/venv/lib/python3.10/site-packages/idna/__pycache__/compat.cpython-310.pyc
 D afruheritage-platform/venv/lib/python3.10/site-packages/idna/__pycache__/core.cpython-310.pyc
 D afruheritage-platform/venv/lib/python3.10/site-packages/idna/__pycache__/idnadata.cpython-310.pyc
 D afruheritage-platform/venv/lib/python3.10/site-packages/idna/__pycache__/intranges.cpython-310.pyc
 D afruheritage-platform/venv/lib/python3.10/site-packages/idna/__pycache__/package_data.cpython-310.pyc
 D afruheritage-platform/venv/lib/python3.10/site-packages/idna/__pycache__/uts46data.cpython-310.pyc
 D afruheritage-platform/venv/lib/python3.10/site-packages/jinja2/__pycache__/__init__.cpython-310.pyc
 D afruheritage-platform/venv/lib/python3.10/site-packages/jinja2/__pycache__/_identifier.cpython-310.pyc
 D afruheritage-platform/venv/lib/python3.10/site-packages/jinja2/__pycache__/async_utils.cpython-310.pyc
 D afruheritage-platform/venv/lib/python3.10/site-packages/jinja2/__pycache__/bccache.cpython-310.pyc
 D afruheritage-platform/venv/lib/python3.10/site-packages/jinja2/__pycache__/compiler.cpython-310.pyc
 D afruheritage-platform/venv/lib/python3.10/site-packages/jinja2/__pycache__/constants.cpython-310.pyc
 D afruheritage-platform/venv/lib/python3.10/site-packages/jinja2/__pycache__/debug.cpython-310.pyc
 D afruheritage-platform/venv/lib/python3.10/site-packages/jinja2/__pycache__/defaults.cpython-310.pyc
 D afruheritage-platform/venv/lib/python3.10/site-packages/jinja2/__pycache__/environment.cpython-310.pyc
 D afruheritage-platform/venv/lib/python3.10/site-packages/jinja2/__pycache__/exceptions.cpython-310.pyc
 D afruheritage-platform/venv/lib/python3.10/site-packages/jinja2/__pycache__/ext.cpython-310.pyc
 D afruheritage-platform/venv/lib/python3.10/site-packages/jinja2/__pycache__/filters.cpython-310.pyc
 D afruheritage-platform/venv/lib/python3.10/site-packages/jinja2/__pycache__/idtracking.cpython-310.pyc
 D afruheritage-platform/venv/lib/python3.10/site-packages/jinja2/__pycache__/lexer.cpython-310.pyc
 D afruheritage-platform/venv/lib/python3.10/site-packages/jinja2/__pycache__/loaders.cpython-310.pyc
 D afruheritage-platform/venv/lib/python3.10/site-packages/jinja2/__pycache__/meta.cpython-310.pyc
 D afruheritage-platform/venv/lib/python3.10/site-packages/jinja2/__pycache__/nativetypes.cpython-310.pyc
 D afruheritage-platform/venv/lib/python3.10/site-packages/jinja2/__pycache__/nodes.cpython-310.pyc
 D afruheritage-platform/venv/lib/python3.10/site-packages/jinja2/__pycache__/optimizer.cpython-310.pyc
 D afruheritage-platform/venv/lib/python3.10/site-packages/jinja2/__pycache__/parser.cpython-310.pyc
 D afruheritage-platform/venv/lib/python3.10/site-packages/jinja2/__pycache__/runtime.cpython-310.pyc
 D afruheritage-platform/venv/lib/python3.10/site-packages/jinja2/__pycache__/sandbox.cpython-310.pyc
 D afruheritage-platform/venv/lib/python3.10/site-packages/jinja2/__pycache__/tests.cpython-310.pyc
 D afruheritage-platform/venv/lib/python3.10/site-packages/jinja2/__pycache__/utils.cpython-310.pyc
 D afruheritage-platform/venv/lib/python3.10/site-packages/jinja2/__pycache__/visitor.cpython-310.pyc
 D afruheritage-platform/venv/lib/python3.10/site-packages/jmespath/__pycache__/__init__.cpython-310.pyc
 D afruheritage-platform/venv/lib/python3.10/site-packages/jmespath/__pycache__/ast.cpython-310.pyc
 D afruheritage-platform/venv/lib/python3.10/site-packages/jmespath/__pycache__/compat.cpython-310.pyc
 D afruheritage-platform/venv/lib/python3.10/site-packages/jmespath/__pycache__/exceptions.cpython-310.pyc
 D afruheritage-platform/venv/lib/python3.10/site-packages/jmespath/__pycache__/functions.cpython-310.pyc
 D afruheritage-platform/venv/lib/python3.10/site-packages/jmespath/__pycache__/lexer.cpython-310.pyc
 D afruheritage-platform/venv/lib/python3.10/site-packages/jmespath/__pycache__/parser.cpython-310.pyc
 D afruheritage-platform/venv/lib/python3.10/site-packages/jmespath/__pycache__/visitor.cpython-310.pyc
 D afruheritage-platform/venv/lib/python3.10/site-packages/jose/__pycache__/__init__.cpython-310.pyc
 D afruheritage-platform/venv/lib/python3.10/site-packages/jose/__pycache__/constants.cpython-310.pyc
 D afruheritage-platform/venv/lib/python3.10/site-packages/jose/__pycache__/exceptions.cpython-310.pyc
 D afruheritage-platform/venv/lib/python3.10/site-packages/jose/__pycache__/jwe.cpython-310.pyc
 D afruheritage-platform/venv/lib/python3.10/site-packages/jose/__pycache__/jwk.cpython-310.pyc
 D afruheritage-platform/venv/lib/python3.10/site-packages/jose/__pycache__/jws.cpython-310.pyc
 D afruheritage-platform/venv/lib/python3.10/site-packages/jose/__pycache__/jwt.cpython-310.pyc
 D afruheritage-platform/venv/lib/python3.10/site-packages/jose/__pycache__/utils.cpython-310.pyc
 D afruheritage-platform/venv/lib/python3.10/site-packages/jose/backends/__pycache__/__init__.cpython-310.pyc
 D afruheritage-platform/venv/lib/python3.10/site-packages/jose/backends/__pycache__/_asn1.cpython-310.pyc
 D afruheritage-platform/venv/lib/python3.10/site-packages/jose/backends/__pycache__/base.cpython-310.pyc
 D afruheritage-platform/venv/lib/python3.10/site-packages/jose/backends/__pycache__/cryptography_backend.cpython-310.pyc
 D afruheritage-platform/venv/lib/python3.10/site-packages/jose/backends/__pycache__/ecdsa_backend.cpython-310.pyc
 D afruheritage-platform/venv/lib/python3.10/site-packages/jose/backends/__pycache__/native.cpython-310.pyc
 D afruheritage-platform/venv/lib/python3.10/site-packages/jose/backends/__pycache__/rsa_backend.cpython-310.pyc
 D afruheritage-platform/venv/lib/python3.10/site-packages/kombu/__pycache__/__init__.cpython-310.pyc
 D afruheritage-platform/venv/lib/python3.10/site-packages/kombu/__pycache__/abstract.cpython-310.pyc
 D afruheritage-platform/venv/lib/python3.10/site-packages/kombu/__pycache__/clocks.cpython-310.pyc
 D afruheritage-platform/venv/lib/python3.10/site-packages/kombu/__pycache__/common.cpython-310.pyc
 D afruheritage-platform/venv/lib/python3.10/site-packages/kombu/__pycache__/compat.cpython-310.pyc
 D afruheritage-platform/venv/lib/python3.10/site-packages/kombu/__pycache__/compression.cpython-310.pyc
 D afruheritage-platform/venv/lib/python3.10/site-packages/kombu/__pycache__/connection.cpython-310.pyc
 D afruheritage-platform/venv/lib/python3.10/site-packages/kombu/__pycache__/entity.cpython-310.pyc
 D afruheritage-platform/venv/lib/python3.10/site-packages/kombu/__pycache__/exceptions.cpython-310.pyc
 D afruheritage-platform/venv/lib/python3.10/site-packages/kombu/__pycache__/log.cpython-310.pyc
 D afruheritage-platform/venv/lib/python3.10/site-packages/kombu/__pycache__/matcher.cpython-310.pyc
 D afruheritage-platform/venv/lib/python3.10/site-packages/kombu/__pycache__/message.cpython-310.pyc
 D afruheritage-platform/venv/lib/python3.10/site-packages/kombu/__pycache__/messaging.cpython-310.pyc
 D afruheritage-platform/venv/lib/python3.10/site-packages/kombu/__pycache__/mixins.cpython-310.pyc
 D afruheritage-platform/venv/lib/python3.10/site-packages/kombu/__pycache__/pidbox.cpython-310.pyc
 D afruheritage-platform/venv/lib/python3.10/site-packages/kombu/__pycache__/pools.cpython-310.pyc
 D afruheritage-platform/venv/lib/python3.10/site-packages/kombu/__pycache__/resource.cpython-310.pyc
 D afruheritage-platform/venv/lib/python3.10/site-packages/kombu/__pycache__/serialization.cpython-310.pyc
 D afruheritage-platform/venv/lib/python3.10/site-packages/kombu/__pycache__/simple.cpython-310.pyc
 D afruheritage-platform/venv/lib/python3.10/site-packages/kombu/asynchronous/__pycache__/__init__.cpython-310.pyc
 D afruheritage-platform/venv/lib/python3.10/site-packages/kombu/asynchronous/__pycache__/debug.cpython-310.pyc
 D afruheritage-platform/venv/lib/python3.10/site-packages/kombu/asynchronous/__pycache__/hub.cpython-310.pyc
 D afruheritage-platform/venv/lib/python3.10/site-packages/kombu/asynchronous/__pycache__/semaphore.cpython-310.pyc
 D afruheritage-platform/venv/lib/python3.10/site-packages/kombu/asynchronous/__pycache__/timer.cpython-310.pyc
 D afruheritage-platform/venv/lib/python3.10/site-packages/kombu/asynchronous/aws/__pycache__/__init__.cpython-310.pyc
 D afruheritage-platform/venv/lib/python3.10/site-packages/kombu/asynchronous/aws/__pycache__/connection.cpython-310.pyc
 D afruheritage-platform/venv/lib/python3.10/site-packages/kombu/asynchronous/aws/__pycache__/ext.cpython-310.pyc
 D afruheritage-platform/venv/lib/python3.10/site-packages/kombu/asynchronous/aws/sqs/__pycache__/__init__.cpython-310.pyc
 D afruheritage-platform/venv/lib/python3.10/site-packages/kombu/asynchronous/aws/sqs/__pycache__/connection.cpython-310.pyc
 D afruheritage-platform/venv/lib/python3.10/site-packages/kombu/asynchronous/aws/sqs/__pycache__/ext.cpython-310.pyc
 D afruheritage-platform/venv/lib/python3.10/site-packages/kombu/asynchronous/aws/sqs/__pycache__/message.cpython-310.pyc
 D afruheritage-platform/venv/lib/python3.10/site-packages/kombu/asynchronous/aws/sqs/__pycache__/queue.cpython-310.pyc
 D afruheritage-platform/venv/lib/python3.10/site-packages/kombu/asynchronous/http/__pycache__/__init__.cpython-310.pyc
 D afruheritage-platform/venv/lib/python3.10/site-packages/kombu/asynchronous/http/__pycache__/base.cpython-310.pyc
 D afruheritage-platform/venv/lib/python3.10/site-packages/kombu/asynchronous/http/__pycache__/urllib3_client.cpython-310.pyc
 D afruheritage-platform/venv/lib/python3.10/site-packages/kombu/transport/__pycache__/SLMQ.cpython-310.pyc
 D afruheritage-platform/venv/lib/python3.10/site-packages/kombu/transport/__pycache__/SQS.cpython-310.pyc
 D afruheritage-platform/venv/lib/python3.10/site-packages/kombu/transport/__pycache__/__init__.cpython-310.pyc
 D afruheritage-platform/venv/lib/python3.10/site-packages/kombu/transport/__pycache__/azureservicebus.cpython-310.pyc
 D afruheritage-platform/venv/lib/python3.10/site-packages/kombu/transport/__pycache__/azurestoragequeues.cpython-310.pyc
 D afruheritage-platform/venv/lib/python3.10/site-packages/kombu/transport/__pycache__/base.cpython-310.pyc
 D afruheritage-platform/venv/lib/python3.10/site-packages/kombu/transport/__pycache__/confluentkafka.cpython-310.pyc
 D afruheritage-platform/venv/lib/python3.10/site-packages/kombu/transport/__pycache__/consul.cpython-310.pyc
 D afruheritage-platform/venv/lib/python3.10/site-packages/kombu/transport/__pycache__/etcd.cpython-310.pyc
 D afruheritage-platform/venv/lib/python3.10/site-packages/kombu/transport/__pycache__/filesystem.cpython-310.pyc
 D afruheritage-platform/venv/lib/python3.10/site-packages/kombu/transport/__pycache__/gcpubsub.cpython-310.pyc
 D afruheritage-platform/venv/lib/python3.10/site-packages/kombu/transport/__pycache__/librabbitmq.cpython-310.pyc
 D afruheritage-platform/venv/lib/python3.10/site-packages/kombu/transport/__pycache__/memory.cpython-310.pyc
 D afruheritage-platform/venv/lib/python3.10/site-packages/kombu/transport/__pycache__/mongodb.cpython-310.pyc
 D afruheritage-platform/venv/lib/python3.10/site-packages/kombu/transport/__pycache__/native_delayed_delivery.cpython-310.pyc
 D afruheritage-platform/venv/lib/python3.10/site-packages/kombu/transport/__pycache__/pyamqp.cpython-310.pyc
 D afruheritage-platform/venv/lib/python3.10/site-packages/kombu/transport/__pycache__/pyro.cpython-310.pyc
 D afruheritage-platform/venv/lib/python3.10/site-packages/kombu/transport/__pycache__/qpid.cpython-310.pyc
 D afruheritage-platform/venv/lib/python3.10/site-packages/kombu/transport/__pycache__/redis.cpython-310.pyc
 D afruheritage-platform/venv/lib/python3.10/site-packages/kombu/transport/__pycache__/zookeeper.cpython-310.pyc
 D afruheritage-platform/venv/lib/python3.10/site-packages/kombu/transport/sqlalchemy/__pycache__/__init__.cpython-310.pyc
 D afruheritage-platform/venv/lib/python3.10/site-packages/kombu/transport/sqlalchemy/__pycache__/models.cpython-310.pyc
 D afruheritage-platform/venv/lib/python3.10/site-packages/kombu/transport/virtual/__pycache__/__init__.cpython-310.pyc
 D afruheritage-platform/venv/lib/python3.10/site-packages/kombu/transport/virtual/__pycache__/base.cpython-310.pyc
 D afruheritage-platform/venv/lib/python3.10/site-packages/kombu/transport/virtual/__pycache__/exchange.cpython-310.pyc
 D afruheritage-platform/venv/lib/python3.10/site-packages/kombu/utils/__pycache__/__init__.cpython-310.pyc
 D afruheritage-platform/venv/lib/python3.10/site-packages/kombu/utils/__pycache__/amq_manager.cpython-310.pyc
 D afruheritage-platform/venv/lib/python3.10/site-packages/kombu/utils/__pycache__/collections.cpython-310.pyc
 D afruheritage-platform/venv/lib/python3.10/site-packages/kombu/utils/__pycache__/compat.cpython-310.pyc
 D afruheritage-platform/venv/lib/python3.10/site-packages/kombu/utils/__pycache__/debug.cpython-310.pyc
 D afruheritage-platform/venv/lib/python3.10/site-packages/kombu/utils/__pycache__/div.cpython-310.pyc
 D afruheritage-platform/venv/lib/python3.10/site-packages/kombu/utils/__pycache__/encoding.cpython-310.pyc
 D afruheritage-platform/venv/lib/python3.10/site-packages/kombu/utils/__pycache__/eventio.cpython-310.pyc
 D afruheritage-platform/venv/lib/python3.10/site-packages/kombu/utils/__pycache__/functional.cpython-310.pyc
 D afruheritage-platform/venv/lib/python3.10/site-packages/kombu/utils/__pycache__/imports.cpython-310.pyc
 D afruheritage-platform/venv/lib/python3.10/site-packages/kombu/utils/__pycache__/json.cpython-310.pyc
 D afruheritage-platform/venv/lib/python3.10/site-packages/kombu/utils/__pycache__/limits.cpython-310.pyc
 D afruheritage-platform/venv/lib/python3.10/site-packages/kombu/utils/__pycache__/objects.cpython-310.pyc
 D afruheritage-platform/venv/lib/python3.10/site-packages/kombu/utils/__pycache__/scheduling.cpython-310.pyc
 D afruheritage-platform/venv/lib/python3.10/site-packages/kombu/utils/__pycache__/text.cpython-310.pyc
 D afruheritage-platform/venv/lib/python3.10/site-packages/kombu/utils/__pycache__/time.cpython-310.pyc
 D afruheritage-platform/venv/lib/python3.10/site-packages/kombu/utils/__pycache__/url.cpython-310.pyc
 D afruheritage-platform/venv/lib/python3.10/site-packages/kombu/utils/__pycache__/uuid.cpython-310.pyc
 D afruheritage-platform/venv/lib/python3.10/site-packages/limits/__pycache__/__init__.cpython-310.pyc
 D afruheritage-platform/venv/lib/python3.10/site-packages/limits/__pycache__/_storage_scheme.cpython-310.pyc
 D afruheritage-platform/venv/lib/python3.10/site-packages/limits/__pycache__/_version.cpython-310.pyc
 D afruheritage-platform/venv/lib/python3.10/site-packages/limits/__pycache__/errors.cpython-310.pyc
 D afruheritage-platform/venv/lib/python3.10/site-packages/limits/__pycache__/limits.cpython-310.pyc
 D afruheritage-platform/venv/lib/python3.10/site-packages/limits/__pycache__/strategies.cpython-310.pyc
 D afruheritage-platform/venv/lib/python3.10/site-packages/limits/__pycache__/typing.cpython-310.pyc
 D afruheritage-platform/venv/lib/python3.10/site-packages/limits/__pycache__/util.cpython-310.pyc
 D afruheritage-platform/venv/lib/python3.10/site-packages/limits/aio/__pycache__/__init__.cpython-310.pyc
 D afruheritage-platform/venv/lib/python3.10/site-packages/limits/aio/__pycache__/strategies.cpython-310.pyc
 D afruheritage-platform/venv/lib/python3.10/site-packages/limits/aio/storage/__pycache__/__init__.cpython-310.pyc
 D afruheritage-platform/venv/lib/python3.10/site-packages/limits/aio/storage/__pycache__/base.cpython-310.pyc
 D afruheritage-platform/venv/lib/python3.10/site-packages/limits/aio/storage/__pycache__/memory.cpython-310.pyc
 D afruheritage-platform/venv/lib/python3.10/site-packages/limits/aio/storage/__pycache__/mongodb.cpython-310.pyc
 D afruheritage-platform/venv/lib/python3.10/site-packages/limits/aio/storage/memcached/__pycache__/__init__.cpython-310.pyc
 D afruheritage-platform/venv/lib/python3.10/site-packages/limits/aio/storage/memcached/__pycache__/bridge.cpython-310.pyc
 D afruheritage-platform/venv/lib/python3.10/site-packages/limits/aio/storage/memcached/__pycache__/emcache.cpython-310.pyc
 D afruheritage-platform/venv/lib/python3.10/site-packages/limits/aio/storage/memcached/__pycache__/memcachio.cpython-310.pyc
 D afruheritage-platform/venv/lib/python3.10/site-packages/limits/aio/storage/redis/__pycache__/__init__.cpython-310.pyc
 D afruheritage-platform/venv/lib/python3.10/site-packages/limits/aio/storage/redis/__pycache__/bridge.cpython-310.pyc
 D afruheritage-platform/venv/lib/python3.10/site-packages/limits/aio/storage/redis/__pycache__/coredis.cpython-310.pyc
 D afruheritage-platform/venv/lib/python3.10/site-packages/limits/aio/storage/redis/__pycache__/redispy.cpython-310.pyc
 D afruheritage-platform/venv/lib/python3.10/site-packages/limits/aio/storage/redis/__pycache__/valkey.cpython-310.pyc
 D afruheritage-platform/venv/lib/python3.10/site-packages/limits/storage/__pycache__/__init__.cpython-310.pyc
 D afruheritage-platform/venv/lib/python3.10/site-packages/limits/storage/__pycache__/base.cpython-310.pyc
 D afruheritage-platform/venv/lib/python3.10/site-packages/limits/storage/__pycache__/memcached.cpython-310.pyc
 D afruheritage-platform/venv/lib/python3.10/site-packages/limits/storage/__pycache__/memory.cpython-310.pyc
 D afruheritage-platform/venv/lib/python3.10/site-packages/limits/storage/__pycache__/mongodb.cpython-310.pyc
 D afruheritage-platform/venv/lib/python3.10/site-packages/limits/storage/__pycache__/redis.cpython-310.pyc
 D afruheritage-platform/venv/lib/python3.10/site-packages/limits/storage/__pycache__/redis_cluster.cpython-310.pyc
 D afruheritage-platform/venv/lib/python3.10/site-packages/limits/storage/__pycache__/redis_sentinel.cpython-310.pyc
 D afruheritage-platform/venv/lib/python3.10/site-packages/mako/__pycache__/__init__.cpython-310.pyc
 D afruheritage-platform/venv/lib/python3.10/site-packages/mako/__pycache__/_ast_util.cpython-310.pyc
 D afruheritage-platform/venv/lib/python3.10/site-packages/mako/__pycache__/ast.cpython-310.pyc
 D afruheritage-platform/venv/lib/python3.10/site-packages/mako/__pycache__/cache.cpython-310.pyc
 D afruheritage-platform/venv/lib/python3.10/site-packages/mako/__pycache__/cmd.cpython-310.pyc
 D afruheritage-platform/venv/lib/python3.10/site-packages/mako/__pycache__/codegen.cpython-310.pyc
 D afruheritage-platform/venv/lib/python3.10/site-packages/mako/__pycache__/compat.cpython-310.pyc
 D afruheritage-platform/venv/lib/python3.10/site-packages/mako/__pycache__/exceptions.cpython-310.pyc
 D afruheritage-platform/venv/lib/python3.10/site-packages/mako/__pycache__/filters.cpython-310.pyc
 D afruheritage-platform/venv/lib/python3.10/site-packages/mako/__pycache__/lexer.cpython-310.pyc
 D afruheritage-platform/venv/lib/python3.10/site-packages/mako/__pycache__/lookup.cpython-310.pyc
 D afruheritage-platform/venv/lib/python3.10/site-packages/mako/__pycache__/parsetree.cpython-310.pyc
 D afruheritage-platform/venv/lib/python3.10/site-packages/mako/__pycache__/pygen.cpython-310.pyc
 D afruheritage-platform/venv/lib/python3.10/site-packages/mako/__pycache__/pyparser.cpython-310.pyc
 D afruheritage-platform/venv/lib/python3.10/site-packages/mako/__pycache__/runtime.cpython-310.pyc
 D afruheritage-platform/venv/lib/python3.10/site-packages/mako/__pycache__/template.cpython-310.pyc
 D afruheritage-platform/venv/lib/python3.10/site-packages/mako/__pycache__/util.cpython-310.pyc
 D afruheritage-platform/venv/lib/python3.10/site-packages/mako/ext/__pycache__/__init__.cpython-310.pyc
 D afruheritage-platform/venv/lib/python3.10/site-packages/mako/ext/__pycache__/autohandler.cpython-310.pyc
 D afruheritage-platform/venv/lib/python3.10/site-packages/mako/ext/__pycache__/babelplugin.cpython-310.pyc
 D afruheritage-platform/venv/lib/python3.10/site-packages/mako/ext/__pycache__/beaker_cache.cpython-310.pyc
 D afruheritage-platform/venv/lib/python3.10/site-packages/mako/ext/__pycache__/extract.cpython-310.pyc
 D afruheritage-platform/venv/lib/python3.10/site-packages/mako/ext/__pycache__/linguaplugin.cpython-310.pyc
 D afruheritage-platform/venv/lib/python3.10/site-packages/mako/ext/__pycache__/preprocessors.cpython-310.pyc
 D afruheritage-platform/venv/lib/python3.10/site-packages/mako/ext/__pycache__/pygmentplugin.cpython-310.pyc
 D afruheritage-platform/venv/lib/python3.10/site-packages/mako/ext/__pycache__/turbogears.cpython-310.pyc
 D afruheritage-platform/venv/lib/python3.10/site-packages/mako/testing/__pycache__/__init__.cpython-310.pyc
 D afruheritage-platform/venv/lib/python3.10/site-packages/mako/testing/__pycache__/_config.cpython-310.pyc
 D afruheritage-platform/venv/lib/python3.10/site-packages/mako/testing/__pycache__/assertions.cpython-310.pyc
 D afruheritage-platform/venv/lib/python3.10/site-packages/mako/testing/__pycache__/config.cpython-310.pyc
 D afruheritage-platform/venv/lib/python3.10/site-packages/mako/testing/__pycache__/exclusions.cpython-310.pyc
 D afruheritage-platform/venv/lib/python3.10/site-packages/mako/testing/__pycache__/fixtures.cpython-310.pyc
 D afruheritage-platform/venv/lib/python3.10/site-packages/mako/testing/__pycache__/helpers.cpython-310.pyc
 D afruheritage-platform/venv/lib/python3.10/site-packages/markupsafe/__pycache__/__init__.cpython-310.pyc
 D afruheritage-platform/venv/lib/python3.10/site-packages/markupsafe/__pycache__/_native.cpython-310.pyc
 D afruheritage-platform/venv/lib/python3.10/site-packages/multipart/__pycache__/__init__.cpython-310.pyc
 D afruheritage-platform/venv/lib/python3.10/site-packages/multipart/__pycache__/decoders.cpython-310.pyc
 D afruheritage-platform/venv/lib/python3.10/site-packages/multipart/__pycache__/exceptions.cpython-310.pyc
 D afruheritage-platform/venv/lib/python3.10/site-packages/multipart/__pycache__/multipart.cpython-310.pyc
 D afruheritage-platform/venv/lib/python3.10/site-packages/nacl/__pycache__/__init__.cpython-310.pyc
 D afruheritage-platform/venv/lib/python3.10/site-packages/nacl/__pycache__/encoding.cpython-310.pyc
 D afruheritage-platform/venv/lib/python3.10/site-packages/nacl/__pycache__/exceptions.cpython-310.pyc
 D afruheritage-platform/venv/lib/python3.10/site-packages/nacl/__pycache__/hash.cpython-310.pyc
 D afruheritage-platform/venv/lib/python3.10/site-packages/nacl/__pycache__/hashlib.cpython-310.pyc
 D afruheritage-platform/venv/lib/python3.10/site-packages/nacl/__pycache__/public.cpython-310.pyc
 D afruheritage-platform/venv/lib/python3.10/site-packages/nacl/__pycache__/secret.cpython-310.pyc
 D afruheritage-platform/venv/lib/python3.10/site-packages/nacl/__pycache__/signing.cpython-310.pyc
 D afruheritage-platform/venv/lib/python3.10/site-packages/nacl/__pycache__/utils.cpython-310.pyc
 D afruheritage-platform/venv/lib/python3.10/site-packages/nacl/bindings/__pycache__/__init__.cpython-310.pyc
 D afruheritage-platform/venv/lib/python3.10/site-packages/nacl/bindings/__pycache__/crypto_aead.cpython-310.pyc
 D afruheritage-platform/venv/lib/python3.10/site-packages/nacl/bindings/__pycache__/crypto_box.cpython-310.pyc
 D afruheritage-platform/venv/lib/python3.10/site-packages/nacl/bindings/__pycache__/crypto_core.cpython-310.pyc
 D afruheritage-platform/venv/lib/python3.10/site-packages/nacl/bindings/__pycache__/crypto_generichash.cpython-310.pyc
 D afruheritage-platform/venv/lib/python3.10/site-packages/nacl/bindings/__pycache__/crypto_hash.cpython-310.pyc
 D afruheritage-platform/venv/lib/python3.10/site-packages/nacl/bindings/__pycache__/crypto_kx.cpython-310.pyc
 D afruheritage-platform/venv/lib/python3.10/site-packages/nacl/bindings/__pycache__/crypto_pwhash.cpython-310.pyc
 D afruheritage-platform/venv/lib/python3.10/site-packages/nacl/bindings/__pycache__/crypto_scalarmult.cpython-310.pyc
 D afruheritage-platform/venv/lib/python3.10/site-packages/nacl/bindings/__pycache__/crypto_secretbox.cpython-310.pyc
 D afruheritage-platform/venv/lib/python3.10/site-packages/nacl/bindings/__pycache__/crypto_secretstream.cpython-310.pyc
 D afruheritage-platform/venv/lib/python3.10/site-packages/nacl/bindings/__pycache__/crypto_shorthash.cpython-310.pyc
 D afruheritage-platform/venv/lib/python3.10/site-packages/nacl/bindings/__pycache__/crypto_sign.cpython-310.pyc
 D afruheritage-platform/venv/lib/python3.10/site-packages/nacl/bindings/__pycache__/randombytes.cpython-310.pyc
 D afruheritage-platform/venv/lib/python3.10/site-packages/nacl/bindings/__pycache__/sodium_core.cpython-310.pyc
 D afruheritage-platform/venv/lib/python3.10/site-packages/nacl/bindings/__pycache__/utils.cpython-310.pyc
 D afruheritage-platform/venv/lib/python3.10/site-packages/nacl/pwhash/__pycache__/__init__.cpython-310.pyc
 D afruheritage-platform/venv/lib/python3.10/site-packages/nacl/pwhash/__pycache__/_argon2.cpython-310.pyc
 D afruheritage-platform/venv/lib/python3.10/site-packages/nacl/pwhash/__pycache__/argon2i.cpython-310.pyc
 D afruheritage-platform/venv/lib/python3.10/site-packages/nacl/pwhash/__pycache__/argon2id.cpython-310.pyc
 D afruheritage-platform/venv/lib/python3.10/site-packages/nacl/pwhash/__pycache__/scrypt.cpython-310.pyc
 D afruheritage-platform/venv/lib/python3.10/site-packages/numpy/__pycache__/__config__.cpython-310.pyc
 D afruheritage-platform/venv/lib/python3.10/site-packages/numpy/__pycache__/__init__.cpython-310.pyc
 D afruheritage-platform/venv/lib/python3.10/site-packages/numpy/__pycache__/_array_api_info.cpython-310.pyc
 D afruheritage-platform/venv/lib/python3.10/site-packages/numpy/__pycache__/_configtool.cpython-310.pyc
 D afruheritage-platform/venv/lib/python3.10/site-packages/numpy/__pycache__/_distributor_init.cpython-310.pyc
 D afruheritage-platform/venv/lib/python3.10/site-packages/numpy/__pycache__/_expired_attrs_2_0.cpython-310.pyc
 D afruheritage-platform/venv/lib/python3.10/site-packages/numpy/__pycache__/_globals.cpython-310.pyc
 D afruheritage-platform/venv/lib/python3.10/site-packages/numpy/__pycache__/_pytesttester.cpython-310.pyc
 D afruheritage-platform/venv/lib/python3.10/site-packages/numpy/__pycache__/conftest.cpython-310.pyc
 D afruheritage-platform/venv/lib/python3.10/site-packages/numpy/__pycache__/ctypeslib.cpython-310.pyc
 D afruheritage-platform/venv/lib/python3.10/site-packages/numpy/__pycache__/dtypes.cpython-310.pyc
 D afruheritage-platform/venv/lib/python3.10/site-packages/numpy/__pycache__/exceptions.cpython-310.pyc
 D afruheritage-platform/venv/lib/python3.10/site-packages/numpy/__pycache__/matlib.cpython-310.pyc
 D afruheritage-platform/venv/lib/python3.10/site-packages/numpy/__pycache__/version.cpython-310.pyc
 D afruheritage-platform/venv/lib/python3.10/site-packages/numpy/_core/__pycache__/__init__.cpython-310.pyc
 D afruheritage-platform/venv/lib/python3.10/site-packages/numpy/_core/__pycache__/_add_newdocs.cpython-310.pyc
 D afruheritage-platform/venv/lib/python3.10/site-packages/numpy/_core/__pycache__/_add_newdocs_scalars.cpython-310.pyc
 D afruheritage-platform/venv/lib/python3.10/site-packages/numpy/_core/__pycache__/_asarray.cpython-310.pyc
 D afruheritage-platform/venv/lib/python3.10/site-packages/numpy/_core/__pycache__/_dtype.cpython-310.pyc
 D afruheritage-platform/venv/lib/python3.10/site-packages/numpy/_core/__pycache__/_dtype_ctypes.cpython-310.pyc
 D afruheritage-platform/venv/lib/python3.10/site-packages/numpy/_core/__pycache__/_exceptions.cpython-310.pyc
 D afruheritage-platform/venv/lib/python3.10/site-packages/numpy/_core/__pycache__/_internal.cpython-310.pyc
 D afruheritage-platform/venv/lib/python3.10/site-packages/numpy/_core/__pycache__/_machar.cpython-310.pyc
 D afruheritage-platform/venv/lib/python3.10/site-packages/numpy/_core/__pycache__/_methods.cpython-310.pyc
 D afruheritage-platform/venv/lib/python3.10/site-packages/numpy/_core/__pycache__/_string_helpers.cpython-310.pyc
 D afruheritage-platform/venv/lib/python3.10/site-packages/numpy/_core/__pycache__/_type_aliases.cpython-310.pyc
 D afruheritage-platform/venv/lib/python3.10/site-packages/numpy/_core/__pycache__/_ufunc_config.cpython-310.pyc
 D afruheritage-platform/venv/lib/python3.10/site-packages/numpy/_core/__pycache__/arrayprint.cpython-310.pyc
 D afruheritage-platform/venv/lib/python3.10/site-packages/numpy/_core/__pycache__/cversions.cpython-310.pyc
 D afruheritage-platform/venv/lib/python3.10/site-packages/numpy/_core/__pycache__/defchararray.cpython-310.pyc
 D afruheritage-platform/venv/lib/python3.10/site-packages/numpy/_core/__pycache__/einsumfunc.cpython-310.pyc
 D afruheritage-platform/venv/lib/python3.10/site-packages/numpy/_core/__pycache__/fromnumeric.cpython-310.pyc
 D afruheritage-platform/venv/lib/python3.10/site-packages/numpy/_core/__pycache__/function_base.cpython-310.pyc
 D afruheritage-platform/venv/lib/python3.10/site-packages/numpy/_core/__pycache__/getlimits.cpython-310.pyc
 D afruheritage-platform/venv/lib/python3.10/site-packages/numpy/_core/__pycache__/memmap.cpython-310.pyc
 D afruheritage-platform/venv/lib/python3.10/site-packages/numpy/_core/__pycache__/multiarray.cpython-310.pyc
 D afruheritage-platform/venv/lib/python3.10/site-packages/numpy/_core/__pycache__/numeric.cpython-310.pyc
 D afruheritage-platform/venv/lib/python3.10/site-packages/numpy/_core/__pycache__/numerictypes.cpython-310.pyc
 D afruheritage-platform/venv/lib/python3.10/site-packages/numpy/_core/__pycache__/overrides.cpython-310.pyc
 D afruheritage-platform/venv/lib/python3.10/site-packages/numpy/_core/__pycache__/printoptions.cpython-310.pyc
 D afruheritage-platform/venv/lib/python3.10/site-packages/numpy/_core/__pycache__/records.cpython-310.pyc
 D afruheritage-platform/venv/lib/python3.10/site-packages/numpy/_core/__pycache__/shape_base.cpython-310.pyc
 D afruheritage-platform/venv/lib/python3.10/site-packages/numpy/_core/__pycache__/strings.cpython-310.pyc
 D afruheritage-platform/venv/lib/python3.10/site-packages/numpy/_core/__pycache__/umath.cpython-310.pyc
 D afruheritage-platform/venv/lib/python3.10/site-packages/numpy/_core/tests/__pycache__/_locales.cpython-310.pyc
 D afruheritage-platform/venv/lib/python3.10/site-packages/numpy/_core/tests/__pycache__/_natype.cpython-310.pyc
 D afruheritage-platform/venv/lib/python3.10/site-packages/numpy/_core/tests/__pycache__/test__exceptions.cpython-310.pyc
 D afruheritage-platform/venv/lib/python3.10/site-packages/numpy/_core/tests/__pycache__/test_abc.cpython-310.pyc
 D afruheritage-platform/venv/lib/python3.10/site-packages/numpy/_core/tests/__pycache__/test_api.cpython-310.pyc
 D afruheritage-platform/venv/lib/python3.10/site-packages/numpy/_core/tests/__pycache__/test_argparse.cpython-310.pyc
 D afruheritage-platform/venv/lib/python3.10/site-packages/numpy/_core/tests/__pycache__/test_array_api_info.cpython-310.pyc
 D afruheritage-platform/venv/lib/python3.10/site-packages/numpy/_core/tests/__pycache__/test_array_coercion.cpython-310.pyc
 D afruheritage-platform/venv/lib/python3.10/site-packages/numpy/_core/tests/__pycache__/test_array_interface.cpython-310.pyc
 D afruheritage-platform/venv/lib/python3.10/site-packages/numpy/_core/tests/__pycache__/test_arraymethod.cpython-310.pyc
 D afruheritage-platform/venv/lib/python3.10/site-packages/numpy/_core/tests/__pycache__/test_arrayobject.cpython-310.pyc
 D afruheritage-platform/venv/lib/python3.10/site-packages/numpy/_core/tests/__pycache__/test_arrayprint.cpython-310.pyc
 D afruheritage-platform/venv/lib/python3.10/site-packages/numpy/_core/tests/__pycache__/test_casting_floatingpoint_errors.cpython-310.pyc
 D afruheritage-platform/venv/lib/python3.10/site-packages/numpy/_core/tests/__pycache__/test_casting_unittests.cpython-310.pyc
 D afruheritage-platform/venv/lib/python3.10/site-packages/numpy/_core/tests/__pycache__/test_conversion_utils.cpython-310.pyc
 D afruheritage-platform/venv/lib/python3.10/site-packages/numpy/_core/tests/__pycache__/test_cpu_dispatcher.cpython-310.pyc
 D afruheritage-platform/venv/lib/python3.10/site-packages/numpy/_core/tests/__pycache__/test_cpu_features.cpython-310.pyc
 D afruheritage-platform/venv/lib/python3.10/site-packages/numpy/_core/tests/__pycache__/test_custom_dtypes.cpython-310.pyc
 D afruheritage-platform/venv/lib/python3.10/site-packages/numpy/_core/tests/__pycache__/test_cython.cpython-310.pyc
 D afruheritage-platform/venv/lib/python3.10/site-packages/numpy/_core/tests/__pycache__/test_datetime.cpython-310.pyc
 D afruheritage-platform/venv/lib/python3.10/site-packages/numpy/_core/tests/__pycache__/test_defchararray.cpython-310.pyc
 D afruheritage-platform/venv/lib/python3.10/site-packages/numpy/_core/tests/__pycache__/test_deprecations.cpython-310.pyc
 D afruheritage-platform/venv/lib/python3.10/site-packages/numpy/_core/tests/__pycache__/test_dlpack.cpython-310.pyc
 D afruheritage-platform/venv/lib/python3.10/site-packages/numpy/_core/tests/__pycache__/test_dtype.cpython-310.pyc
 D afruheritage-platform/venv/lib/python3.10/site-packages/numpy/_core/tests/__pycache__/test_einsum.cpython-310.pyc
 D afruheritage-platform/venv/lib/python3.10/site-packages/numpy/_core/tests/__pycache__/test_errstate.cpython-310.pyc
 D afruheritage-platform/venv/lib/python3.10/site-packages/numpy/_core/tests/__pycache__/test_extint128.cpython-310.pyc
 D afruheritage-platform/venv/lib/python3.10/site-packages/numpy/_core/tests/__pycache__/test_function_base.cpython-310.pyc
 D afruheritage-platform/venv/lib/python3.10/site-packages/numpy/_core/tests/__pycache__/test_getlimits.cpython-310.pyc
 D afruheritage-platform/venv/lib/python3.10/site-packages/numpy/_core/tests/__pycache__/test_half.cpython-310.pyc
 D afruheritage-platform/venv/lib/python3.10/site-packages/numpy/_core/tests/__pycache__/test_hashtable.cpython-310.pyc
 D afruheritage-platform/venv/lib/python3.10/site-packages/numpy/_core/tests/__pycache__/test_indexerrors.cpython-310.pyc
 D afruheritage-platform/venv/lib/python3.10/site-packages/numpy/_core/tests/__pycache__/test_indexing.cpython-310.pyc
 D afruheritage-platform/venv/lib/python3.10/site-packages/numpy/_core/tests/__pycache__/test_item_selection.cpython-310.pyc
 D afruheritage-platform/venv/lib/python3.10/site-packages/numpy/_core/tests/__pycache__/test_limited_api.cpython-310.pyc
 D afruheritage-platform/venv/lib/python3.10/site-packages/numpy/_core/tests/__pycache__/test_longdouble.cpython-310.pyc
 D afruheritage-platform/venv/lib/python3.10/site-packages/numpy/_core/tests/__pycache__/test_machar.cpython-310.pyc
 D afruheritage-platform/venv/lib/python3.10/site-packages/numpy/_core/tests/__pycache__/test_mem_overlap.cpython-310.pyc
 D afruheritage-platform/venv/lib/python3.10/site-packages/numpy/_core/tests/__pycache__/test_mem_policy.cpython-310.pyc
 D afruheritage-platform/venv/lib/python3.10/site-packages/numpy/_core/tests/__pycache__/test_memmap.cpython-310.pyc
 D afruheritage-platform/venv/lib/python3.10/site-packages/numpy/_core/tests/__pycache__/test_multiarray.cpython-310.pyc
 D afruheritage-platform/venv/lib/python3.10/site-packages/numpy/_core/tests/__pycache__/test_multithreading.cpython-310.pyc
 D afruheritage-platform/venv/lib/python3.10/site-packages/numpy/_core/tests/__pycache__/test_nditer.cpython-310.pyc
 D afruheritage-platform/venv/lib/python3.10/site-packages/numpy/_core/tests/__pycache__/test_nep50_promotions.cpython-310.pyc
 D afruheritage-platform/venv/lib/python3.10/site-packages/numpy/_core/tests/__pycache__/test_numeric.cpython-310.pyc
 D afruheritage-platform/venv/lib/python3.10/site-packages/numpy/_core/tests/__pycache__/test_numerictypes.cpython-310.pyc
 D afruheritage-platform/venv/lib/python3.10/site-packages/numpy/_core/tests/__pycache__/test_overrides.cpython-310.pyc
 D afruheritage-platform/venv/lib/python3.10/site-packages/numpy/_core/tests/__pycache__/test_print.cpython-310.pyc
 D afruheritage-platform/venv/lib/python3.10/site-packages/numpy/_core/tests/__pycache__/test_protocols.cpython-310.pyc
 D afruheritage-platform/venv/lib/python3.10/site-packages/numpy/_core/tests/__pycache__/test_records.cpython-310.pyc
 D afruheritage-platform/venv/lib/python3.10/site-packages/numpy/_core/tests/__pycache__/test_regression.cpython-310.pyc
 D afruheritage-platform/venv/lib/python3.10/site-packages/numpy/_core/tests/__pycache__/test_scalar_ctors.cpython-310.pyc
 D afruheritage-platform/venv/lib/python3.10/site-packages/numpy/_core/tests/__pycache__/test_scalar_methods.cpython-310.pyc
 D afruheritage-platform/venv/lib/python3.10/site-packages/numpy/_core/tests/__pycache__/test_scalarbuffer.cpython-310.pyc
 D afruheritage-platform/venv/lib/python3.10/site-packages/numpy/_core/tests/__pycache__/test_scalarinherit.cpython-310.pyc
 D afruheritage-platform/venv/lib/python3.10/site-packages/numpy/_core/tests/__pycache__/test_scalarmath.cpython-310.pyc
 D afruheritage-platform/venv/lib/python3.10/site-packages/numpy/_core/tests/__pycache__/test_scalarprint.cpython-310.pyc
 D afruheritage-platform/venv/lib/python3.10/site-packages/numpy/_core/tests/__pycache__/test_shape_base.cpython-310.pyc
 D afruheritage-platform/venv/lib/python3.10/site-packages/numpy/_core/tests/__pycache__/test_simd.cpython-310.pyc
 D afruheritage-platform/venv/lib/python3.10/site-packages/numpy/_core/tests/__pycache__/test_simd_module.cpython-310.pyc
 D afruheritage-platform/venv/lib/python3.10/site-packages/numpy/_core/tests/__pycache__/test_stringdtype.cpython-310.pyc
 D afruheritage-platform/venv/lib/python3.10/site-packages/numpy/_core/tests/__pycache__/test_strings.cpython-310.pyc
 D afruheritage-platform/venv/lib/python3.10/site-packages/numpy/_core/tests/__pycache__/test_ufunc.cpython-310.pyc
 D afruheritage-platform/venv/lib/python3.10/site-packages/numpy/_core/tests/__pycache__/test_umath.cpython-310.pyc
 D afruheritage-platform/venv/lib/python3.10/site-packages/numpy/_core/tests/__pycache__/test_umath_accuracy.cpython-310.pyc
 D afruheritage-platform/venv/lib/python3.10/site-packages/numpy/_core/tests/__pycache__/test_umath_complex.cpython-310.pyc
 D afruheritage-platform/venv/lib/python3.10/site-packages/numpy/_core/tests/__pycache__/test_unicode.cpython-310.pyc
 D afruheritage-platform/venv/lib/python3.10/site-packages/numpy/_core/tests/examples/cython/__pycache__/setup.cpython-310.pyc
 D afruheritage-platform/venv/lib/python3.10/site-packages/numpy/_core/tests/examples/limited_api/__pycache__/setup.cpython-310.pyc
 D afruheritage-platform/venv/lib/python3.10/site-packages/numpy/_pyinstaller/__pycache__/__init__.cpython-310.pyc
 D afruheritage-platform/venv/lib/python3.10/site-packages/numpy/_pyinstaller/__pycache__/hook-numpy.cpython-310.pyc
 D afruheritage-platform/venv/lib/python3.10/site-packages/numpy/_pyinstaller/tests/__pycache__/__init__.cpython-310.pyc
 D afruheritage-platform/venv/lib/python3.10/site-packages/numpy/_pyinstaller/tests/__pycache__/pyinstaller-smoke.cpython-310.pyc
 D afruheritage-platform/venv/lib/python3.10/site-packages/numpy/_pyinstaller/tests/__pycache__/test_pyinstaller.cpython-310.pyc
 D afruheritage-platform/venv/lib/python3.10/site-packages/numpy/_typing/__pycache__/__init__.cpython-310.pyc
 D afruheritage-platform/venv/lib/python3.10/site-packages/numpy/_typing/__pycache__/_add_docstring.cpython-310.pyc
 D afruheritage-platform/venv/lib/python3.10/site-packages/numpy/_typing/__pycache__/_array_like.cpython-310.pyc
 D afruheritage-platform/venv/lib/python3.10/site-packages/numpy/_typing/__pycache__/_char_codes.cpython-310.pyc
 D afruheritage-platform/venv/lib/python3.10/site-packages/numpy/_typing/__pycache__/_dtype_like.cpython-310.pyc
 D afruheritage-platform/venv/lib/python3.10/site-packages/numpy/_typing/__pycache__/_extended_precision.cpython-310.pyc
 D afruheritage-platform/venv/lib/python3.10/site-packages/numpy/_typing/__pycache__/_nbit.cpython-310.pyc
 D afruheritage-platform/venv/lib/python3.10/site-packages/numpy/_typing/__pycache__/_nbit_base.cpython-310.pyc
 D afruheritage-platform/venv/lib/python3.10/site-packages/numpy/_typing/__pycache__/_nested_sequence.cpython-310.pyc
 D afruheritage-platform/venv/lib/python3.10/site-packages/numpy/_typing/__pycache__/_scalars.cpython-310.pyc
 D afruheritage-platform/venv/lib/python3.10/site-packages/numpy/_typing/__pycache__/_shape.cpython-310.pyc
 D afruheritage-platform/venv/lib/python3.10/site-packages/numpy/_typing/__pycache__/_ufunc.cpython-310.pyc
 D afruheritage-platform/venv/lib/python3.10/site-packages/numpy/_utils/__pycache__/__init__.cpython-310.pyc
 D afruheritage-platform/venv/lib/python3.10/site-packages/numpy/_utils/__pycache__/_convertions.cpython-310.pyc
 D afruheritage-platform/venv/lib/python3.10/site-packages/numpy/_utils/__pycache__/_inspect.cpython-310.pyc
 D afruheritage-platform/venv/lib/python3.10/site-packages/numpy/_utils/__pycache__/_pep440.cpython-310.pyc
 D afruheritage-platform/venv/lib/python3.10/site-packages/numpy/char/__pycache__/__init__.cpython-310.pyc
 D afruheritage-platform/venv/lib/python3.10/site-packages/numpy/compat/__pycache__/__init__.cpython-310.pyc
 D afruheritage-platform/venv/lib/python3.10/site-packages/numpy/compat/__pycache__/py3k.cpython-310.pyc
 D afruheritage-platform/venv/lib/python3.10/site-packages/numpy/compat/tests/__pycache__/__init__.cpython-310.pyc
 D afruheritage-platform/venv/lib/python3.10/site-packages/numpy/core/__pycache__/__init__.cpython-310.pyc
 D afruheritage-platform/venv/lib/python3.10/site-packages/numpy/core/__pycache__/_dtype.cpython-310.pyc
 D afruheritage-platform/venv/lib/python3.10/site-packages/numpy/core/__pycache__/_dtype_ctypes.cpython-310.pyc
 D afruheritage-platform/venv/lib/python3.10/site-packages/numpy/core/__pycache__/_internal.cpython-310.pyc
 D afruheritage-platform/venv/lib/python3.10/site-packages/numpy/core/__pycache__/_multiarray_umath.cpython-310.pyc
 D afruheritage-platform/venv/lib/python3.10/site-packages/numpy/core/__pycache__/_utils.cpython-310.pyc
 D afruheritage-platform/venv/lib/python3.10/site-packages/numpy/core/__pycache__/arrayprint.cpython-310.pyc
 D afruheritage-platform/venv/lib/python3.10/site-packages/numpy/core/__pycache__/defchararray.cpython-310.pyc
 D afruheritage-platform/venv/lib/python3.10/site-packages/numpy/core/__pycache__/einsumfunc.cpython-310.pyc
 D afruheritage-platform/venv/lib/python3.10/site-packages/numpy/core/__pycache__/fromnumeric.cpython-310.pyc
 D afruheritage-platform/venv/lib/python3.10/site-packages/numpy/core/__pycache__/function_base.cpython-310.pyc
 D afruheritage-platform/venv/lib/python3.10/site-packages/numpy/core/__pycache__/getlimits.cpython-310.pyc
 D afruheritage-platform/venv/lib/python3.10/site-packages/numpy/core/__pycache__/multiarray.cpython-310.pyc
 D afruheritage-platform/venv/lib/python3.10/site-packages/numpy/core/__pycache__/numeric.cpython-310.pyc
 D afruheritage-platform/venv/lib/python3.10/site-packages/numpy/core/__pycache__/numerictypes.cpython-310.pyc
 D afruheritage-platform/venv/lib/python3.10/site-packages/numpy/core/__pycache__/overrides.cpython-310.pyc
 D afruheritage-platform/venv/lib/python3.10/site-packages/numpy/core/__pycache__/records.cpython-310.pyc
 D afruheritage-platform/venv/lib/python3.10/site-packages/numpy/core/__pycache__/shape_base.cpython-310.pyc
 D afruheritage-platform/venv/lib/python3.10/site-packages/numpy/core/__pycache__/umath.cpython-310.pyc
 D afruheritage-platform/venv/lib/python3.10/site-packages/numpy/distutils/__pycache__/__init__.cpython-310.pyc
 D afruheritage-platform/venv/lib/python3.10/site-packages/numpy/distutils/__pycache__/_shell_utils.cpython-310.pyc
 D afruheritage-platform/venv/lib/python3.10/site-packages/numpy/distutils/__pycache__/armccompiler.cpython-310.pyc
 D afruheritage-platform/venv/lib/python3.10/site-packages/numpy/distutils/__pycache__/ccompiler.cpython-310.pyc
 D afruheritage-platform/venv/lib/python3.10/site-packages/numpy/distutils/__pycache__/ccompiler_opt.cpython-310.pyc
 D afruheritage-platform/venv/lib/python3.10/site-packages/numpy/distutils/__pycache__/conv_template.cpython-310.pyc
 D afruheritage-platform/venv/lib/python3.10/site-packages/numpy/distutils/__pycache__/core.cpython-310.pyc
 D afruheritage-platform/venv/lib/python3.10/site-packages/numpy/distutils/__pycache__/cpuinfo.cpython-310.pyc
 D afruheritage-platform/venv/lib/python3.10/site-packages/numpy/distutils/__pycache__/exec_command.cpython-310.pyc
 D afruheritage-platform/venv/lib/python3.10/site-packages/numpy/distutils/__pycache__/extension.cpython-310.pyc
 D afruheritage-platform/venv/lib/python3.10/site-packages/numpy/distutils/__pycache__/from_template.cpython-310.pyc
 D afruheritage-platform/venv/lib/python3.10/site-packages/numpy/distutils/__pycache__/fujitsuccompiler.cpython-310.pyc
 D afruheritage-platform/venv/lib/python3.10/site-packages/numpy/distutils/__pycache__/intelccompiler.cpython-310.pyc
 D afruheritage-platform/venv/lib/python3.10/site-packages/numpy/distutils/__pycache__/lib2def.cpython-310.pyc
 D afruheritage-platform/venv/lib/python3.10/site-packages/numpy/distutils/__pycache__/line_endings.cpython-310.pyc
 D afruheritage-platform/venv/lib/python3.10/site-packages/numpy/distutils/__pycache__/log.cpython-310.pyc
 D afruheritage-platform/venv/lib/python3.10/site-packages/numpy/distutils/__pycache__/mingw32ccompiler.cpython-310.pyc
 D afruheritage-platform/venv/lib/python3.10/site-packages/numpy/distutils/__pycache__/misc_util.cpython-310.pyc
 D afruheritage-platform/venv/lib/python3.10/site-packages/numpy/distutils/__pycache__/msvc9compiler.cpython-310.pyc
 D afruheritage-platform/venv/lib/python3.10/site-packages/numpy/distutils/__pycache__/msvccompiler.cpython-310.pyc
 D afruheritage-platform/venv/lib/python3.10/site-packages/numpy/distutils/__pycache__/npy_pkg_config.cpython-310.pyc
 D afruheritage-platform/venv/lib/python3.10/site-packages/numpy/distutils/__pycache__/numpy_distribution.cpython-310.pyc
 D afruheritage-platform/venv/lib/python3.10/site-packages/numpy/distutils/__pycache__/pathccompiler.cpython-310.pyc
 D afruheritage-platform/venv/lib/python3.10/site-packages/numpy/distutils/__pycache__/system_info.cpython-310.pyc
 D afruheritage-platform/venv/lib/python3.10/site-packages/numpy/distutils/__pycache__/unixccompiler.cpython-310.pyc
 D afruheritage-platform/venv/lib/python3.10/site-packages/numpy/distutils/command/__pycache__/__init__.cpython-310.pyc
 D afruheritage-platform/venv/lib/python3.10/site-packages/numpy/distutils/command/__pycache__/autodist.cpython-310.pyc
 D afruheritage-platform/venv/lib/python3.10/site-packages/numpy/distutils/command/__pycache__/bdist_rpm.cpython-310.pyc
 D afruheritage-platform/venv/lib/python3.10/site-packages/numpy/distutils/command/__pycache__/build.cpython-310.pyc
 D afruheritage-platform/venv/lib/python3.10/site-packages/numpy/distutils/command/__pycache__/build_clib.cpython-310.pyc
 D afruheritage-platform/venv/lib/python3.10/site-packages/numpy/distutils/command/__pycache__/build_ext.cpython-310.pyc
 D afruheritage-platform/venv/lib/python3.10/site-packages/numpy/distutils/command/__pycache__/build_py.cpython-310.pyc
 D afruheritage-platform/venv/lib/python3.10/site-packages/numpy/distutils/command/__pycache__/build_scripts.cpython-310.pyc
 D afruheritage-platform/venv/lib/python3.10/site-packages/numpy/distutils/command/__pycache__/build_src.cpython-310.pyc
 D afruheritage-platform/venv/lib/python3.10/site-packages/numpy/distutils/command/__pycache__/config.cpython-310.pyc
 D afruheritage-platform/venv/lib/python3.10/site-packages/numpy/distutils/command/__pycache__/config_compiler.cpython-310.pyc
 D afruheritage-platform/venv/lib/python3.10/site-packages/numpy/distutils/command/__pycache__/develop.cpython-310.pyc
 D afruheritage-platform/venv/lib/python3.10/site-packages/numpy/distutils/command/__pycache__/egg_info.cpython-310.pyc
 D afruheritage-platform/venv/lib/python3.10/site-packages/numpy/distutils/command/__pycache__/install.cpython-310.pyc
 D afruheritage-platform/venv/lib/python3.10/site-packages/numpy/distutils/command/__pycache__/install_clib.cpython-310.pyc
 D afruheritage-platform/venv/lib/python3.10/site-packages/numpy/distutils/command/__pycache__/install_data.cpython-310.pyc
 D afruheritage-platform/venv/lib/python3.10/site-packages/numpy/distutils/command/__pycache__/install_headers.cpython-310.pyc
 D afruheritage-platform/venv/lib/python3.10/site-packages/numpy/distutils/command/__pycache__/sdist.cpython-310.pyc
 D afruheritage-platform/venv/lib/python3.10/site-packages/numpy/distutils/fcompiler/__pycache__/__init__.cpython-310.pyc
 D afruheritage-platform/venv/lib/python3.10/site-packages/numpy/distutils/fcompiler/__pycache__/absoft.cpython-310.pyc
 D afruheritage-platform/venv/lib/python3.10/site-packages/numpy/distutils/fcompiler/__pycache__/arm.cpython-310.pyc
 D afruheritage-platform/venv/lib/python3.10/site-packages/numpy/distutils/fcompiler/__pycache__/compaq.cpython-310.pyc
 D afruheritage-platform/venv/lib/python3.10/site-packages/numpy/distutils/fcompiler/__pycache__/environment.cpython-310.pyc
 D afruheritage-platform/venv/lib/python3.10/site-packages/numpy/distutils/fcompiler/__pycache__/fujitsu.cpython-310.pyc
 D afruheritage-platform/venv/lib/python3.10/site-packages/numpy/distutils/fcompiler/__pycache__/g95.cpython-310.pyc
 D afruheritage-platform/venv/lib/python3.10/site-packages/numpy/distutils/fcompiler/__pycache__/gnu.cpython-310.pyc
 D afruheritage-platform/venv/lib/python3.10/site-packages/numpy/distutils/fcompiler/__pycache__/hpux.cpython-310.pyc
 D afruheritage-platform/venv/lib/python3.10/site-packages/numpy/distutils/fcompiler/__pycache__/ibm.cpython-310.pyc
 D afruheritage-platform/venv/lib/python3.10/site-packages/numpy/distutils/fcompiler/__pycache__/intel.cpython-310.pyc
 D afruheritage-platform/venv/lib/python3.10/site-packages/numpy/distutils/fcompiler/__pycache__/lahey.cpython-310.pyc
 D afruheritage-platform/venv/lib/python3.10/site-packages/numpy/distutils/fcompiler/__pycache__/mips.cpython-310.pyc
 D afruheritage-platform/venv/lib/python3.10/site-packages/numpy/distutils/fcompiler/__pycache__/nag.cpython-310.pyc
 D afruheritage-platform/venv/lib/python3.10/site-packages/numpy/distutils/fcompiler/__pycache__/none.cpython-310.pyc
 D afruheritage-platform/venv/lib/python3.10/site-packages/numpy/distutils/fcompiler/__pycache__/nv.cpython-310.pyc
 D afruheritage-platform/venv/lib/python3.10/site-packages/numpy/distutils/fcompiler/__pycache__/pathf95.cpython-310.pyc
 D afruheritage-platform/venv/lib/python3.10/site-packages/numpy/distutils/fcompiler/__pycache__/pg.cpython-310.pyc
 D afruheritage-platform/venv/lib/python3.10/site-packages/numpy/distutils/fcompiler/__pycache__/sun.cpython-310.pyc
 D afruheritage-platform/venv/lib/python3.10/site-packages/numpy/distutils/fcompiler/__pycache__/vast.cpython-310.pyc
 D afruheritage-platform/venv/lib/python3.10/site-packages/numpy/distutils/tests/__pycache__/__init__.cpython-310.pyc
 D afruheritage-platform/venv/lib/python3.10/site-packages/numpy/distutils/tests/__pycache__/test_build_ext.cpython-310.pyc
 D afruheritage-platform/venv/lib/python3.10/site-packages/numpy/distutils/tests/__pycache__/test_ccompiler_opt.cpython-310.pyc
 D afruheritage-platform/venv/lib/python3.10/site-packages/numpy/distutils/tests/__pycache__/test_ccompiler_opt_conf.cpython-310.pyc
 D afruheritage-platform/venv/lib/python3.10/site-packages/numpy/distutils/tests/__pycache__/test_exec_command.cpython-310.pyc
 D afruheritage-platform/venv/lib/python3.10/site-packages/numpy/distutils/tests/__pycache__/test_fcompiler.cpython-310.pyc
 D afruheritage-platform/venv/lib/python3.10/site-packages/numpy/distutils/tests/__pycache__/test_fcompiler_gnu.cpython-310.pyc
 D afruheritage-platform/venv/lib/python3.10/site-packages/numpy/distutils/tests/__pycache__/test_fcompiler_intel.cpython-310.pyc
 D afruheritage-platform/venv/lib/python3.10/site-packages/numpy/distutils/tests/__pycache__/test_fcompiler_nagfor.cpython-310.pyc
 D afruheritage-platform/venv/lib/python3.10/site-packages/numpy/distutils/tests/__pycache__/test_from_template.cpython-310.pyc
 D afruheritage-platform/venv/lib/python3.10/site-packages/numpy/distutils/tests/__pycache__/test_log.cpython-310.pyc
 D afruheritage-platform/venv/lib/python3.10/site-packages/numpy/distutils/tests/__pycache__/test_mingw32ccompiler.cpython-310.pyc
 D afruheritage-platform/venv/lib/python3.10/site-packages/numpy/distutils/tests/__pycache__/test_misc_util.cpython-310.pyc
 D afruheritage-platform/venv/lib/python3.10/site-packages/numpy/distutils/tests/__pycache__/test_npy_pkg_config.cpython-310.pyc
 D afruheritage-platform/venv/lib/python3.10/site-packages/numpy/distutils/tests/__pycache__/test_shell_utils.cpython-310.pyc
 D afruheritage-platform/venv/lib/python3.10/site-packages/numpy/distutils/tests/__pycache__/test_system_info.cpython-310.pyc
 D afruheritage-platform/venv/lib/python3.10/site-packages/numpy/distutils/tests/__pycache__/utilities.cpython-310.pyc
 D afruheritage-platform/venv/lib/python3.10/site-packages/numpy/doc/__pycache__/ufuncs.cpython-310.pyc
 D afruheritage-platform/venv/lib/python3.10/site-packages/numpy/f2py/__pycache__/__init__.cpython-310.pyc
 D afruheritage-platform/venv/lib/python3.10/site-packages/numpy/f2py/__pycache__/__main__.cpython-310.pyc
 D afruheritage-platform/venv/lib/python3.10/site-packages/numpy/f2py/__pycache__/__version__.cpython-310.pyc
 D afruheritage-platform/venv/lib/python3.10/site-packages/numpy/f2py/__pycache__/_isocbind.cpython-310.pyc
 D afruheritage-platform/venv/lib/python3.10/site-packages/numpy/f2py/__pycache__/_src_pyf.cpython-310.pyc
 D afruheritage-platform/venv/lib/python3.10/site-packages/numpy/f2py/__pycache__/auxfuncs.cpython-310.pyc
 D afruheritage-platform/venv/lib/python3.10/site-packages/numpy/f2py/__pycache__/capi_maps.cpython-310.pyc
 D afruheritage-platform/venv/lib/python3.10/site-packages/numpy/f2py/__pycache__/cb_rules.cpython-310.pyc
 D afruheritage-platform/venv/lib/python3.10/site-packages/numpy/f2py/__pycache__/cfuncs.cpython-310.pyc
 D afruheritage-platform/venv/lib/python3.10/site-packages/numpy/f2py/__pycache__/common_rules.cpython-310.pyc
 D afruheritage-platform/venv/lib/python3.10/site-packages/numpy/f2py/__pycache__/crackfortran.cpython-310.pyc
 D afruheritage-platform/venv/lib/python3.10/site-packages/numpy/f2py/__pycache__/diagnose.cpython-310.pyc
 D afruheritage-platform/venv/lib/python3.10/site-packages/numpy/f2py/__pycache__/f2py2e.cpython-310.pyc
 D afruheritage-platform/venv/lib/python3.10/site-packages/numpy/f2py/__pycache__/f90mod_rules.cpython-310.pyc
 D afruheritage-platform/venv/lib/python3.10/site-packages/numpy/f2py/__pycache__/func2subr.cpython-310.pyc
 D afruheritage-platform/venv/lib/python3.10/site-packages/numpy/f2py/__pycache__/rules.cpython-310.pyc
 D afruheritage-platform/venv/lib/python3.10/site-packages/numpy/f2py/__pycache__/symbolic.cpython-310.pyc
 D afruheritage-platform/venv/lib/python3.10/site-packages/numpy/f2py/__pycache__/use_rules.cpython-310.pyc
 D afruheritage-platform/venv/lib/python3.10/site-packages/numpy/f2py/_backends/__pycache__/__init__.cpython-310.pyc
 D afruheritage-platform/venv/lib/python3.10/site-packages/numpy/f2py/_backends/__pycache__/_backend.cpython-310.pyc
 D afruheritage-platform/venv/lib/python3.10/site-packages/numpy/f2py/_backends/__pycache__/_distutils.cpython-310.pyc
 D afruheritage-platform/venv/lib/python3.10/site-packages/numpy/f2py/_backends/__pycache__/_meson.cpython-310.pyc
 D afruheritage-platform/venv/lib/python3.10/site-packages/numpy/f2py/tests/__pycache__/__init__.cpython-310.pyc
 D afruheritage-platform/venv/lib/python3.10/site-packages/numpy/f2py/tests/__pycache__/test_abstract_interface.cpython-310.pyc
 D afruheritage-platform/venv/lib/python3.10/site-packages/numpy/f2py/tests/__pycache__/test_array_from_pyobj.cpython-310.pyc
 D afruheritage-platform/venv/lib/python3.10/site-packages/numpy/f2py/tests/__pycache__/test_assumed_shape.cpython-310.pyc
 D afruheritage-platform/venv/lib/python3.10/site-packages/numpy/f2py/tests/__pycache__/test_block_docstring.cpython-310.pyc
 D afruheritage-platform/venv/lib/python3.10/site-packages/numpy/f2py/tests/__pycache__/test_callback.cpython-310.pyc
 D afruheritage-platform/venv/lib/python3.10/site-packages/numpy/f2py/tests/__pycache__/test_character.cpython-310.pyc
 D afruheritage-platform/venv/lib/python3.10/site-packages/numpy/f2py/tests/__pycache__/test_common.cpython-310.pyc
 D afruheritage-platform/venv/lib/python3.10/site-packages/numpy/f2py/tests/__pycache__/test_crackfortran.cpython-310.pyc
 D afruheritage-platform/venv/lib/python3.10/site-packages/numpy/f2py/tests/__pycache__/test_data.cpython-310.pyc
 D afruheritage-platform/venv/lib/python3.10/site-packages/numpy/f2py/tests/__pycache__/test_docs.cpython-310.pyc
 D afruheritage-platform/venv/lib/python3.10/site-packages/numpy/f2py/tests/__pycache__/test_f2cmap.cpython-310.pyc
 D afruheritage-platform/venv/lib/python3.10/site-packages/numpy/f2py/tests/__pycache__/test_f2py2e.cpython-310.pyc
 D afruheritage-platform/venv/lib/python3.10/site-packages/numpy/f2py/tests/__pycache__/test_isoc.cpython-310.pyc
 D afruheritage-platform/venv/lib/python3.10/site-packages/numpy/f2py/tests/__pycache__/test_kind.cpython-310.pyc
 D afruheritage-platform/venv/lib/python3.10/site-packages/numpy/f2py/tests/__pycache__/test_mixed.cpython-310.pyc
 D afruheritage-platform/venv/lib/python3.10/site-packages/numpy/f2py/tests/__pycache__/test_modules.cpython-310.pyc
 D afruheritage-platform/venv/lib/python3.10/site-packages/numpy/f2py/tests/__pycache__/test_parameter.cpython-310.pyc
 D afruheritage-platform/venv/lib/python3.10/site-packages/numpy/f2py/tests/__pycache__/test_pyf_src.cpython-310.pyc
 D afruheritage-platform/venv/lib/python3.10/site-packages/numpy/f2py/tests/__pycache__/test_quoted_character.cpython-310.pyc
 D afruheritage-platform/venv/lib/python3.10/site-packages/numpy/f2py/tests/__pycache__/test_regression.cpython-310.pyc
 D afruheritage-platform/venv/lib/python3.10/site-packages/numpy/f2py/tests/__pycache__/test_return_character.cpython-310.pyc
 D afruheritage-platform/venv/lib/python3.10/site-packages/numpy/f2py/tests/__pycache__/test_return_complex.cpython-310.pyc
 D afruheritage-platform/venv/lib/python3.10/site-packages/numpy/f2py/tests/__pycache__/test_return_integer.cpython-310.pyc
 D afruheritage-platform/venv/lib/python3.10/site-packages/numpy/f2py/tests/__pycache__/test_return_logical.cpython-310.pyc
 D afruheritage-platform/venv/lib/python3.10/site-packages/numpy/f2py/tests/__pycache__/test_return_real.cpython-310.pyc
 D afruheritage-platform/venv/lib/python3.10/site-packages/numpy/f2py/tests/__pycache__/test_routines.cpython-310.pyc
 D afruheritage-platform/venv/lib/python3.10/site-packages/numpy/f2py/tests/__pycache__/test_semicolon_split.cpython-310.pyc
 D afruheritage-platform/venv/lib/python3.10/site-packages/numpy/f2py/tests/__pycache__/test_size.cpython-310.pyc
 D afruheritage-platform/venv/lib/python3.10/site-packages/numpy/f2py/tests/__pycache__/test_string.cpython-310.pyc
 D afruheritage-platform/venv/lib/python3.10/site-packages/numpy/f2py/tests/__pycache__/test_symbolic.cpython-310.pyc
 D afruheritage-platform/venv/lib/python3.10/site-packages/numpy/f2py/tests/__pycache__/test_value_attrspec.cpython-310.pyc
 D afruheritage-platform/venv/lib/python3.10/site-packages/numpy/f2py/tests/__pycache__/util.cpython-310.pyc
 D afruheritage-platform/venv/lib/python3.10/site-packages/numpy/fft/__pycache__/__init__.cpython-310.pyc
 D afruheritage-platform/venv/lib/python3.10/site-packages/numpy/fft/__pycache__/_helper.cpython-310.pyc
 D afruheritage-platform/venv/lib/python3.10/site-packages/numpy/fft/__pycache__/_pocketfft.cpython-310.pyc
 D afruheritage-platform/venv/lib/python3.10/site-packages/numpy/fft/__pycache__/helper.cpython-310.pyc
 D afruheritage-platform/venv/lib/python3.10/site-packages/numpy/fft/tests/__pycache__/__init__.cpython-310.pyc
 D afruheritage-platform/venv/lib/python3.10/site-packages/numpy/fft/tests/__pycache__/test_helper.cpython-310.pyc
 D afruheritage-platform/venv/lib/python3.10/site-packages/numpy/fft/tests/__pycache__/test_pocketfft.cpython-310.pyc
 D afruheritage-platform/venv/lib/python3.10/site-packages/numpy/lib/__pycache__/__init__.cpython-310.pyc
 D afruheritage-platform/venv/lib/python3.10/site-packages/numpy/lib/__pycache__/_array_utils_impl.cpython-310.pyc
 D afruheritage-platform/venv/lib/python3.10/site-packages/numpy/lib/__pycache__/_arraypad_impl.cpython-310.pyc
 D afruheritage-platform/venv/lib/python3.10/site-packages/numpy/lib/__pycache__/_arraysetops_impl.cpython-310.pyc
 D afruheritage-platform/venv/lib/python3.10/site-packages/numpy/lib/__pycache__/_arrayterator_impl.cpython-310.pyc
 D afruheritage-platform/venv/lib/python3.10/site-packages/numpy/lib/__pycache__/_datasource.cpython-310.pyc
 D afruheritage-platform/venv/lib/python3.10/site-packages/numpy/lib/__pycache__/_function_base_impl.cpython-310.pyc
 D afruheritage-platform/venv/lib/python3.10/site-packages/numpy/lib/__pycache__/_histograms_impl.cpython-310.pyc
 D afruheritage-platform/venv/lib/python3.10/site-packages/numpy/lib/__pycache__/_index_tricks_impl.cpython-310.pyc
 D afruheritage-platform/venv/lib/python3.10/site-packages/numpy/lib/__pycache__/_iotools.cpython-310.pyc
 D afruheritage-platform/venv/lib/python3.10/site-packages/numpy/lib/__pycache__/_nanfunctions_impl.cpython-310.pyc
 D afruheritage-platform/venv/lib/python3.10/site-packages/numpy/lib/__pycache__/_npyio_impl.cpython-310.pyc
 D afruheritage-platform/venv/lib/python3.10/site-packages/numpy/lib/__pycache__/_polynomial_impl.cpython-310.pyc
 D afruheritage-platform/venv/lib/python3.10/site-packages/numpy/lib/__pycache__/_scimath_impl.cpython-310.pyc
 D afruheritage-platform/venv/lib/python3.10/site-packages/numpy/lib/__pycache__/_shape_base_impl.cpython-310.pyc
 D afruheritage-platform/venv/lib/python3.10/site-packages/numpy/lib/__pycache__/_stride_tricks_impl.cpython-310.pyc
 D afruheritage-platform/venv/lib/python3.10/site-packages/numpy/lib/__pycache__/_twodim_base_impl.cpython-310.pyc
 D afruheritage-platform/venv/lib/python3.10/site-packages/numpy/lib/__pycache__/_type_check_impl.cpython-310.pyc
 D afruheritage-platform/venv/lib/python3.10/site-packages/numpy/lib/__pycache__/_ufunclike_impl.cpython-310.pyc
 D afruheritage-platform/venv/lib/python3.10/site-packages/numpy/lib/__pycache__/_user_array_impl.cpython-310.pyc
 D afruheritage-platform/venv/lib/python3.10/site-packages/numpy/lib/__pycache__/_utils_impl.cpython-310.pyc
 D afruheritage-platform/venv/lib/python3.10/site-packages/numpy/lib/__pycache__/_version.cpython-310.pyc
 D afruheritage-platform/venv/lib/python3.10/site-packages/numpy/lib/__pycache__/array_utils.cpython-310.pyc
 D afruheritage-platform/venv/lib/python3.10/site-packages/numpy/lib/__pycache__/format.cpython-310.pyc
 D afruheritage-platform/venv/lib/python3.10/site-packages/numpy/lib/__pycache__/introspect.cpython-310.pyc
 D afruheritage-platform/venv/lib/python3.10/site-packages/numpy/lib/__pycache__/mixins.cpython-310.pyc
 D afruheritage-platform/venv/lib/python3.10/site-packages/numpy/lib/__pycache__/npyio.cpython-310.pyc
 D afruheritage-platform/venv/lib/python3.10/site-packages/numpy/lib/__pycache__/recfunctions.cpython-310.pyc
 D afruheritage-platform/venv/lib/python3.10/site-packages/numpy/lib/__pycache__/scimath.cpython-310.pyc
 D afruheritage-platform/venv/lib/python3.10/site-packages/numpy/lib/__pycache__/stride_tricks.cpython-310.pyc
 D afruheritage-platform/venv/lib/python3.10/site-packages/numpy/lib/__pycache__/user_array.cpython-310.pyc
 D afruheritage-platform/venv/lib/python3.10/site-packages/numpy/lib/tests/__pycache__/__init__.cpython-310.pyc
 D afruheritage-platform/venv/lib/python3.10/site-packages/numpy/lib/tests/__pycache__/test__datasource.cpython-310.pyc
 D afruheritage-platform/venv/lib/python3.10/site-packages/numpy/lib/tests/__pycache__/test__iotools.cpython-310.pyc
 D afruheritage-platform/venv/lib/python3.10/site-packages/numpy/lib/tests/__pycache__/test__version.cpython-310.pyc
 D afruheritage-platform/venv/lib/python3.10/site-packages/numpy/lib/tests/__pycache__/test_array_utils.cpython-310.pyc
 D afruheritage-platform/venv/lib/python3.10/site-packages/numpy/lib/tests/__pycache__/test_arraypad.cpython-310.pyc
 D afruheritage-platform/venv/lib/python3.10/site-packages/numpy/lib/tests/__pycache__/test_arraysetops.cpython-310.pyc
 D afruheritage-platform/venv/lib/python3.10/site-packages/numpy/lib/tests/__pycache__/test_arrayterator.cpython-310.pyc
 D afruheritage-platform/venv/lib/python3.10/site-packages/numpy/lib/tests/__pycache__/test_format.cpython-310.pyc
 D afruheritage-platform/venv/lib/python3.10/site-packages/numpy/lib/tests/__pycache__/test_function_base.cpython-310.pyc
 D afruheritage-platform/venv/lib/python3.10/site-packages/numpy/lib/tests/__pycache__/test_histograms.cpython-310.pyc
 D afruheritage-platform/venv/lib/python3.10/site-packages/numpy/lib/tests/__pycache__/test_index_tricks.cpython-310.pyc
 D afruheritage-platform/venv/lib/python3.10/site-packages/numpy/lib/tests/__pycache__/test_io.cpython-310.pyc
 D afruheritage-platform/venv/lib/python3.10/site-packages/numpy/lib/tests/__pycache__/test_loadtxt.cpython-310.pyc
 D afruheritage-platform/venv/lib/python3.10/site-packages/numpy/lib/tests/__pycache__/test_mixins.cpython-310.pyc
 D afruheritage-platform/venv/lib/python3.10/site-packages/numpy/lib/tests/__pycache__/test_nanfunctions.cpython-310.pyc
 D afruheritage-platform/venv/lib/python3.10/site-packages/numpy/lib/tests/__pycache__/test_packbits.cpython-310.pyc
 D afruheritage-platform/venv/lib/python3.10/site-packages/numpy/lib/tests/__pycache__/test_polynomial.cpython-310.pyc
 D afruheritage-platform/venv/lib/python3.10/site-packages/numpy/lib/tests/__pycache__/test_recfunctions.cpython-310.pyc
 D afruheritage-platform/venv/lib/python3.10/site-packages/numpy/lib/tests/__pycache__/test_regression.cpython-310.pyc
 D afruheritage-platform/venv/lib/python3.10/site-packages/numpy/lib/tests/__pycache__/test_shape_base.cpython-310.pyc
 D afruheritage-platform/venv/lib/python3.10/site-packages/numpy/lib/tests/__pycache__/test_stride_tricks.cpython-310.pyc
 D afruheritage-platform/venv/lib/python3.10/site-packages/numpy/lib/tests/__pycache__/test_twodim_base.cpython-310.pyc
 D afruheritage-platform/venv/lib/python3.10/site-packages/numpy/lib/tests/__pycache__/test_type_check.cpython-310.pyc
 D afruheritage-platform/venv/lib/python3.10/site-packages/numpy/lib/tests/__pycache__/test_ufunclike.cpython-310.pyc
 D afruheritage-platform/venv/lib/python3.10/site-packages/numpy/lib/tests/__pycache__/test_utils.cpython-310.pyc
 D afruheritage-platform/venv/lib/python3.10/site-packages/numpy/linalg/__pycache__/__init__.cpython-310.pyc
 D afruheritage-platform/venv/lib/python3.10/site-packages/numpy/linalg/__pycache__/_linalg.cpython-310.pyc
 D afruheritage-platform/venv/lib/python3.10/site-packages/numpy/linalg/__pycache__/linalg.cpython-310.pyc
 D afruheritage-platform/venv/lib/python3.10/site-packages/numpy/linalg/tests/__pycache__/__init__.cpython-310.pyc
 D afruheritage-platform/venv/lib/python3.10/site-packages/numpy/linalg/tests/__pycache__/test_deprecations.cpython-310.pyc
 D afruheritage-platform/venv/lib/python3.10/site-packages/numpy/linalg/tests/__pycache__/test_linalg.cpython-310.pyc
 D afruheritage-platform/venv/lib/python3.10/site-packages/numpy/linalg/tests/__pycache__/test_regression.cpython-310.pyc
 D afruheritage-platform/venv/lib/python3.10/site-packages/numpy/ma/__pycache__/__init__.cpython-310.pyc
 D afruheritage-platform/venv/lib/python3.10/site-packages/numpy/ma/__pycache__/core.cpython-310.pyc
 D afruheritage-platform/venv/lib/python3.10/site-packages/numpy/ma/__pycache__/extras.cpython-310.pyc
 D afruheritage-platform/venv/lib/python3.10/site-packages/numpy/ma/__pycache__/mrecords.cpython-310.pyc
 D afruheritage-platform/venv/lib/python3.10/site-packages/numpy/ma/__pycache__/testutils.cpython-310.pyc
 D afruheritage-platform/venv/lib/python3.10/site-packages/numpy/ma/__pycache__/timer_comparison.cpython-310.pyc
 D afruheritage-platform/venv/lib/python3.10/site-packages/numpy/ma/tests/__pycache__/__init__.cpython-310.pyc
 D afruheritage-platform/venv/lib/python3.10/site-packages/numpy/ma/tests/__pycache__/test_arrayobject.cpython-310.pyc
 D afruheritage-platform/venv/lib/python3.10/site-packages/numpy/ma/tests/__pycache__/test_core.cpython-310.pyc
 D afruheritage-platform/venv/lib/python3.10/site-packages/numpy/ma/tests/__pycache__/test_deprecations.cpython-310.pyc
 D afruheritage-platform/venv/lib/python3.10/site-packages/numpy/ma/tests/__pycache__/test_extras.cpython-310.pyc
 D afruheritage-platform/venv/lib/python3.10/site-packages/numpy/ma/tests/__pycache__/test_mrecords.cpython-310.pyc
 D afruheritage-platform/venv/lib/python3.10/site-packages/numpy/ma/tests/__pycache__/test_old_ma.cpython-310.pyc
 D afruheritage-platform/venv/lib/python3.10/site-packages/numpy/ma/tests/__pycache__/test_regression.cpython-310.pyc
 D afruheritage-platform/venv/lib/python3.10/site-packages/numpy/ma/tests/__pycache__/test_subclassing.cpython-310.pyc
 D afruheritage-platform/venv/lib/python3.10/site-packages/numpy/matrixlib/__pycache__/__init__.cpython-310.pyc
 D afruheritage-platform/venv/lib/python3.10/site-packages/numpy/matrixlib/__pycache__/defmatrix.cpython-310.pyc
 D afruheritage-platform/venv/lib/python3.10/site-packages/numpy/matrixlib/tests/__pycache__/__init__.cpython-310.pyc
 D afruheritage-platform/venv/lib/python3.10/site-packages/numpy/matrixlib/tests/__pycache__/test_defmatrix.cpython-310.pyc
 D afruheritage-platform/venv/lib/python3.10/site-packages/numpy/matrixlib/tests/__pycache__/test_interaction.cpython-310.pyc
 D afruheritage-platform/venv/lib/python3.10/site-packages/numpy/matrixlib/tests/__pycache__/test_masked_matrix.cpython-310.pyc
 D afruheritage-platform/venv/lib/python3.10/site-packages/numpy/matrixlib/tests/__pycache__/test_matrix_linalg.cpython-310.pyc
 D afruheritage-platform/venv/lib/python3.10/site-packages/numpy/matrixlib/tests/__pycache__/test_multiarray.cpython-310.pyc
 D afruheritage-platform/venv/lib/python3.10/site-packages/numpy/matrixlib/tests/__pycache__/test_numeric.cpython-310.pyc
 D afruheritage-platform/venv/lib/python3.10/site-packages/numpy/matrixlib/tests/__pycache__/test_regression.cpython-310.pyc
 D afruheritage-platform/venv/lib/python3.10/site-packages/numpy/polynomial/__pycache__/__init__.cpython-310.pyc
 D afruheritage-platform/venv/lib/python3.10/site-packages/numpy/polynomial/__pycache__/_polybase.cpython-310.pyc
 D afruheritage-platform/venv/lib/python3.10/site-packages/numpy/polynomial/__pycache__/chebyshev.cpython-310.pyc
 D afruheritage-platform/venv/lib/python3.10/site-packages/numpy/polynomial/__pycache__/hermite.cpython-310.pyc
 D afruheritage-platform/venv/lib/python3.10/site-packages/numpy/polynomial/__pycache__/hermite_e.cpython-310.pyc
 D afruheritage-platform/venv/lib/python3.10/site-packages/numpy/polynomial/__pycache__/laguerre.cpython-310.pyc
 D afruheritage-platform/venv/lib/python3.10/site-packages/numpy/polynomial/__pycache__/legendre.cpython-310.pyc
 D afruheritage-platform/venv/lib/python3.10/site-packages/numpy/polynomial/__pycache__/polynomial.cpython-310.pyc
 D afruheritage-platform/venv/lib/python3.10/site-packages/numpy/polynomial/__pycache__/polyutils.cpython-310.pyc
 D afruheritage-platform/venv/lib/python3.10/site-packages/numpy/polynomial/tests/__pycache__/__init__.cpython-310.pyc
 D afruheritage-platform/venv/lib/python3.10/site-packages/numpy/polynomial/tests/__pycache__/test_chebyshev.cpython-310.pyc
 D afruheritage-platform/venv/lib/python3.10/site-packages/numpy/polynomial/tests/__pycache__/test_classes.cpython-310.pyc
 D afruheritage-platform/venv/lib/python3.10/site-packages/numpy/polynomial/tests/__pycache__/test_hermite.cpython-310.pyc
 D afruheritage-platform/venv/lib/python3.10/site-packages/numpy/polynomial/tests/__pycache__/test_hermite_e.cpython-310.pyc
 D afruheritage-platform/venv/lib/python3.10/site-packages/numpy/polynomial/tests/__pycache__/test_laguerre.cpython-310.pyc
 D afruheritage-platform/venv/lib/python3.10/site-packages/numpy/polynomial/tests/__pycache__/test_legendre.cpython-310.pyc
 D afruheritage-platform/venv/lib/python3.10/site-packages/numpy/polynomial/tests/__pycache__/test_polynomial.cpython-310.pyc
 D afruheritage-platform/venv/lib/python3.10/site-packages/numpy/polynomial/tests/__pycache__/test_polyutils.cpython-310.pyc
 D afruheritage-platform/venv/lib/python3.10/site-packages/numpy/polynomial/tests/__pycache__/test_printing.cpython-310.pyc
 D afruheritage-platform/venv/lib/python3.10/site-packages/numpy/polynomial/tests/__pycache__/test_symbol.cpython-310.pyc
 D afruheritage-platform/venv/lib/python3.10/site-packages/numpy/random/__pycache__/__init__.cpython-310.pyc
 D afruheritage-platform/venv/lib/python3.10/site-packages/numpy/random/__pycache__/_pickle.cpython-310.pyc
 D afruheritage-platform/venv/lib/python3.10/site-packages/numpy/random/_examples/cffi/__pycache__/extending.cpython-310.pyc
 D afruheritage-platform/venv/lib/python3.10/site-packages/numpy/random/_examples/cffi/__pycache__/parse.cpython-310.pyc
 D afruheritage-platform/venv/lib/python3.10/site-packages/numpy/random/_examples/numba/__pycache__/extending.cpython-310.pyc
 D afruheritage-platform/venv/lib/python3.10/site-packages/numpy/random/_examples/numba/__pycache__/extending_distributions.cpython-310.pyc
 D afruheritage-platform/venv/lib/python3.10/site-packages/numpy/random/tests/__pycache__/__init__.cpython-310.pyc
 D afruheritage-platform/venv/lib/python3.10/site-packages/numpy/random/tests/__pycache__/test_direct.cpython-310.pyc
 D afruheritage-platform/venv/lib/python3.10/site-packages/numpy/random/tests/__pycache__/test_extending.cpython-310.pyc
 D afruheritage-platform/venv/lib/python3.10/site-packages/numpy/random/tests/__pycache__/test_generator_mt19937.cpython-310.pyc
 D afruheritage-platform/venv/lib/python3.10/site-packages/numpy/random/tests/__pycache__/test_generator_mt19937_regressions.cpython-310.pyc
 D afruheritage-platform/venv/lib/python3.10/site-packages/numpy/random/tests/__pycache__/test_random.cpython-310.pyc
 D afruheritage-platform/venv/lib/python3.10/site-packages/numpy/random/tests/__pycache__/test_randomstate.cpython-310.pyc
 D afruheritage-platform/venv/lib/python3.10/site-packages/numpy/random/tests/__pycache__/test_randomstate_regression.cpython-310.pyc
 D afruheritage-platform/venv/lib/python3.10/site-packages/numpy/random/tests/__pycache__/test_regression.cpython-310.pyc
 D afruheritage-platform/venv/lib/python3.10/site-packages/numpy/random/tests/__pycache__/test_seed_sequence.cpython-310.pyc
 D afruheritage-platform/venv/lib/python3.10/site-packages/numpy/random/tests/__pycache__/test_smoke.cpython-310.pyc
 D afruheritage-platform/venv/lib/python3.10/site-packages/numpy/random/tests/data/__pycache__/__init__.cpython-310.pyc
 D afruheritage-platform/venv/lib/python3.10/site-packages/numpy/rec/__pycache__/__init__.cpython-310.pyc
 D afruheritage-platform/venv/lib/python3.10/site-packages/numpy/strings/__pycache__/__init__.cpython-310.pyc
 D afruheritage-platform/venv/lib/python3.10/site-packages/numpy/testing/__pycache__/__init__.cpython-310.pyc
 D afruheritage-platform/venv/lib/python3.10/site-packages/numpy/testing/__pycache__/overrides.cpython-310.pyc
 D afruheritage-platform/venv/lib/python3.10/site-packages/numpy/testing/__pycache__/print_coercion_tables.cpython-310.pyc
 D afruheritage-platform/venv/lib/python3.10/site-packages/numpy/testing/_private/__pycache__/__init__.cpython-310.pyc
 D afruheritage-platform/venv/lib/python3.10/site-packages/numpy/testing/_private/__pycache__/extbuild.cpython-310.pyc
 D afruheritage-platform/venv/lib/python3.10/site-packages/numpy/testing/_private/__pycache__/utils.cpython-310.pyc
 D afruheritage-platform/venv/lib/python3.10/site-packages/numpy/testing/tests/__pycache__/__init__.cpython-310.pyc
 D afruheritage-platform/venv/lib/python3.10/site-packages/numpy/testing/tests/__pycache__/test_utils.cpython-310.pyc
 D afruheritage-platform/venv/lib/python3.10/site-packages/numpy/tests/__pycache__/__init__.cpython-310.pyc
 D afruheritage-platform/venv/lib/python3.10/site-packages/numpy/tests/__pycache__/test__all__.cpython-310.pyc
 D afruheritage-platform/venv/lib/python3.10/site-packages/numpy/tests/__pycache__/test_configtool.cpython-310.pyc
 D afruheritage-platform/venv/lib/python3.10/site-packages/numpy/tests/__pycache__/test_ctypeslib.cpython-310.pyc
 D afruheritage-platform/venv/lib/python3.10/site-packages/numpy/tests/__pycache__/test_lazyloading.cpython-310.pyc
 D afruheritage-platform/venv/lib/python3.10/site-packages/numpy/tests/__pycache__/test_matlib.cpython-310.pyc
 D afruheritage-platform/venv/lib/python3.10/site-packages/numpy/tests/__pycache__/test_numpy_config.cpython-310.pyc
 D afruheritage-platform/venv/lib/python3.10/site-packages/numpy/tests/__pycache__/test_numpy_version.cpython-310.pyc
 D afruheritage-platform/venv/lib/python3.10/site-packages/numpy/tests/__pycache__/test_public_api.cpython-310.pyc
 D afruheritage-platform/venv/lib/python3.10/site-packages/numpy/tests/__pycache__/test_reloading.cpython-310.pyc
 D afruheritage-platform/venv/lib/python3.10/site-packages/numpy/tests/__pycache__/test_scripts.cpython-310.pyc
 D afruheritage-platform/venv/lib/python3.10/site-packages/numpy/tests/__pycache__/test_warnings.cpython-310.pyc
 D afruheritage-platform/venv/lib/python3.10/site-packages/numpy/typing/__pycache__/__init__.cpython-310.pyc
 D afruheritage-platform/venv/lib/python3.10/site-packages/numpy/typing/__pycache__/mypy_plugin.cpython-310.pyc
 D afruheritage-platform/venv/lib/python3.10/site-packages/numpy/typing/tests/__pycache__/__init__.cpython-310.pyc
 D afruheritage-platform/venv/lib/python3.10/site-packages/numpy/typing/tests/__pycache__/test_isfile.cpython-310.pyc
 D afruheritage-platform/venv/lib/python3.10/site-packages/numpy/typing/tests/__pycache__/test_runtime.cpython-310.pyc
 D afruheritage-platform/venv/lib/python3.10/site-packages/numpy/typing/tests/__pycache__/test_typing.cpython-310.pyc
 D afruheritage-platform/venv/lib/python3.10/site-packages/numpy/typing/tests/data/pass/__pycache__/arithmetic.cpython-310.pyc
 D afruheritage-platform/venv/lib/python3.10/site-packages/numpy/typing/tests/data/pass/__pycache__/array_constructors.cpython-310.pyc
 D afruheritage-platform/venv/lib/python3.10/site-packages/numpy/typing/tests/data/pass/__pycache__/array_like.cpython-310.pyc
 D afruheritage-platform/venv/lib/python3.10/site-packages/numpy/typing/tests/data/pass/__pycache__/arrayprint.cpython-310.pyc
 D afruheritage-platform/venv/lib/python3.10/site-packages/numpy/typing/tests/data/pass/__pycache__/arrayterator.cpython-310.pyc
 D afruheritage-platform/venv/lib/python3.10/site-packages/numpy/typing/tests/data/pass/__pycache__/bitwise_ops.cpython-310.pyc
 D afruheritage-platform/venv/lib/python3.10/site-packages/numpy/typing/tests/data/pass/__pycache__/comparisons.cpython-310.pyc
 D afruheritage-platform/venv/lib/python3.10/site-packages/numpy/typing/tests/data/pass/__pycache__/dtype.cpython-310.pyc
 D afruheritage-platform/venv/lib/python3.10/site-packages/numpy/typing/tests/data/pass/__pycache__/einsumfunc.cpython-310.pyc
 D afruheritage-platform/venv/lib/python3.10/site-packages/numpy/typing/tests/data/pass/__pycache__/flatiter.cpython-310.pyc
 D afruheritage-platform/venv/lib/python3.10/site-packages/numpy/typing/tests/data/pass/__pycache__/fromnumeric.cpython-310.pyc
 D afruheritage-platform/venv/lib/python3.10/site-packages/numpy/typing/tests/data/pass/__pycache__/index_tricks.cpython-310.pyc
 D afruheritage-platform/venv/lib/python3.10/site-packages/numpy/typing/tests/data/pass/__pycache__/lib_user_array.cpython-310.pyc
 D afruheritage-platform/venv/lib/python3.10/site-packages/numpy/typing/tests/data/pass/__pycache__/lib_utils.cpython-310.pyc
 D afruheritage-platform/venv/lib/python3.10/site-packages/numpy/typing/tests/data/pass/__pycache__/lib_version.cpython-310.pyc
 D afruheritage-platform/venv/lib/python3.10/site-packages/numpy/typing/tests/data/pass/__pycache__/literal.cpython-310.pyc
 D afruheritage-platform/venv/lib/python3.10/site-packages/numpy/typing/tests/data/pass/__pycache__/ma.cpython-310.pyc
 D afruheritage-platform/venv/lib/python3.10/site-packages/numpy/typing/tests/data/pass/__pycache__/mod.cpython-310.pyc
 D afruheritage-platform/venv/lib/python3.10/site-packages/numpy/typing/tests/data/pass/__pycache__/modules.cpython-310.pyc
 D afruheritage-platform/venv/lib/python3.10/site-packages/numpy/typing/tests/data/pass/__pycache__/multiarray.cpython-310.pyc
 D afruheritage-platform/venv/lib/python3.10/site-packages/numpy/typing/tests/data/pass/__pycache__/ndarray_conversion.cpython-310.pyc
 D afruheritage-platform/venv/lib/python3.10/site-packages/numpy/typing/tests/data/pass/__pycache__/ndarray_misc.cpython-310.pyc
 D afruheritage-platform/venv/lib/python3.10/site-packages/numpy/typing/tests/data/pass/__pycache__/ndarray_shape_manipulation.cpython-310.pyc
 D afruheritage-platform/venv/lib/python3.10/site-packages/numpy/typing/tests/data/pass/__pycache__/nditer.cpython-310.pyc
 D afruheritage-platform/venv/lib/python3.10/site-packages/numpy/typing/tests/data/pass/__pycache__/numeric.cpython-310.pyc
 D afruheritage-platform/venv/lib/python3.10/site-packages/numpy/typing/tests/data/pass/__pycache__/numerictypes.cpython-310.pyc
 D afruheritage-platform/venv/lib/python3.10/site-packages/numpy/typing/tests/data/pass/__pycache__/random.cpython-310.pyc
 D afruheritage-platform/venv/lib/python3.10/site-packages/numpy/typing/tests/data/pass/__pycache__/recfunctions.cpython-310.pyc
 D afruheritage-platform/venv/lib/python3.10/site-packages/numpy/typing/tests/data/pass/__pycache__/scalars.cpython-310.pyc
 D afruheritage-platform/venv/lib/python3.10/site-packages/numpy/typing/tests/data/pass/__pycache__/shape.cpython-310.pyc
 D afruheritage-platform/venv/lib/python3.10/site-packages/numpy/typing/tests/data/pass/__pycache__/simple.cpython-310.pyc
 D afruheritage-platform/venv/lib/python3.10/site-packages/numpy/typing/tests/data/pass/__pycache__/simple_py3.cpython-310.pyc
 D afruheritage-platform/venv/lib/python3.10/site-packages/numpy/typing/tests/data/pass/__pycache__/ufunc_config.cpython-310.pyc
 D afruheritage-platform/venv/lib/python3.10/site-packages/numpy/typing/tests/data/pass/__pycache__/ufunclike.cpython-310.pyc
 D afruheritage-platform/venv/lib/python3.10/site-packages/numpy/typing/tests/data/pass/__pycache__/ufuncs.cpython-310.pyc
 D afruheritage-platform/venv/lib/python3.10/site-packages/numpy/typing/tests/data/pass/__pycache__/warnings_and_errors.cpython-310.pyc
 D afruheritage-platform/venv/lib/python3.10/site-packages/packaging/__pycache__/__init__.cpython-310.pyc
 D afruheritage-platform/venv/lib/python3.10/site-packages/packaging/__pycache__/_elffile.cpython-310.pyc
 D afruheritage-platform/venv/lib/python3.10/site-packages/packaging/__pycache__/_manylinux.cpython-310.pyc
 D afruheritage-platform/venv/lib/python3.10/site-packages/packaging/__pycache__/_musllinux.cpython-310.pyc
 D afruheritage-platform/venv/lib/python3.10/site-packages/packaging/__pycache__/_parser.cpython-310.pyc
 D afruheritage-platform/venv/lib/python3.10/site-packages/packaging/__pycache__/_structures.cpython-310.pyc
 D afruheritage-platform/venv/lib/python3.10/site-packages/packaging/__pycache__/_tokenizer.cpython-310.pyc
 D afruheritage-platform/venv/lib/python3.10/site-packages/packaging/__pycache__/markers.cpython-310.pyc
 D afruheritage-platform/venv/lib/python3.10/site-packages/packaging/__pycache__/metadata.cpython-310.pyc
 D afruheritage-platform/venv/lib/python3.10/site-packages/packaging/__pycache__/pylock.cpython-310.pyc
 D afruheritage-platform/venv/lib/python3.10/site-packages/packaging/__pycache__/requirements.cpython-310.pyc
 D afruheritage-platform/venv/lib/python3.10/site-packages/packaging/__pycache__/specifiers.cpython-310.pyc
 D afruheritage-platform/venv/lib/python3.10/site-packages/packaging/__pycache__/tags.cpython-310.pyc
 D afruheritage-platform/venv/lib/python3.10/site-packages/packaging/__pycache__/utils.cpython-310.pyc
 D afruheritage-platform/venv/lib/python3.10/site-packages/packaging/__pycache__/version.cpython-310.pyc
 D afruheritage-platform/venv/lib/python3.10/site-packages/packaging/licenses/__pycache__/__init__.cpython-310.pyc
 D afruheritage-platform/venv/lib/python3.10/site-packages/packaging/licenses/__pycache__/_spdx.cpython-310.pyc
 D afruheritage-platform/venv/lib/python3.10/site-packages/paramiko/__pycache__/__init__.cpython-310.pyc
 D afruheritage-platform/venv/lib/python3.10/site-packages/paramiko/__pycache__/_version.cpython-310.pyc
 D afruheritage-platform/venv/lib/python3.10/site-packages/paramiko/__pycache__/_winapi.cpython-310.pyc
 D afruheritage-platform/venv/lib/python3.10/site-packages/paramiko/__pycache__/agent.cpython-310.pyc
 D afruheritage-platform/venv/lib/python3.10/site-packages/paramiko/__pycache__/auth_handler.cpython-310.pyc
 D afruheritage-platform/venv/lib/python3.10/site-packages/paramiko/__pycache__/auth_strategy.cpython-310.pyc
 D afruheritage-platform/venv/lib/python3.10/site-packages/paramiko/__pycache__/ber.cpython-310.pyc
 D afruheritage-platform/venv/lib/python3.10/site-packages/paramiko/__pycache__/buffered_pipe.cpython-310.pyc
 D afruheritage-platform/venv/lib/python3.10/site-packages/paramiko/__pycache__/channel.cpython-310.pyc
 D afruheritage-platform/venv/lib/python3.10/site-packages/paramiko/__pycache__/client.cpython-310.pyc
 D afruheritage-platform/venv/lib/python3.10/site-packages/paramiko/__pycache__/common.cpython-310.pyc
 D afruheritage-platform/venv/lib/python3.10/site-packages/paramiko/__pycache__/compress.cpython-310.pyc
 D afruheritage-platform/venv/lib/python3.10/site-packages/paramiko/__pycache__/config.cpython-310.pyc
 D afruheritage-platform/venv/lib/python3.10/site-packages/paramiko/__pycache__/dsskey.cpython-310.pyc
 D afruheritage-platform/venv/lib/python3.10/site-packages/paramiko/__pycache__/ecdsakey.cpython-310.pyc
 D afruheritage-platform/venv/lib/python3.10/site-packages/paramiko/__pycache__/ed25519key.cpython-310.pyc
 D afruheritage-platform/venv/lib/python3.10/site-packages/paramiko/__pycache__/file.cpython-310.pyc
 D afruheritage-platform/venv/lib/python3.10/site-packages/paramiko/__pycache__/hostkeys.cpython-310.pyc
 D afruheritage-platform/venv/lib/python3.10/site-packages/paramiko/__pycache__/kex_curve25519.cpython-310.pyc
 D afruheritage-platform/venv/lib/python3.10/site-packages/paramiko/__pycache__/kex_ecdh_nist.cpython-310.pyc
 D afruheritage-platform/venv/lib/python3.10/site-packages/paramiko/__pycache__/kex_gex.cpython-310.pyc
 D afruheritage-platform/venv/lib/python3.10/site-packages/paramiko/__pycache__/kex_group1.cpython-310.pyc
 D afruheritage-platform/venv/lib/python3.10/site-packages/paramiko/__pycache__/kex_group14.cpython-310.pyc
 D afruheritage-platform/venv/lib/python3.10/site-packages/paramiko/__pycache__/kex_group16.cpython-310.pyc
 D afruheritage-platform/venv/lib/python3.10/site-packages/paramiko/__pycache__/kex_gss.cpython-310.pyc
 D afruheritage-platform/venv/lib/python3.10/site-packages/paramiko/__pycache__/message.cpython-310.pyc
 D afruheritage-platform/venv/lib/python3.10/site-packages/paramiko/__pycache__/packet.cpython-310.pyc
 D afruheritage-platform/venv/lib/python3.10/site-packages/paramiko/__pycache__/pipe.cpython-310.pyc
 D afruheritage-platform/venv/lib/python3.10/site-packages/paramiko/__pycache__/pkey.cpython-310.pyc
 D afruheritage-platform/venv/lib/python3.10/site-packages/paramiko/__pycache__/primes.cpython-310.pyc
 D afruheritage-platform/venv/lib/python3.10/site-packages/paramiko/__pycache__/proxy.cpython-310.pyc
 D afruheritage-platform/venv/lib/python3.10/site-packages/paramiko/__pycache__/rsakey.cpython-310.pyc
 D afruheritage-platform/venv/lib/python3.10/site-packages/paramiko/__pycache__/server.cpython-310.pyc
 D afruheritage-platform/venv/lib/python3.10/site-packages/paramiko/__pycache__/sftp.cpython-310.pyc
 D afruheritage-platform/venv/lib/python3.10/site-packages/paramiko/__pycache__/sftp_attr.cpython-310.pyc
 D afruheritage-platform/venv/lib/python3.10/site-packages/paramiko/__pycache__/sftp_client.cpython-310.pyc
 D afruheritage-platform/venv/lib/python3.10/site-packages/paramiko/__pycache__/sftp_file.cpython-310.pyc
 D afruheritage-platform/venv/lib/python3.10/site-packages/paramiko/__pycache__/sftp_handle.cpython-310.pyc
 D afruheritage-platform/venv/lib/python3.10/site-packages/paramiko/__pycache__/sftp_server.cpython-310.pyc
 D afruheritage-platform/venv/lib/python3.10/site-packages/paramiko/__pycache__/sftp_si.cpython-310.pyc
 D afruheritage-platform/venv/lib/python3.10/site-packages/paramiko/__pycache__/ssh_exception.cpython-310.pyc
 D afruheritage-platform/venv/lib/python3.10/site-packages/paramiko/__pycache__/ssh_gss.cpython-310.pyc
 D afruheritage-platform/venv/lib/python3.10/site-packages/paramiko/__pycache__/transport.cpython-310.pyc
 D afruheritage-platform/venv/lib/python3.10/site-packages/paramiko/__pycache__/util.cpython-310.pyc
 D afruheritage-platform/venv/lib/python3.10/site-packages/paramiko/__pycache__/win_openssh.cpython-310.pyc
 D afruheritage-platform/venv/lib/python3.10/site-packages/paramiko/__pycache__/win_pageant.cpython-310.pyc
 D afruheritage-platform/venv/lib/python3.10/site-packages/passlib/__pycache__/__init__.cpython-310.pyc
 D afruheritage-platform/venv/lib/python3.10/site-packages/passlib/__pycache__/apache.cpython-310.pyc
 D afruheritage-platform/venv/lib/python3.10/site-packages/passlib/__pycache__/apps.cpython-310.pyc
 D afruheritage-platform/venv/lib/python3.10/site-packages/passlib/__pycache__/context.cpython-310.pyc
 D afruheritage-platform/venv/lib/python3.10/site-packages/passlib/__pycache__/exc.cpython-310.pyc
 D afruheritage-platform/venv/lib/python3.10/site-packages/passlib/__pycache__/hash.cpython-310.pyc
 D afruheritage-platform/venv/lib/python3.10/site-packages/passlib/__pycache__/hosts.cpython-310.pyc
 D afruheritage-platform/venv/lib/python3.10/site-packages/passlib/__pycache__/ifc.cpython-310.pyc
 D afruheritage-platform/venv/lib/python3.10/site-packages/passlib/__pycache__/pwd.cpython-310.pyc
 D afruheritage-platform/venv/lib/python3.10/site-packages/passlib/__pycache__/registry.cpython-310.pyc
 D afruheritage-platform/venv/lib/python3.10/site-packages/passlib/__pycache__/totp.cpython-310.pyc
 D afruheritage-platform/venv/lib/python3.10/site-packages/passlib/__pycache__/win32.cpython-310.pyc
 D afruheritage-platform/venv/lib/python3.10/site-packages/passlib/crypto/__pycache__/__init__.cpython-310.pyc
 D afruheritage-platform/venv/lib/python3.10/site-packages/passlib/crypto/__pycache__/_md4.cpython-310.pyc
 D afruheritage-platform/venv/lib/python3.10/site-packages/passlib/crypto/__pycache__/des.cpython-310.pyc
 D afruheritage-platform/venv/lib/python3.10/site-packages/passlib/crypto/__pycache__/digest.cpython-310.pyc
 D afruheritage-platform/venv/lib/python3.10/site-packages/passlib/crypto/_blowfish/__pycache__/__init__.cpython-310.pyc
 D afruheritage-platform/venv/lib/python3.10/site-packages/passlib/crypto/_blowfish/__pycache__/_gen_files.cpython-310.pyc
 D afruheritage-platform/venv/lib/python3.10/site-packages/passlib/crypto/_blowfish/__pycache__/base.cpython-310.pyc
 D afruheritage-platform/venv/lib/python3.10/site-packages/passlib/crypto/_blowfish/__pycache__/unrolled.cpython-310.pyc
 D afruheritage-platform/venv/lib/python3.10/site-packages/passlib/crypto/scrypt/__pycache__/__init__.cpython-310.pyc
 D afruheritage-platform/venv/lib/python3.10/site-packages/passlib/crypto/scrypt/__pycache__/_builtin.cpython-310.pyc
 D afruheritage-platform/venv/lib/python3.10/site-packages/passlib/crypto/scrypt/__pycache__/_gen_files.cpython-310.pyc
 D afruheritage-platform/venv/lib/python3.10/site-packages/passlib/crypto/scrypt/__pycache__/_salsa.cpython-310.pyc
 D afruheritage-platform/venv/lib/python3.10/site-packages/passlib/ext/__pycache__/__init__.cpython-310.pyc
 D afruheritage-platform/venv/lib/python3.10/site-packages/passlib/ext/django/__pycache__/__init__.cpython-310.pyc
 D afruheritage-platform/venv/lib/python3.10/site-packages/passlib/ext/django/__pycache__/models.cpython-310.pyc
 D afruheritage-platform/venv/lib/python3.10/site-packages/passlib/ext/django/__pycache__/utils.cpython-310.pyc
 D afruheritage-platform/venv/lib/python3.10/site-packages/passlib/handlers/__pycache__/__init__.cpython-310.pyc
 D afruheritage-platform/venv/lib/python3.10/site-packages/passlib/handlers/__pycache__/argon2.cpython-310.pyc
 D afruheritage-platform/venv/lib/python3.10/site-packages/passlib/handlers/__pycache__/bcrypt.cpython-310.pyc
 D afruheritage-platform/venv/lib/python3.10/site-packages/passlib/handlers/__pycache__/cisco.cpython-310.pyc
 D afruheritage-platform/venv/lib/python3.10/site-packages/passlib/handlers/__pycache__/des_crypt.cpython-310.pyc
 D afruheritage-platform/venv/lib/python3.10/site-packages/passlib/handlers/__pycache__/digests.cpython-310.pyc
 D afruheritage-platform/venv/lib/python3.10/site-packages/passlib/handlers/__pycache__/django.cpython-310.pyc
 D afruheritage-platform/venv/lib/python3.10/site-packages/passlib/handlers/__pycache__/fshp.cpython-310.pyc
 D afruheritage-platform/venv/lib/python3.10/site-packages/passlib/handlers/__pycache__/ldap_digests.cpython-310.pyc
 D afruheritage-platform/venv/lib/python3.10/site-packages/passlib/handlers/__pycache__/md5_crypt.cpython-310.pyc
 D afruheritage-platform/venv/lib/python3.10/site-packages/passlib/handlers/__pycache__/misc.cpython-310.pyc
 D afruheritage-platform/venv/lib/python3.10/site-packages/passlib/handlers/__pycache__/mssql.cpython-310.pyc
 D afruheritage-platform/venv/lib/python3.10/site-packages/passlib/handlers/__pycache__/mysql.cpython-310.pyc
 D afruheritage-platform/venv/lib/python3.10/site-packages/passlib/handlers/__pycache__/oracle.cpython-310.pyc
 D afruheritage-platform/venv/lib/python3.10/site-packages/passlib/handlers/__pycache__/pbkdf2.cpython-310.pyc
 D afruheritage-platform/venv/lib/python3.10/site-packages/passlib/handlers/__pycache__/phpass.cpython-310.pyc
 D afruheritage-platform/venv/lib/python3.10/site-packages/passlib/handlers/__pycache__/postgres.cpython-310.pyc
 D afruheritage-platform/venv/lib/python3.10/site-packages/passlib/handlers/__pycache__/roundup.cpython-310.pyc
 D afruheritage-platform/venv/lib/python3.10/site-packages/passlib/handlers/__pycache__/scram.cpython-310.pyc
 D afruheritage-platform/venv/lib/python3.10/site-packages/passlib/handlers/__pycache__/scrypt.cpython-310.pyc
 D afruheritage-platform/venv/lib/python3.10/site-packages/passlib/handlers/__pycache__/sha1_crypt.cpython-310.pyc
 D afruheritage-platform/venv/lib/python3.10/site-packages/passlib/handlers/__pycache__/sha2_crypt.cpython-310.pyc
 D afruheritage-platform/venv/lib/python3.10/site-packages/passlib/handlers/__pycache__/sun_md5_crypt.cpython-310.pyc
 D afruheritage-platform/venv/lib/python3.10/site-packages/passlib/handlers/__pycache__/windows.cpython-310.pyc
 D afruheritage-platform/venv/lib/python3.10/site-packages/passlib/tests/__pycache__/__init__.cpython-310.pyc
 D afruheritage-platform/venv/lib/python3.10/site-packages/passlib/tests/__pycache__/__main__.cpython-310.pyc
 D afruheritage-platform/venv/lib/python3.10/site-packages/passlib/tests/__pycache__/_test_bad_register.cpython-310.pyc
 D afruheritage-platform/venv/lib/python3.10/site-packages/passlib/tests/__pycache__/backports.cpython-310.pyc
 D afruheritage-platform/venv/lib/python3.10/site-packages/passlib/tests/__pycache__/test_apache.cpython-310.pyc
 D afruheritage-platform/venv/lib/python3.10/site-packages/passlib/tests/__pycache__/test_apps.cpython-310.pyc
 D afruheritage-platform/venv/lib/python3.10/site-packages/passlib/tests/__pycache__/test_context.cpython-310.pyc
 D afruheritage-platform/venv/lib/python3.10/site-packages/passlib/tests/__pycache__/test_context_deprecated.cpython-310.pyc
 D afruheritage-platform/venv/lib/python3.10/site-packages/passlib/tests/__pycache__/test_crypto_builtin_md4.cpython-310.pyc
 D afruheritage-platform/venv/lib/python3.10/site-packages/passlib/tests/__pycache__/test_crypto_des.cpython-310.pyc
 D afruheritage-platform/venv/lib/python3.10/site-packages/passlib/tests/__pycache__/test_crypto_digest.cpython-310.pyc
 D afruheritage-platform/venv/lib/python3.10/site-packages/passlib/tests/__pycache__/test_crypto_scrypt.cpython-310.pyc
 D afruheritage-platform/venv/lib/python3.10/site-packages/passlib/tests/__pycache__/test_ext_django.cpython-310.pyc
 D afruheritage-platform/venv/lib/python3.10/site-packages/passlib/tests/__pycache__/test_ext_django_source.cpython-310.pyc
 D afruheritage-platform/venv/lib/python3.10/site-packages/passlib/tests/__pycache__/test_handlers.cpython-310.pyc
 D afruheritage-platform/venv/lib/python3.10/site-packages/passlib/tests/__pycache__/test_handlers_argon2.cpython-310.pyc
 D afruheritage-platform/venv/lib/python3.10/site-packages/passlib/tests/__pycache__/test_handlers_bcrypt.cpython-310.pyc
 D afruheritage-platform/venv/lib/python3.10/site-packages/passlib/tests/__pycache__/test_handlers_cisco.cpython-310.pyc
 D afruheritage-platform/venv/lib/python3.10/site-packages/passlib/tests/__pycache__/test_handlers_django.cpython-310.pyc
 D afruheritage-platform/venv/lib/python3.10/site-packages/passlib/tests/__pycache__/test_handlers_pbkdf2.cpython-310.pyc
 D afruheritage-platform/venv/lib/python3.10/site-packages/passlib/tests/__pycache__/test_handlers_scrypt.cpython-310.pyc
 D afruheritage-platform/venv/lib/python3.10/site-packages/passlib/tests/__pycache__/test_hosts.cpython-310.pyc
 D afruheritage-platform/venv/lib/python3.10/site-packages/passlib/tests/__pycache__/test_pwd.cpython-310.pyc
 D afruheritage-platform/venv/lib/python3.10/site-packages/passlib/tests/__pycache__/test_registry.cpython-310.pyc
 D afruheritage-platform/venv/lib/python3.10/site-packages/passlib/tests/__pycache__/test_totp.cpython-310.pyc
 D afruheritage-platform/venv/lib/python3.10/site-packages/passlib/tests/__pycache__/test_utils.cpython-310.pyc
 D afruheritage-platform/venv/lib/python3.10/site-packages/passlib/tests/__pycache__/test_utils_handlers.cpython-310.pyc
 D afruheritage-platform/venv/lib/python3.10/site-packages/passlib/tests/__pycache__/test_utils_md4.cpython-310.pyc
 D afruheritage-platform/venv/lib/python3.10/site-packages/passlib/tests/__pycache__/test_utils_pbkdf2.cpython-310.pyc
 D afruheritage-platform/venv/lib/python3.10/site-packages/passlib/tests/__pycache__/test_win32.cpython-310.pyc
 D afruheritage-platform/venv/lib/python3.10/site-packages/passlib/tests/__pycache__/tox_support.cpython-310.pyc
 D afruheritage-platform/venv/lib/python3.10/site-packages/passlib/tests/__pycache__/utils.cpython-310.pyc
 D afruheritage-platform/venv/lib/python3.10/site-packages/passlib/utils/__pycache__/__init__.cpython-310.pyc
 D afruheritage-platform/venv/lib/python3.10/site-packages/passlib/utils/__pycache__/binary.cpython-310.pyc
 D afruheritage-platform/venv/lib/python3.10/site-packages/passlib/utils/__pycache__/decor.cpython-310.pyc
 D afruheritage-platform/venv/lib/python3.10/site-packages/passlib/utils/__pycache__/des.cpython-310.pyc
 D afruheritage-platform/venv/lib/python3.10/site-packages/passlib/utils/__pycache__/handlers.cpython-310.pyc
 D afruheritage-platform/venv/lib/python3.10/site-packages/passlib/utils/__pycache__/md4.cpython-310.pyc
 D afruheritage-platform/venv/lib/python3.10/site-packages/passlib/utils/__pycache__/pbkdf2.cpython-310.pyc
 D afruheritage-platform/venv/lib/python3.10/site-packages/passlib/utils/compat/__pycache__/__init__.cpython-310.pyc
 D afruheritage-platform/venv/lib/python3.10/site-packages/passlib/utils/compat/__pycache__/_ordered_dict.cpython-310.pyc
 D afruheritage-platform/venv/lib/python3.10/site-packages/pip/__pycache__/__init__.cpython-310.pyc
 D afruheritage-platform/venv/lib/python3.10/site-packages/pip/__pycache__/__main__.cpython-310.pyc
 D afruheritage-platform/venv/lib/python3.10/site-packages/pip/_internal/__pycache__/__init__.cpython-310.pyc
 D afruheritage-platform/venv/lib/python3.10/site-packages/pip/_internal/__pycache__/build_env.cpython-310.pyc
 D afruheritage-platform/venv/lib/python3.10/site-packages/pip/_internal/__pycache__/cache.cpython-310.pyc
 D afruheritage-platform/venv/lib/python3.10/site-packages/pip/_internal/__pycache__/configuration.cpython-310.pyc
 D afruheritage-platform/venv/lib/python3.10/site-packages/pip/_internal/__pycache__/exceptions.cpython-310.pyc
 D afruheritage-platform/venv/lib/python3.10/site-packages/pip/_internal/__pycache__/main.cpython-310.pyc
 D afruheritage-platform/venv/lib/python3.10/site-packages/pip/_internal/__pycache__/pyproject.cpython-310.pyc
 D afruheritage-platform/venv/lib/python3.10/site-packages/pip/_internal/__pycache__/self_outdated_check.cpython-310.pyc
 D afruheritage-platform/venv/lib/python3.10/site-packages/pip/_internal/__pycache__/wheel_builder.cpython-310.pyc
 D afruheritage-platform/venv/lib/python3.10/site-packages/pip/_internal/cli/__pycache__/__init__.cpython-310.pyc
 D afruheritage-platform/venv/lib/python3.10/site-packages/pip/_internal/cli/__pycache__/autocompletion.cpython-310.pyc
 D afruheritage-platform/venv/lib/python3.10/site-packages/pip/_internal/cli/__pycache__/base_command.cpython-310.pyc
 D afruheritage-platform/venv/lib/python3.10/site-packages/pip/_internal/cli/__pycache__/cmdoptions.cpython-310.pyc
 D afruheritage-platform/venv/lib/python3.10/site-packages/pip/_internal/cli/__pycache__/command_context.cpython-310.pyc
 D afruheritage-platform/venv/lib/python3.10/site-packages/pip/_internal/cli/__pycache__/main.cpython-310.pyc
 D afruheritage-platform/venv/lib/python3.10/site-packages/pip/_internal/cli/__pycache__/main_parser.cpython-310.pyc
 D afruheritage-platform/venv/lib/python3.10/site-packages/pip/_internal/cli/__pycache__/parser.cpython-310.pyc
 D afruheritage-platform/venv/lib/python3.10/site-packages/pip/_internal/cli/__pycache__/progress_bars.cpython-310.pyc
 D afruheritage-platform/venv/lib/python3.10/site-packages/pip/_internal/cli/__pycache__/req_command.cpython-310.pyc
 D afruheritage-platform/venv/lib/python3.10/site-packages/pip/_internal/cli/__pycache__/spinners.cpython-310.pyc
 D afruheritage-platform/venv/lib/python3.10/site-packages/pip/_internal/cli/__pycache__/status_codes.cpython-310.pyc
 D afruheritage-platform/venv/lib/python3.10/site-packages/pip/_internal/commands/__pycache__/__init__.cpython-310.pyc
 D afruheritage-platform/venv/lib/python3.10/site-packages/pip/_internal/commands/__pycache__/cache.cpython-310.pyc
 D afruheritage-platform/venv/lib/python3.10/site-packages/pip/_internal/commands/__pycache__/check.cpython-310.pyc
 D afruheritage-platform/venv/lib/python3.10/site-packages/pip/_internal/commands/__pycache__/completion.cpython-310.pyc
 D afruheritage-platform/venv/lib/python3.10/site-packages/pip/_internal/commands/__pycache__/configuration.cpython-310.pyc
 D afruheritage-platform/venv/lib/python3.10/site-packages/pip/_internal/commands/__pycache__/debug.cpython-310.pyc
 D afruheritage-platform/venv/lib/python3.10/site-packages/pip/_internal/commands/__pycache__/download.cpython-310.pyc
 D afruheritage-platform/venv/lib/python3.10/site-packages/pip/_internal/commands/__pycache__/freeze.cpython-310.pyc
 D afruheritage-platform/venv/lib/python3.10/site-packages/pip/_internal/commands/__pycache__/hash.cpython-310.pyc
 D afruheritage-platform/venv/lib/python3.10/site-packages/pip/_internal/commands/__pycache__/help.cpython-310.pyc
 D afruheritage-platform/venv/lib/python3.10/site-packages/pip/_internal/commands/__pycache__/index.cpython-310.pyc
 D afruheritage-platform/venv/lib/python3.10/site-packages/pip/_internal/commands/__pycache__/install.cpython-310.pyc
 D afruheritage-platform/venv/lib/python3.10/site-packages/pip/_internal/commands/__pycache__/list.cpython-310.pyc
 D afruheritage-platform/venv/lib/python3.10/site-packages/pip/_internal/commands/__pycache__/search.cpython-310.pyc
 D afruheritage-platform/venv/lib/python3.10/site-packages/pip/_internal/commands/__pycache__/show.cpython-310.pyc
 D afruheritage-platform/venv/lib/python3.10/site-packages/pip/_internal/commands/__pycache__/uninstall.cpython-310.pyc
 D afruheritage-platform/venv/lib/python3.10/site-packages/pip/_internal/commands/__pycache__/wheel.cpython-310.pyc
 D afruheritage-platform/venv/lib/python3.10/site-packages/pip/_internal/distributions/__pycache__/__init__.cpython-310.pyc
 D afruheritage-platform/venv/lib/python3.10/site-packages/pip/_internal/distributions/__pycache__/base.cpython-310.pyc
 D afruheritage-platform/venv/lib/python3.10/site-packages/pip/_internal/distributions/__pycache__/installed.cpython-310.pyc
 D afruheritage-platform/venv/lib/python3.10/site-packages/pip/_internal/distributions/__pycache__/sdist.cpython-310.pyc
 D afruheritage-platform/venv/lib/python3.10/site-packages/pip/_internal/distributions/__pycache__/wheel.cpython-310.pyc
 D afruheritage-platform/venv/lib/python3.10/site-packages/pip/_internal/index/__pycache__/__init__.cpython-310.pyc
 D afruheritage-platform/venv/lib/python3.10/site-packages/pip/_internal/index/__pycache__/collector.cpython-310.pyc
 D afruheritage-platform/venv/lib/python3.10/site-packages/pip/_internal/index/__pycache__/package_finder.cpython-310.pyc
 D afruheritage-platform/venv/lib/python3.10/site-packages/pip/_internal/index/__pycache__/sources.cpython-310.pyc
 D afruheritage-platform/venv/lib/python3.10/site-packages/pip/_internal/locations/__pycache__/__init__.cpython-310.pyc
 D afruheritage-platform/venv/lib/python3.10/site-packages/pip/_internal/locations/__pycache__/_distutils.cpython-310.pyc
 D afruheritage-platform/venv/lib/python3.10/site-packages/pip/_internal/locations/__pycache__/_sysconfig.cpython-310.pyc
 D afruheritage-platform/venv/lib/python3.10/site-packages/pip/_internal/locations/__pycache__/base.cpython-310.pyc
 D afruheritage-platform/venv/lib/python3.10/site-packages/pip/_internal/metadata/__pycache__/__init__.cpython-310.pyc
 D afruheritage-platform/venv/lib/python3.10/site-packages/pip/_internal/metadata/__pycache__/base.cpython-310.pyc
 D afruheritage-platform/venv/lib/python3.10/site-packages/pip/_internal/metadata/__pycache__/pkg_resources.cpython-310.pyc
 D afruheritage-platform/venv/lib/python3.10/site-packages/pip/_internal/models/__pycache__/__init__.cpython-310.pyc
 D afruheritage-platform/venv/lib/python3.10/site-packages/pip/_internal/models/__pycache__/candidate.cpython-310.pyc
 D afruheritage-platform/venv/lib/python3.10/site-packages/pip/_internal/models/__pycache__/direct_url.cpython-310.pyc
 D afruheritage-platform/venv/lib/python3.10/site-packages/pip/_internal/models/__pycache__/format_control.cpython-310.pyc
 D afruheritage-platform/venv/lib/python3.10/site-packages/pip/_internal/models/__pycache__/index.cpython-310.pyc
 D afruheritage-platform/venv/lib/python3.10/site-packages/pip/_internal/models/__pycache__/link.cpython-310.pyc
 D afruheritage-platform/venv/lib/python3.10/site-packages/pip/_internal/models/__pycache__/scheme.cpython-310.pyc
 D afruheritage-platform/venv/lib/python3.10/site-packages/pip/_internal/models/__pycache__/search_scope.cpython-310.pyc
 D afruheritage-platform/venv/lib/python3.10/site-packages/pip/_internal/models/__pycache__/selection_prefs.cpython-310.pyc
 D afruheritage-platform/venv/lib/python3.10/site-packages/pip/_internal/models/__pycache__/target_python.cpython-310.pyc
 D afruheritage-platform/venv/lib/python3.10/site-packages/pip/_internal/models/__pycache__/wheel.cpython-310.pyc
 D afruheritage-platform/venv/lib/python3.10/site-packages/pip/_internal/network/__pycache__/__init__.cpython-310.pyc
 D afruheritage-platform/venv/lib/python3.10/site-packages/pip/_internal/network/__pycache__/auth.cpython-310.pyc
 D afruheritage-platform/venv/lib/python3.10/site-packages/pip/_internal/network/__pycache__/cache.cpython-310.pyc
 D afruheritage-platform/venv/lib/python3.10/site-packages/pip/_internal/network/__pycache__/download.cpython-310.pyc
 D afruheritage-platform/venv/lib/python3.10/site-packages/pip/_internal/network/__pycache__/lazy_wheel.cpython-310.pyc
 D afruheritage-platform/venv/lib/python3.10/site-packages/pip/_internal/network/__pycache__/session.cpython-310.pyc
 D afruheritage-platform/venv/lib/python3.10/site-packages/pip/_internal/network/__pycache__/utils.cpython-310.pyc
 D afruheritage-platform/venv/lib/python3.10/site-packages/pip/_internal/network/__pycache__/xmlrpc.cpython-310.pyc
 D afruheritage-platform/venv/lib/python3.10/site-packages/pip/_internal/operations/__pycache__/__init__.cpython-310.pyc
 D afruheritage-platform/venv/lib/python3.10/site-packages/pip/_internal/operations/__pycache__/check.cpython-310.pyc
 D afruheritage-platform/venv/lib/python3.10/site-packages/pip/_internal/operations/__pycache__/freeze.cpython-310.pyc
 D afruheritage-platform/venv/lib/python3.10/site-packages/pip/_internal/operations/__pycache__/prepare.cpython-310.pyc
 D afruheritage-platform/venv/lib/python3.10/site-packages/pip/_internal/operations/build/__pycache__/__init__.cpython-310.pyc
 D afruheritage-platform/venv/lib/python3.10/site-packages/pip/_internal/operations/build/__pycache__/metadata.cpython-310.pyc
 D afruheritage-platform/venv/lib/python3.10/site-packages/pip/_internal/operations/build/__pycache__/metadata_editable.cpython-310.pyc
 D afruheritage-platform/venv/lib/python3.10/site-packages/pip/_internal/operations/build/__pycache__/metadata_legacy.cpython-310.pyc
 D afruheritage-platform/venv/lib/python3.10/site-packages/pip/_internal/operations/build/__pycache__/wheel.cpython-310.pyc
 D afruheritage-platform/venv/lib/python3.10/site-packages/pip/_internal/operations/build/__pycache__/wheel_editable.cpython-310.pyc
 D afruheritage-platform/venv/lib/python3.10/site-packages/pip/_internal/operations/build/__pycache__/wheel_legacy.cpython-310.pyc
 D afruheritage-platform/venv/lib/python3.10/site-packages/pip/_internal/operations/install/__pycache__/__init__.cpython-310.pyc
 D afruheritage-platform/venv/lib/python3.10/site-packages/pip/_internal/operations/install/__pycache__/editable_legacy.cpython-310.pyc
 D afruheritage-platform/venv/lib/python3.10/site-packages/pip/_internal/operations/install/__pycache__/legacy.cpython-310.pyc
 D afruheritage-platform/venv/lib/python3.10/site-packages/pip/_internal/operations/install/__pycache__/wheel.cpython-310.pyc
 D afruheritage-platform/venv/lib/python3.10/site-packages/pip/_internal/req/__pycache__/__init__.cpython-310.pyc
 D afruheritage-platform/venv/lib/python3.10/site-packages/pip/_internal/req/__pycache__/constructors.cpython-310.pyc
 D afruheritage-platform/venv/lib/python3.10/site-packages/pip/_internal/req/__pycache__/req_file.cpython-310.pyc
 D afruheritage-platform/venv/lib/python3.10/site-packages/pip/_internal/req/__pycache__/req_install.cpython-310.pyc
 D afruheritage-platform/venv/lib/python3.10/site-packages/pip/_internal/req/__pycache__/req_set.cpython-310.pyc
 D afruheritage-platform/venv/lib/python3.10/site-packages/pip/_internal/req/__pycache__/req_tracker.cpython-310.pyc
 D afruheritage-platform/venv/lib/python3.10/site-packages/pip/_internal/req/__pycache__/req_uninstall.cpython-310.pyc
 D afruheritage-platform/venv/lib/python3.10/site-packages/pip/_internal/resolution/__pycache__/__init__.cpython-310.pyc
 D afruheritage-platform/venv/lib/python3.10/site-packages/pip/_internal/resolution/__pycache__/base.cpython-310.pyc
 D afruheritage-platform/venv/lib/python3.10/site-packages/pip/_internal/resolution/legacy/__pycache__/__init__.cpython-310.pyc
 D afruheritage-platform/venv/lib/python3.10/site-packages/pip/_internal/resolution/legacy/__pycache__/resolver.cpython-310.pyc
 D afruheritage-platform/venv/lib/python3.10/site-packages/pip/_internal/resolution/resolvelib/__pycache__/__init__.cpython-310.pyc
 D afruheritage-platform/venv/lib/python3.10/site-packages/pip/_internal/resolution/resolvelib/__pycache__/base.cpython-310.pyc
 D afruheritage-platform/venv/lib/python3.10/site-packages/pip/_internal/resolution/resolvelib/__pycache__/candidates.cpython-310.pyc
 D afruheritage-platform/venv/lib/python3.10/site-packages/pip/_internal/resolution/resolvelib/__pycache__/factory.cpython-310.pyc
 D afruheritage-platform/venv/lib/python3.10/site-packages/pip/_internal/resolution/resolvelib/__pycache__/found_candidates.cpython-310.pyc
 D afruheritage-platform/venv/lib/python3.10/site-packages/pip/_internal/resolution/resolvelib/__pycache__/provider.cpython-310.pyc
 D afruheritage-platform/venv/lib/python3.10/site-packages/pip/_internal/resolution/resolvelib/__pycache__/reporter.cpython-310.pyc
 D afruheritage-platform/venv/lib/python3.10/site-packages/pip/_internal/resolution/resolvelib/__pycache__/requirements.cpython-310.pyc
 D afruheritage-platform/venv/lib/python3.10/site-packages/pip/_internal/resolution/resolvelib/__pycache__/resolver.cpython-310.pyc
 D afruheritage-platform/venv/lib/python3.10/site-packages/pip/_internal/utils/__pycache__/__init__.cpython-310.pyc
 D afruheritage-platform/venv/lib/python3.10/site-packages/pip/_internal/utils/__pycache__/_log.cpython-310.pyc
 D afruheritage-platform/venv/lib/python3.10/site-packages/pip/_internal/utils/__pycache__/appdirs.cpython-310.pyc
 D afruheritage-platform/venv/lib/python3.10/site-packages/pip/_internal/utils/__pycache__/compat.cpython-310.pyc
 D afruheritage-platform/venv/lib/python3.10/site-packages/pip/_internal/utils/__pycache__/compatibility_tags.cpython-310.pyc
 D afruheritage-platform/venv/lib/python3.10/site-packages/pip/_internal/utils/__pycache__/datetime.cpython-310.pyc
 D afruheritage-platform/venv/lib/python3.10/site-packages/pip/_internal/utils/__pycache__/deprecation.cpython-310.pyc
 D afruheritage-platform/venv/lib/python3.10/site-packages/pip/_internal/utils/__pycache__/direct_url_helpers.cpython-310.pyc
 D afruheritage-platform/venv/lib/python3.10/site-packages/pip/_internal/utils/__pycache__/distutils_args.cpython-310.pyc
 D afruheritage-platform/venv/lib/python3.10/site-packages/pip/_internal/utils/__pycache__/egg_link.cpython-310.pyc
 D afruheritage-platform/venv/lib/python3.10/site-packages/pip/_internal/utils/__pycache__/encoding.cpython-310.pyc
 D afruheritage-platform/venv/lib/python3.10/site-packages/pip/_internal/utils/__pycache__/entrypoints.cpython-310.pyc
 D afruheritage-platform/venv/lib/python3.10/site-packages/pip/_internal/utils/__pycache__/filesystem.cpython-310.pyc
 D afruheritage-platform/venv/lib/python3.10/site-packages/pip/_internal/utils/__pycache__/filetypes.cpython-310.pyc
 D afruheritage-platform/venv/lib/python3.10/site-packages/pip/_internal/utils/__pycache__/glibc.cpython-310.pyc
 D afruheritage-platform/venv/lib/python3.10/site-packages/pip/_internal/utils/__pycache__/hashes.cpython-310.pyc
 D afruheritage-platform/venv/lib/python3.10/site-packages/pip/_internal/utils/__pycache__/inject_securetransport.cpython-310.pyc
 D afruheritage-platform/venv/lib/python3.10/site-packages/pip/_internal/utils/__pycache__/logging.cpython-310.pyc
 D afruheritage-platform/venv/lib/python3.10/site-packages/pip/_internal/utils/__pycache__/misc.cpython-310.pyc
 D afruheritage-platform/venv/lib/python3.10/site-packages/pip/_internal/utils/__pycache__/models.cpython-310.pyc
 D afruheritage-platform/venv/lib/python3.10/site-packages/pip/_internal/utils/__pycache__/packaging.cpython-310.pyc
 D afruheritage-platform/venv/lib/python3.10/site-packages/pip/_internal/utils/__pycache__/setuptools_build.cpython-310.pyc
 D afruheritage-platform/venv/lib/python3.10/site-packages/pip/_internal/utils/__pycache__/subprocess.cpython-310.pyc
 D afruheritage-platform/venv/lib/python3.10/site-packages/pip/_internal/utils/__pycache__/temp_dir.cpython-310.pyc
 D afruheritage-platform/venv/lib/python3.10/site-packages/pip/_internal/utils/__pycache__/unpacking.cpython-310.pyc
 D afruheritage-platform/venv/lib/python3.10/site-packages/pip/_internal/utils/__pycache__/urls.cpython-310.pyc
 D afruheritage-platform/venv/lib/python3.10/site-packages/pip/_internal/utils/__pycache__/virtualenv.cpython-310.pyc
 D afruheritage-platform/venv/lib/python3.10/site-packages/pip/_internal/utils/__pycache__/wheel.cpython-310.pyc
 D afruheritage-platform/venv/lib/python3.10/site-packages/pip/_internal/vcs/__pycache__/__init__.cpython-310.pyc
 D afruheritage-platform/venv/lib/python3.10/site-packages/pip/_internal/vcs/__pycache__/bazaar.cpython-310.pyc
 D afruheritage-platform/venv/lib/python3.10/site-packages/pip/_internal/vcs/__pycache__/git.cpython-310.pyc
 D afruheritage-platform/venv/lib/python3.10/site-packages/pip/_internal/vcs/__pycache__/mercurial.cpython-310.pyc
 D afruheritage-platform/venv/lib/python3.10/site-packages/pip/_internal/vcs/__pycache__/subversion.cpython-310.pyc
 D afruheritage-platform/venv/lib/python3.10/site-packages/pip/_internal/vcs/__pycache__/versioncontrol.cpython-310.pyc
 D afruheritage-platform/venv/lib/python3.10/site-packages/pip/_vendor/__pycache__/__init__.cpython-310.pyc
 D afruheritage-platform/venv/lib/python3.10/site-packages/pip/_vendor/__pycache__/distro.cpython-310.pyc
 D afruheritage-platform/venv/lib/python3.10/site-packages/pip/_vendor/__pycache__/six.cpython-310.pyc
 D afruheritage-platform/venv/lib/python3.10/site-packages/pip/_vendor/__pycache__/typing_extensions.cpython-310.pyc
 D afruheritage-platform/venv/lib/python3.10/site-packages/pip/_vendor/cachecontrol/__pycache__/__init__.cpython-310.pyc
 D afruheritage-platform/venv/lib/python3.10/site-packages/pip/_vendor/cachecontrol/__pycache__/_cmd.cpython-310.pyc
 D afruheritage-platform/venv/lib/python3.10/site-packages/pip/_vendor/cachecontrol/__pycache__/adapter.cpython-310.pyc
 D afruheritage-platform/venv/lib/python3.10/site-packages/pip/_vendor/cachecontrol/__pycache__/cache.cpython-310.pyc
 D afruheritage-platform/venv/lib/python3.10/site-packages/pip/_vendor/cachecontrol/__pycache__/compat.cpython-310.pyc
 D afruheritage-platform/venv/lib/python3.10/site-packages/pip/_vendor/cachecontrol/__pycache__/controller.cpython-310.pyc
 D afruheritage-platform/venv/lib/python3.10/site-packages/pip/_vendor/cachecontrol/__pycache__/filewrapper.cpython-310.pyc
 D afruheritage-platform/venv/lib/python3.10/site-packages/pip/_vendor/cachecontrol/__pycache__/heuristics.cpython-310.pyc
 D afruheritage-platform/venv/lib/python3.10/site-packages/pip/_vendor/cachecontrol/__pycache__/serialize.cpython-310.pyc
 D afruheritage-platform/venv/lib/python3.10/site-packages/pip/_vendor/cachecontrol/__pycache__/wrapper.cpython-310.pyc
 D afruheritage-platform/venv/lib/python3.10/site-packages/pip/_vendor/cachecontrol/caches/__pycache__/__init__.cpython-310.pyc
 D afruheritage-platform/venv/lib/python3.10/site-packages/pip/_vendor/cachecontrol/caches/__pycache__/file_cache.cpython-310.pyc
 D afruheritage-platform/venv/lib/python3.10/site-packages/pip/_vendor/cachecontrol/caches/__pycache__/redis_cache.cpython-310.pyc
 D afruheritage-platform/venv/lib/python3.10/site-packages/pip/_vendor/certifi/__pycache__/__init__.cpython-310.pyc
 D afruheritage-platform/venv/lib/python3.10/site-packages/pip/_vendor/certifi/__pycache__/__main__.cpython-310.pyc
 D afruheritage-platform/venv/lib/python3.10/site-packages/pip/_vendor/certifi/__pycache__/core.cpython-310.pyc
 D afruheritage-platform/venv/lib/python3.10/site-packages/pip/_vendor/chardet/__pycache__/__init__.cpython-310.pyc
 D afruheritage-platform/venv/lib/python3.10/site-packages/pip/_vendor/chardet/__pycache__/big5freq.cpython-310.pyc
 D afruheritage-platform/venv/lib/python3.10/site-packages/pip/_vendor/chardet/__pycache__/big5prober.cpython-310.pyc
 D afruheritage-platform/venv/lib/python3.10/site-packages/pip/_vendor/chardet/__pycache__/chardistribution.cpython-310.pyc
 D afruheritage-platform/venv/lib/python3.10/site-packages/pip/_vendor/chardet/__pycache__/charsetgroupprober.cpython-310.pyc
 D afruheritage-platform/venv/lib/python3.10/site-packages/pip/_vendor/chardet/__pycache__/charsetprober.cpython-310.pyc
 D afruheritage-platform/venv/lib/python3.10/site-packages/pip/_vendor/chardet/__pycache__/codingstatemachine.cpython-310.pyc
 D afruheritage-platform/venv/lib/python3.10/site-packages/pip/_vendor/chardet/__pycache__/compat.cpython-310.pyc
 D afruheritage-platform/venv/lib/python3.10/site-packages/pip/_vendor/chardet/__pycache__/cp949prober.cpython-310.pyc
 D afruheritage-platform/venv/lib/python3.10/site-packages/pip/_vendor/chardet/__pycache__/enums.cpython-310.pyc
 D afruheritage-platform/venv/lib/python3.10/site-packages/pip/_vendor/chardet/__pycache__/escprober.cpython-310.pyc
 D afruheritage-platform/venv/lib/python3.10/site-packages/pip/_vendor/chardet/__pycache__/escsm.cpython-310.pyc
 D afruheritage-platform/venv/lib/python3.10/site-packages/pip/_vendor/chardet/__pycache__/eucjpprober.cpython-310.pyc
 D afruheritage-platform/venv/lib/python3.10/site-packages/pip/_vendor/chardet/__pycache__/euckrfreq.cpython-310.pyc
 D afruheritage-platform/venv/lib/python3.10/site-packages/pip/_vendor/chardet/__pycache__/euckrprober.cpython-310.pyc
 D afruheritage-platform/venv/lib/python3.10/site-packages/pip/_vendor/chardet/__pycache__/euctwfreq.cpython-310.pyc
 D afruheritage-platform/venv/lib/python3.10/site-packages/pip/_vendor/chardet/__pycache__/euctwprober.cpython-310.pyc
 D afruheritage-platform/venv/lib/python3.10/site-packages/pip/_vendor/chardet/__pycache__/gb2312freq.cpython-310.pyc
 D afruheritage-platform/venv/lib/python3.10/site-packages/pip/_vendor/chardet/__pycache__/gb2312prober.cpython-310.pyc
 D afruheritage-platform/venv/lib/python3.10/site-packages/pip/_vendor/chardet/__pycache__/hebrewprober.cpython-310.pyc
 D afruheritage-platform/venv/lib/python3.10/site-packages/pip/_vendor/chardet/__pycache__/jisfreq.cpython-310.pyc
 D afruheritage-platform/venv/lib/python3.10/site-packages/pip/_vendor/chardet/__pycache__/jpcntx.cpython-310.pyc
 D afruheritage-platform/venv/lib/python3.10/site-packages/pip/_vendor/chardet/__pycache__/langbulgarianmodel.cpython-310.pyc
 D afruheritage-platform/venv/lib/python3.10/site-packages/pip/_vendor/chardet/__pycache__/langgreekmodel.cpython-310.pyc
 D afruheritage-platform/venv/lib/python3.10/site-packages/pip/_vendor/chardet/__pycache__/langhebrewmodel.cpython-310.pyc
 D afruheritage-platform/venv/lib/python3.10/site-packages/pip/_vendor/chardet/__pycache__/langhungarianmodel.cpython-310.pyc
 D afruheritage-platform/venv/lib/python3.10/site-packages/pip/_vendor/chardet/__pycache__/langrussianmodel.cpython-310.pyc
 D afruheritage-platform/venv/lib/python3.10/site-packages/pip/_vendor/chardet/__pycache__/langthaimodel.cpython-310.pyc
 D afruheritage-platform/venv/lib/python3.10/site-packages/pip/_vendor/chardet/__pycache__/langturkishmodel.cpython-310.pyc
 D afruheritage-platform/venv/lib/python3.10/site-packages/pip/_vendor/chardet/__pycache__/latin1prober.cpython-310.pyc
 D afruheritage-platform/venv/lib/python3.10/site-packages/pip/_vendor/chardet/__pycache__/mbcharsetprober.cpython-310.pyc
 D afruheritage-platform/venv/lib/python3.10/site-packages/pip/_vendor/chardet/__pycache__/mbcsgroupprober.cpython-310.pyc
 D afruheritage-platform/venv/lib/python3.10/site-packages/pip/_vendor/chardet/__pycache__/mbcssm.cpython-310.pyc
 D afruheritage-platform/venv/lib/python3.10/site-packages/pip/_vendor/chardet/__pycache__/sbcharsetprober.cpython-310.pyc
 D afruheritage-platform/venv/lib/python3.10/site-packages/pip/_vendor/chardet/__pycache__/sbcsgroupprober.cpython-310.pyc
 D afruheritage-platform/venv/lib/python3.10/site-packages/pip/_vendor/chardet/__pycache__/sjisprober.cpython-310.pyc
 D afruheritage-platform/venv/lib/python3.10/site-packages/pip/_vendor/chardet/__pycache__/universaldetector.cpython-310.pyc
 D afruheritage-platform/venv/lib/python3.10/site-packages/pip/_vendor/chardet/__pycache__/utf8prober.cpython-310.pyc
 D afruheritage-platform/venv/lib/python3.10/site-packages/pip/_vendor/chardet/__pycache__/version.cpython-310.pyc
 D afruheritage-platform/venv/lib/python3.10/site-packages/pip/_vendor/chardet/cli/__pycache__/__init__.cpython-310.pyc
 D afruheritage-platform/venv/lib/python3.10/site-packages/pip/_vendor/chardet/cli/__pycache__/chardetect.cpython-310.pyc
 D afruheritage-platform/venv/lib/python3.10/site-packages/pip/_vendor/chardet/metadata/__pycache__/__init__.cpython-310.pyc
 D afruheritage-platform/venv/lib/python3.10/site-packages/pip/_vendor/chardet/metadata/__pycache__/languages.cpython-310.pyc
 D afruheritage-platform/venv/lib/python3.10/site-packages/pip/_vendor/colorama/__pycache__/__init__.cpython-310.pyc
 D afruheritage-platform/venv/lib/python3.10/site-packages/pip/_vendor/colorama/__pycache__/ansi.cpython-310.pyc
 D afruheritage-platform/venv/lib/python3.10/site-packages/pip/_vendor/colorama/__pycache__/ansitowin32.cpython-310.pyc
 D afruheritage-platform/venv/lib/python3.10/site-packages/pip/_vendor/colorama/__pycache__/initialise.cpython-310.pyc
 D afruheritage-platform/venv/lib/python3.10/site-packages/pip/_vendor/colorama/__pycache__/win32.cpython-310.pyc
 D afruheritage-platform/venv/lib/python3.10/site-packages/pip/_vendor/colorama/__pycache__/winterm.cpython-310.pyc
 D afruheritage-platform/venv/lib/python3.10/site-packages/pip/_vendor/distlib/__pycache__/__init__.cpython-310.pyc
 D afruheritage-platform/venv/lib/python3.10/site-packages/pip/_vendor/distlib/__pycache__/compat.cpython-310.pyc
 D afruheritage-platform/venv/lib/python3.10/site-packages/pip/_vendor/distlib/__pycache__/database.cpython-310.pyc
 D afruheritage-platform/venv/lib/python3.10/site-packages/pip/_vendor/distlib/__pycache__/index.cpython-310.pyc
 D afruheritage-platform/venv/lib/python3.10/site-packages/pip/_vendor/distlib/__pycache__/locators.cpython-310.pyc
 D afruheritage-platform/venv/lib/python3.10/site-packages/pip/_vendor/distlib/__pycache__/manifest.cpython-310.pyc
 D afruheritage-platform/venv/lib/python3.10/site-packages/pip/_vendor/distlib/__pycache__/markers.cpython-310.pyc
 D afruheritage-platform/venv/lib/python3.10/site-packages/pip/_vendor/distlib/__pycache__/metadata.cpython-310.pyc
 D afruheritage-platform/venv/lib/python3.10/site-packages/pip/_vendor/distlib/__pycache__/resources.cpython-310.pyc
 D afruheritage-platform/venv/lib/python3.10/site-packages/pip/_vendor/distlib/__pycache__/scripts.cpython-310.pyc
 D afruheritage-platform/venv/lib/python3.10/site-packages/pip/_vendor/distlib/__pycache__/util.cpython-310.pyc
 D afruheritage-platform/venv/lib/python3.10/site-packages/pip/_vendor/distlib/__pycache__/version.cpython-310.pyc
 D afruheritage-platform/venv/lib/python3.10/site-packages/pip/_vendor/distlib/__pycache__/wheel.cpython-310.pyc
 D afruheritage-platform/venv/lib/python3.10/site-packages/pip/_vendor/html5lib/__pycache__/__init__.cpython-310.pyc
 D afruheritage-platform/venv/lib/python3.10/site-packages/pip/_vendor/html5lib/__pycache__/_ihatexml.cpython-310.pyc
 D afruheritage-platform/venv/lib/python3.10/site-packages/pip/_vendor/html5lib/__pycache__/_inputstream.cpython-310.pyc
 D afruheritage-platform/venv/lib/python3.10/site-packages/pip/_vendor/html5lib/__pycache__/_tokenizer.cpython-310.pyc
 D afruheritage-platform/venv/lib/python3.10/site-packages/pip/_vendor/html5lib/__pycache__/_utils.cpython-310.pyc
 D afruheritage-platform/venv/lib/python3.10/site-packages/pip/_vendor/html5lib/__pycache__/constants.cpython-310.pyc
 D afruheritage-platform/venv/lib/python3.10/site-packages/pip/_vendor/html5lib/__pycache__/html5parser.cpython-310.pyc
 D afruheritage-platform/venv/lib/python3.10/site-packages/pip/_vendor/html5lib/__pycache__/serializer.cpython-310.pyc
 D afruheritage-platform/venv/lib/python3.10/site-packages/pip/_vendor/html5lib/_trie/__pycache__/__init__.cpython-310.pyc
 D afruheritage-platform/venv/lib/python3.10/site-packages/pip/_vendor/html5lib/_trie/__pycache__/_base.cpython-310.pyc
 D afruheritage-platform/venv/lib/python3.10/site-packages/pip/_vendor/html5lib/_trie/__pycache__/py.cpython-310.pyc
 D afruheritage-platform/venv/lib/python3.10/site-packages/pip/_vendor/html5lib/filters/__pycache__/__init__.cpython-310.pyc
 D afruheritage-platform/venv/lib/python3.10/site-packages/pip/_vendor/html5lib/filters/__pycache__/alphabeticalattributes.cpython-310.pyc
 D afruheritage-platform/venv/lib/python3.10/site-packages/pip/_vendor/html5lib/filters/__pycache__/base.cpython-310.pyc
 D afruheritage-platform/venv/lib/python3.10/site-packages/pip/_vendor/html5lib/filters/__pycache__/inject_meta_charset.cpython-310.pyc
 D afruheritage-platform/venv/lib/python3.10/site-packages/pip/_vendor/html5lib/filters/__pycache__/lint.cpython-310.pyc
 D afruheritage-platform/venv/lib/python3.10/site-packages/pip/_vendor/html5lib/filters/__pycache__/optionaltags.cpython-310.pyc
 D afruheritage-platform/venv/lib/python3.10/site-packages/pip/_vendor/html5lib/filters/__pycache__/sanitizer.cpython-310.pyc
 D afruheritage-platform/venv/lib/python3.10/site-packages/pip/_vendor/html5lib/filters/__pycache__/whitespace.cpython-310.pyc
 D afruheritage-platform/venv/lib/python3.10/site-packages/pip/_vendor/html5lib/treeadapters/__pycache__/__init__.cpython-310.pyc
 D afruheritage-platform/venv/lib/python3.10/site-packages/pip/_vendor/html5lib/treeadapters/__pycache__/genshi.cpython-310.pyc
 D afruheritage-platform/venv/lib/python3.10/site-packages/pip/_vendor/html5lib/treeadapters/__pycache__/sax.cpython-310.pyc
 D afruheritage-platform/venv/lib/python3.10/site-packages/pip/_vendor/html5lib/treebuilders/__pycache__/__init__.cpython-310.pyc
 D afruheritage-platform/venv/lib/python3.10/site-packages/pip/_vendor/html5lib/treebuilders/__pycache__/base.cpython-310.pyc
 D afruheritage-platform/venv/lib/python3.10/site-packages/pip/_vendor/html5lib/treebuilders/__pycache__/dom.cpython-310.pyc
 D afruheritage-platform/venv/lib/python3.10/site-packages/pip/_vendor/html5lib/treebuilders/__pycache__/etree.cpython-310.pyc
 D afruheritage-platform/venv/lib/python3.10/site-packages/pip/_vendor/html5lib/treebuilders/__pycache__/etree_lxml.cpython-310.pyc
 D afruheritage-platform/venv/lib/python3.10/site-packages/pip/_vendor/html5lib/treewalkers/__pycache__/__init__.cpython-310.pyc
 D afruheritage-platform/venv/lib/python3.10/site-packages/pip/_vendor/html5lib/treewalkers/__pycache__/base.cpython-310.pyc
 D afruheritage-platform/venv/lib/python3.10/site-packages/pip/_vendor/html5lib/treewalkers/__pycache__/dom.cpython-310.pyc
 D afruheritage-platform/venv/lib/python3.10/site-packages/pip/_vendor/html5lib/treewalkers/__pycache__/etree.cpython-310.pyc
 D afruheritage-platform/venv/lib/python3.10/site-packages/pip/_vendor/html5lib/treewalkers/__pycache__/etree_lxml.cpython-310.pyc
 D afruheritage-platform/venv/lib/python3.10/site-packages/pip/_vendor/html5lib/treewalkers/__pycache__/genshi.cpython-310.pyc
 D afruheritage-platform/venv/lib/python3.10/site-packages/pip/_vendor/idna/__pycache__/__init__.cpython-310.pyc
 D afruheritage-platform/venv/lib/python3.10/site-packages/pip/_vendor/idna/__pycache__/codec.cpython-310.pyc
 D afruheritage-platform/venv/lib/python3.10/site-packages/pip/_vendor/idna/__pycache__/compat.cpython-310.pyc
 D afruheritage-platform/venv/lib/python3.10/site-packages/pip/_vendor/idna/__pycache__/core.cpython-310.pyc
 D afruheritage-platform/venv/lib/python3.10/site-packages/pip/_vendor/idna/__pycache__/idnadata.cpython-310.pyc
 D afruheritage-platform/venv/lib/python3.10/site-packages/pip/_vendor/idna/__pycache__/intranges.cpython-310.pyc
 D afruheritage-platform/venv/lib/python3.10/site-packages/pip/_vendor/idna/__pycache__/package_data.cpython-310.pyc
 D afruheritage-platform/venv/lib/python3.10/site-packages/pip/_vendor/idna/__pycache__/uts46data.cpython-310.pyc
 D afruheritage-platform/venv/lib/python3.10/site-packages/pip/_vendor/msgpack/__pycache__/__init__.cpython-310.pyc
 D afruheritage-platform/venv/lib/python3.10/site-packages/pip/_vendor/msgpack/__pycache__/_version.cpython-310.pyc
 D afruheritage-platform/venv/lib/python3.10/site-packages/pip/_vendor/msgpack/__pycache__/exceptions.cpython-310.pyc
 D afruheritage-platform/venv/lib/python3.10/site-packages/pip/_vendor/msgpack/__pycache__/ext.cpython-310.pyc
 D afruheritage-platform/venv/lib/python3.10/site-packages/pip/_vendor/msgpack/__pycache__/fallback.cpython-310.pyc
 D afruheritage-platform/venv/lib/python3.10/site-packages/pip/_vendor/packaging/__pycache__/__about__.cpython-310.pyc
 D afruheritage-platform/venv/lib/python3.10/site-packages/pip/_vendor/packaging/__pycache__/__init__.cpython-310.pyc
 D afruheritage-platform/venv/lib/python3.10/site-packages/pip/_vendor/packaging/__pycache__/_manylinux.cpython-310.pyc
 D afruheritage-platform/venv/lib/python3.10/site-packages/pip/_vendor/packaging/__pycache__/_musllinux.cpython-310.pyc
 D afruheritage-platform/venv/lib/python3.10/site-packages/pip/_vendor/packaging/__pycache__/_structures.cpython-310.pyc
 D afruheritage-platform/venv/lib/python3.10/site-packages/pip/_vendor/packaging/__pycache__/markers.cpython-310.pyc
 D afruheritage-platform/venv/lib/python3.10/site-packages/pip/_vendor/packaging/__pycache__/requirements.cpython-310.pyc
 D afruheritage-platform/venv/lib/python3.10/site-packages/pip/_vendor/packaging/__pycache__/specifiers.cpython-310.pyc
 D afruheritage-platform/venv/lib/python3.10/site-packages/pip/_vendor/packaging/__pycache__/tags.cpython-310.pyc
 D afruheritage-platform/venv/lib/python3.10/site-packages/pip/_vendor/packaging/__pycache__/utils.cpython-310.pyc
 D afruheritage-platform/venv/lib/python3.10/site-packages/pip/_vendor/packaging/__pycache__/version.cpython-310.pyc
 D afruheritage-platform/venv/lib/python3.10/site-packages/pip/_vendor/pep517/__pycache__/__init__.cpython-310.pyc
 D afruheritage-platform/venv/lib/python3.10/site-packages/pip/_vendor/pep517/__pycache__/build.cpython-310.pyc
 D afruheritage-platform/venv/lib/python3.10/site-packages/pip/_vendor/pep517/__pycache__/check.cpython-310.pyc
 D afruheritage-platform/venv/lib/python3.10/site-packages/pip/_vendor/pep517/__pycache__/colorlog.cpython-310.pyc
 D afruheritage-platform/venv/lib/python3.10/site-packages/pip/_vendor/pep517/__pycache__/compat.cpython-310.pyc
 D afruheritage-platform/venv/lib/python3.10/site-packages/pip/_vendor/pep517/__pycache__/dirtools.cpython-310.pyc
 D afruheritage-platform/venv/lib/python3.10/site-packages/pip/_vendor/pep517/__pycache__/envbuild.cpython-310.pyc
 D afruheritage-platform/venv/lib/python3.10/site-packages/pip/_vendor/pep517/__pycache__/meta.cpython-310.pyc
 D afruheritage-platform/venv/lib/python3.10/site-packages/pip/_vendor/pep517/__pycache__/wrappers.cpython-310.pyc
 D afruheritage-platform/venv/lib/python3.10/site-packages/pip/_vendor/pep517/in_process/__pycache__/__init__.cpython-310.pyc
 D afruheritage-platform/venv/lib/python3.10/site-packages/pip/_vendor/pep517/in_process/__pycache__/_in_process.cpython-310.pyc
 D afruheritage-platform/venv/lib/python3.10/site-packages/pip/_vendor/pkg_resources/__pycache__/__init__.cpython-310.pyc
 D afruheritage-platform/venv/lib/python3.10/site-packages/pip/_vendor/pkg_resources/__pycache__/py31compat.cpython-310.pyc
 D afruheritage-platform/venv/lib/python3.10/site-packages/pip/_vendor/platformdirs/__pycache__/__init__.cpython-310.pyc
 D afruheritage-platform/venv/lib/python3.10/site-packages/pip/_vendor/platformdirs/__pycache__/__main__.cpython-310.pyc
 D afruheritage-platform/venv/lib/python3.10/site-packages/pip/_vendor/platformdirs/__pycache__/android.cpython-310.pyc
 D afruheritage-platform/venv/lib/python3.10/site-packages/pip/_vendor/platformdirs/__pycache__/api.cpython-310.pyc
 D afruheritage-platform/venv/lib/python3.10/site-packages/pip/_vendor/platformdirs/__pycache__/macos.cpython-310.pyc
 D afruheritage-platform/venv/lib/python3.10/site-packages/pip/_vendor/platformdirs/__pycache__/unix.cpython-310.pyc
 D afruheritage-platform/venv/lib/python3.10/site-packages/pip/_vendor/platformdirs/__pycache__/version.cpython-310.pyc
 D afruheritage-platform/venv/lib/python3.10/site-packages/pip/_vendor/platformdirs/__pycache__/windows.cpython-310.pyc
 D afruheritage-platform/venv/lib/python3.10/site-packages/pip/_vendor/progress/__pycache__/__init__.cpython-310.pyc
 D afruheritage-platform/venv/lib/python3.10/site-packages/pip/_vendor/progress/__pycache__/bar.cpython-310.pyc
 D afruheritage-platform/venv/lib/python3.10/site-packages/pip/_vendor/progress/__pycache__/colors.cpython-310.pyc
 D afruheritage-platform/venv/lib/python3.10/site-packages/pip/_vendor/progress/__pycache__/counter.cpython-310.pyc
 D afruheritage-platform/venv/lib/python3.10/site-packages/pip/_vendor/progress/__pycache__/spinner.cpython-310.pyc
 D afruheritage-platform/venv/lib/python3.10/site-packages/pip/_vendor/pygments/__pycache__/__init__.cpython-310.pyc
 D afruheritage-platform/venv/lib/python3.10/site-packages/pip/_vendor/pygments/__pycache__/__main__.cpython-310.pyc
 D afruheritage-platform/venv/lib/python3.10/site-packages/pip/_vendor/pygments/__pycache__/cmdline.cpython-310.pyc
 D afruheritage-platform/venv/lib/python3.10/site-packages/pip/_vendor/pygments/__pycache__/console.cpython-310.pyc
 D afruheritage-platform/venv/lib/python3.10/site-packages/pip/_vendor/pygments/__pycache__/filter.cpython-310.pyc
 D afruheritage-platform/venv/lib/python3.10/site-packages/pip/_vendor/pygments/__pycache__/formatter.cpython-310.pyc
 D afruheritage-platform/venv/lib/python3.10/site-packages/pip/_vendor/pygments/__pycache__/lexer.cpython-310.pyc
 D afruheritage-platform/venv/lib/python3.10/site-packages/pip/_vendor/pygments/__pycache__/modeline.cpython-310.pyc
 D afruheritage-platform/venv/lib/python3.10/site-packages/pip/_vendor/pygments/__pycache__/plugin.cpython-310.pyc
 D afruheritage-platform/venv/lib/python3.10/site-packages/pip/_vendor/pygments/__pycache__/regexopt.cpython-310.pyc
 D afruheritage-platform/venv/lib/python3.10/site-packages/pip/_vendor/pygments/__pycache__/scanner.cpython-310.pyc
 D afruheritage-platform/venv/lib/python3.10/site-packages/pip/_vendor/pygments/__pycache__/sphinxext.cpython-310.pyc
 D afruheritage-platform/venv/lib/python3.10/site-packages/pip/_vendor/pygments/__pycache__/style.cpython-310.pyc
 D afruheritage-platform/venv/lib/python3.10/site-packages/pip/_vendor/pygments/__pycache__/token.cpython-310.pyc
 D afruheritage-platform/venv/lib/python3.10/site-packages/pip/_vendor/pygments/__pycache__/unistring.cpython-310.pyc
 D afruheritage-platform/venv/lib/python3.10/site-packages/pip/_vendor/pygments/__pycache__/util.cpython-310.pyc
 D afruheritage-platform/venv/lib/python3.10/site-packages/pip/_vendor/pygments/filters/__pycache__/__init__.cpython-310.pyc
 D afruheritage-platform/venv/lib/python3.10/site-packages/pip/_vendor/pygments/formatters/__pycache__/__init__.cpython-310.pyc
 D afruheritage-platform/venv/lib/python3.10/site-packages/pip/_vendor/pygments/formatters/__pycache__/_mapping.cpython-310.pyc
 D afruheritage-platform/venv/lib/python3.10/site-packages/pip/_vendor/pygments/formatters/__pycache__/bbcode.cpython-310.pyc
 D afruheritage-platform/venv/lib/python3.10/site-packages/pip/_vendor/pygments/formatters/__pycache__/groff.cpython-310.pyc
 D afruheritage-platform/venv/lib/python3.10/site-packages/pip/_vendor/pygments/formatters/__pycache__/html.cpython-310.pyc
 D afruheritage-platform/venv/lib/python3.10/site-packages/pip/_vendor/pygments/formatters/__pycache__/img.cpython-310.pyc
 D afruheritage-platform/venv/lib/python3.10/site-packages/pip/_vendor/pygments/formatters/__pycache__/irc.cpython-310.pyc
 D afruheritage-platform/venv/lib/python3.10/site-packages/pip/_vendor/pygments/formatters/__pycache__/latex.cpython-310.pyc
 D afruheritage-platform/venv/lib/python3.10/site-packages/pip/_vendor/pygments/formatters/__pycache__/other.cpython-310.pyc
 D afruheritage-platform/venv/lib/python3.10/site-packages/pip/_vendor/pygments/formatters/__pycache__/pangomarkup.cpython-310.pyc
 D afruheritage-platform/venv/lib/python3.10/site-packages/pip/_vendor/pygments/formatters/__pycache__/rtf.cpython-310.pyc
 D afruheritage-platform/venv/lib/python3.10/site-packages/pip/_vendor/pygments/formatters/__pycache__/svg.cpython-310.pyc
 D afruheritage-platform/venv/lib/python3.10/site-packages/pip/_vendor/pygments/formatters/__pycache__/terminal.cpython-310.pyc
 D afruheritage-platform/venv/lib/python3.10/site-packages/pip/_vendor/pygments/formatters/__pycache__/terminal256.cpython-310.pyc
 D afruheritage-platform/venv/lib/python3.10/site-packages/pip/_vendor/pygments/lexers/__pycache__/__init__.cpython-310.pyc
 D afruheritage-platform/venv/lib/python3.10/site-packages/pip/_vendor/pygments/lexers/__pycache__/_mapping.cpython-310.pyc
 D afruheritage-platform/venv/lib/python3.10/site-packages/pip/_vendor/pygments/lexers/__pycache__/python.cpython-310.pyc
 D afruheritage-platform/venv/lib/python3.10/site-packages/pip/_vendor/pygments/styles/__pycache__/__init__.cpython-310.pyc
 D afruheritage-platform/venv/lib/python3.10/site-packages/pip/_vendor/pyparsing/__pycache__/__init__.cpython-310.pyc
 D afruheritage-platform/venv/lib/python3.10/site-packages/pip/_vendor/pyparsing/__pycache__/actions.cpython-310.pyc
 D afruheritage-platform/venv/lib/python3.10/site-packages/pip/_vendor/pyparsing/__pycache__/common.cpython-310.pyc
 D afruheritage-platform/venv/lib/python3.10/site-packages/pip/_vendor/pyparsing/__pycache__/core.cpython-310.pyc
 D afruheritage-platform/venv/lib/python3.10/site-packages/pip/_vendor/pyparsing/__pycache__/exceptions.cpython-310.pyc
 D afruheritage-platform/venv/lib/python3.10/site-packages/pip/_vendor/pyparsing/__pycache__/helpers.cpython-310.pyc
 D afruheritage-platform/venv/lib/python3.10/site-packages/pip/_vendor/pyparsing/__pycache__/results.cpython-310.pyc
 D afruheritage-platform/venv/lib/python3.10/site-packages/pip/_vendor/pyparsing/__pycache__/testing.cpython-310.pyc
 D afruheritage-platform/venv/lib/python3.10/site-packages/pip/_vendor/pyparsing/__pycache__/unicode.cpython-310.pyc
 D afruheritage-platform/venv/lib/python3.10/site-packages/pip/_vendor/pyparsing/__pycache__/util.cpython-310.pyc
 D afruheritage-platform/venv/lib/python3.10/site-packages/pip/_vendor/pyparsing/diagram/__pycache__/__init__.cpython-310.pyc
 D afruheritage-platform/venv/lib/python3.10/site-packages/pip/_vendor/requests/__pycache__/__init__.cpython-310.pyc
 D afruheritage-platform/venv/lib/python3.10/site-packages/pip/_vendor/requests/__pycache__/__version__.cpython-310.pyc
 D afruheritage-platform/venv/lib/python3.10/site-packages/pip/_vendor/requests/__pycache__/_internal_utils.cpython-310.pyc
 D afruheritage-platform/venv/lib/python3.10/site-packages/pip/_vendor/requests/__pycache__/adapters.cpython-310.pyc
 D afruheritage-platform/venv/lib/python3.10/site-packages/pip/_vendor/requests/__pycache__/api.cpython-310.pyc
 D afruheritage-platform/venv/lib/python3.10/site-packages/pip/_vendor/requests/__pycache__/auth.cpython-310.pyc
 D afruheritage-platform/venv/lib/python3.10/site-packages/pip/_vendor/requests/__pycache__/certs.cpython-310.pyc
 D afruheritage-platform/venv/lib/python3.10/site-packages/pip/_vendor/requests/__pycache__/compat.cpython-310.pyc
 D afruheritage-platform/venv/lib/python3.10/site-packages/pip/_vendor/requests/__pycache__/cookies.cpython-310.pyc
 D afruheritage-platform/venv/lib/python3.10/site-packages/pip/_vendor/requests/__pycache__/exceptions.cpython-310.pyc
 D afruheritage-platform/venv/lib/python3.10/site-packages/pip/_vendor/requests/__pycache__/help.cpython-310.pyc
 D afruheritage-platform/venv/lib/python3.10/site-packages/pip/_vendor/requests/__pycache__/hooks.cpython-310.pyc
 D afruheritage-platform/venv/lib/python3.10/site-packages/pip/_vendor/requests/__pycache__/models.cpython-310.pyc
 D afruheritage-platform/venv/lib/python3.10/site-packages/pip/_vendor/requests/__pycache__/packages.cpython-310.pyc
 D afruheritage-platform/venv/lib/python3.10/site-packages/pip/_vendor/requests/__pycache__/sessions.cpython-310.pyc
 D afruheritage-platform/venv/lib/python3.10/site-packages/pip/_vendor/requests/__pycache__/status_codes.cpython-310.pyc
 D afruheritage-platform/venv/lib/python3.10/site-packages/pip/_vendor/requests/__pycache__/structures.cpython-310.pyc
 D afruheritage-platform/venv/lib/python3.10/site-packages/pip/_vendor/requests/__pycache__/utils.cpython-310.pyc
 D afruheritage-platform/venv/lib/python3.10/site-packages/pip/_vendor/resolvelib/__pycache__/__init__.cpython-310.pyc
 D afruheritage-platform/venv/lib/python3.10/site-packages/pip/_vendor/resolvelib/__pycache__/providers.cpython-310.pyc
 D afruheritage-platform/venv/lib/python3.10/site-packages/pip/_vendor/resolvelib/__pycache__/reporters.cpython-310.pyc
 D afruheritage-platform/venv/lib/python3.10/site-packages/pip/_vendor/resolvelib/__pycache__/resolvers.cpython-310.pyc
 D afruheritage-platform/venv/lib/python3.10/site-packages/pip/_vendor/resolvelib/__pycache__/structs.cpython-310.pyc
 D afruheritage-platform/venv/lib/python3.10/site-packages/pip/_vendor/resolvelib/compat/__pycache__/__init__.cpython-310.pyc
 D afruheritage-platform/venv/lib/python3.10/site-packages/pip/_vendor/resolvelib/compat/__pycache__/collections_abc.cpython-310.pyc
 D afruheritage-platform/venv/lib/python3.10/site-packages/pip/_vendor/rich/__pycache__/__init__.cpython-310.pyc
 D afruheritage-platform/venv/lib/python3.10/site-packages/pip/_vendor/rich/__pycache__/__main__.cpython-310.pyc
 D afruheritage-platform/venv/lib/python3.10/site-packages/pip/_vendor/rich/__pycache__/_cell_widths.cpython-310.pyc
 D afruheritage-platform/venv/lib/python3.10/site-packages/pip/_vendor/rich/__pycache__/_emoji_codes.cpython-310.pyc
 D afruheritage-platform/venv/lib/python3.10/site-packages/pip/_vendor/rich/__pycache__/_emoji_replace.cpython-310.pyc
 D afruheritage-platform/venv/lib/python3.10/site-packages/pip/_vendor/rich/__pycache__/_extension.cpython-310.pyc
 D afruheritage-platform/venv/lib/python3.10/site-packages/pip/_vendor/rich/__pycache__/_inspect.cpython-310.pyc
 D afruheritage-platform/venv/lib/python3.10/site-packages/pip/_vendor/rich/__pycache__/_log_render.cpython-310.pyc
 D afruheritage-platform/venv/lib/python3.10/site-packages/pip/_vendor/rich/__pycache__/_loop.cpython-310.pyc
 D afruheritage-platform/venv/lib/python3.10/site-packages/pip/_vendor/rich/__pycache__/_lru_cache.cpython-310.pyc
 D afruheritage-platform/venv/lib/python3.10/site-packages/pip/_vendor/rich/__pycache__/_palettes.cpython-310.pyc
 D afruheritage-platform/venv/lib/python3.10/site-packages/pip/_vendor/rich/__pycache__/_pick.cpython-310.pyc
 D afruheritage-platform/venv/lib/python3.10/site-packages/pip/_vendor/rich/__pycache__/_ratio.cpython-310.pyc
 D afruheritage-platform/venv/lib/python3.10/site-packages/pip/_vendor/rich/__pycache__/_spinners.cpython-310.pyc
 D afruheritage-platform/venv/lib/python3.10/site-packages/pip/_vendor/rich/__pycache__/_stack.cpython-310.pyc
 D afruheritage-platform/venv/lib/python3.10/site-packages/pip/_vendor/rich/__pycache__/_timer.cpython-310.pyc
 D afruheritage-platform/venv/lib/python3.10/site-packages/pip/_vendor/rich/__pycache__/_windows.cpython-310.pyc
 D afruheritage-platform/venv/lib/python3.10/site-packages/pip/_vendor/rich/__pycache__/_wrap.cpython-310.pyc
 D afruheritage-platform/venv/lib/python3.10/site-packages/pip/_vendor/rich/__pycache__/abc.cpython-310.pyc
 D afruheritage-platform/venv/lib/python3.10/site-packages/pip/_vendor/rich/__pycache__/align.cpython-310.pyc
 D afruheritage-platform/venv/lib/python3.10/site-packages/pip/_vendor/rich/__pycache__/ansi.cpython-310.pyc
 D afruheritage-platform/venv/lib/python3.10/site-packages/pip/_vendor/rich/__pycache__/bar.cpython-310.pyc
 D afruheritage-platform/venv/lib/python3.10/site-packages/pip/_vendor/rich/__pycache__/box.cpython-310.pyc
 D afruheritage-platform/venv/lib/python3.10/site-packages/pip/_vendor/rich/__pycache__/cells.cpython-310.pyc
 D afruheritage-platform/venv/lib/python3.10/site-packages/pip/_vendor/rich/__pycache__/color.cpython-310.pyc
 D afruheritage-platform/venv/lib/python3.10/site-packages/pip/_vendor/rich/__pycache__/color_triplet.cpython-310.pyc
 D afruheritage-platform/venv/lib/python3.10/site-packages/pip/_vendor/rich/__pycache__/columns.cpython-310.pyc
 D afruheritage-platform/venv/lib/python3.10/site-packages/pip/_vendor/rich/__pycache__/console.cpython-310.pyc
 D afruheritage-platform/venv/lib/python3.10/site-packages/pip/_vendor/rich/__pycache__/constrain.cpython-310.pyc
 D afruheritage-platform/venv/lib/python3.10/site-packages/pip/_vendor/rich/__pycache__/containers.cpython-310.pyc
 D afruheritage-platform/venv/lib/python3.10/site-packages/pip/_vendor/rich/__pycache__/control.cpython-310.pyc
 D afruheritage-platform/venv/lib/python3.10/site-packages/pip/_vendor/rich/__pycache__/default_styles.cpython-310.pyc
 D afruheritage-platform/venv/lib/python3.10/site-packages/pip/_vendor/rich/__pycache__/diagnose.cpython-310.pyc
 D afruheritage-platform/venv/lib/python3.10/site-packages/pip/_vendor/rich/__pycache__/emoji.cpython-310.pyc
 D afruheritage-platform/venv/lib/python3.10/site-packages/pip/_vendor/rich/__pycache__/errors.cpython-310.pyc
 D afruheritage-platform/venv/lib/python3.10/site-packages/pip/_vendor/rich/__pycache__/file_proxy.cpython-310.pyc
 D afruheritage-platform/venv/lib/python3.10/site-packages/pip/_vendor/rich/__pycache__/filesize.cpython-310.pyc
 D afruheritage-platform/venv/lib/python3.10/site-packages/pip/_vendor/rich/__pycache__/highlighter.cpython-310.pyc
 D afruheritage-platform/venv/lib/python3.10/site-packages/pip/_vendor/rich/__pycache__/json.cpython-310.pyc
 D afruheritage-platform/venv/lib/python3.10/site-packages/pip/_vendor/rich/__pycache__/jupyter.cpython-310.pyc
 D afruheritage-platform/venv/lib/python3.10/site-packages/pip/_vendor/rich/__pycache__/layout.cpython-310.pyc
 D afruheritage-platform/venv/lib/python3.10/site-packages/pip/_vendor/rich/__pycache__/live.cpython-310.pyc
 D afruheritage-platform/venv/lib/python3.10/site-packages/pip/_vendor/rich/__pycache__/live_render.cpython-310.pyc
 D afruheritage-platform/venv/lib/python3.10/site-packages/pip/_vendor/rich/__pycache__/logging.cpython-310.pyc
 D afruheritage-platform/venv/lib/python3.10/site-packages/pip/_vendor/rich/__pycache__/markup.cpython-310.pyc
 D afruheritage-platform/venv/lib/python3.10/site-packages/pip/_vendor/rich/__pycache__/measure.cpython-310.pyc
 D afruheritage-platform/venv/lib/python3.10/site-packages/pip/_vendor/rich/__pycache__/padding.cpython-310.pyc
 D afruheritage-platform/venv/lib/python3.10/site-packages/pip/_vendor/rich/__pycache__/pager.cpython-310.pyc
 D afruheritage-platform/venv/lib/python3.10/site-packages/pip/_vendor/rich/__pycache__/palette.cpython-310.pyc
 D afruheritage-platform/venv/lib/python3.10/site-packages/pip/_vendor/rich/__pycache__/panel.cpython-310.pyc
 D afruheritage-platform/venv/lib/python3.10/site-packages/pip/_vendor/rich/__pycache__/pretty.cpython-310.pyc
 D afruheritage-platform/venv/lib/python3.10/site-packages/pip/_vendor/rich/__pycache__/progress.cpython-310.pyc
 D afruheritage-platform/venv/lib/python3.10/site-packages/pip/_vendor/rich/__pycache__/progress_bar.cpython-310.pyc
 D afruheritage-platform/venv/lib/python3.10/site-packages/pip/_vendor/rich/__pycache__/prompt.cpython-310.pyc
 D afruheritage-platform/venv/lib/python3.10/site-packages/pip/_vendor/rich/__pycache__/protocol.cpython-310.pyc
 D afruheritage-platform/venv/lib/python3.10/site-packages/pip/_vendor/rich/__pycache__/region.cpython-310.pyc
 D afruheritage-platform/venv/lib/python3.10/site-packages/pip/_vendor/rich/__pycache__/repr.cpython-310.pyc
 D afruheritage-platform/venv/lib/python3.10/site-packages/pip/_vendor/rich/__pycache__/rule.cpython-310.pyc
 D afruheritage-platform/venv/lib/python3.10/site-packages/pip/_vendor/rich/__pycache__/scope.cpython-310.pyc
 D afruheritage-platform/venv/lib/python3.10/site-packages/pip/_vendor/rich/__pycache__/screen.cpython-310.pyc
 D afruheritage-platform/venv/lib/python3.10/site-packages/pip/_vendor/rich/__pycache__/segment.cpython-310.pyc
 D afruheritage-platform/venv/lib/python3.10/site-packages/pip/_vendor/rich/__pycache__/spinner.cpython-310.pyc
 D afruheritage-platform/venv/lib/python3.10/site-packages/pip/_vendor/rich/__pycache__/status.cpython-310.pyc
 D afruheritage-platform/venv/lib/python3.10/site-packages/pip/_vendor/rich/__pycache__/style.cpython-310.pyc
 D afruheritage-platform/venv/lib/python3.10/site-packages/pip/_vendor/rich/__pycache__/styled.cpython-310.pyc
 D afruheritage-platform/venv/lib/python3.10/site-packages/pip/_vendor/rich/__pycache__/syntax.cpython-310.pyc
 D afruheritage-platform/venv/lib/python3.10/site-packages/pip/_vendor/rich/__pycache__/table.cpython-310.pyc
 D afruheritage-platform/venv/lib/python3.10/site-packages/pip/_vendor/rich/__pycache__/tabulate.cpython-310.pyc
 D afruheritage-platform/venv/lib/python3.10/site-packages/pip/_vendor/rich/__pycache__/terminal_theme.cpython-310.pyc
 D afruheritage-platform/venv/lib/python3.10/site-packages/pip/_vendor/rich/__pycache__/text.cpython-310.pyc
 D afruheritage-platform/venv/lib/python3.10/site-packages/pip/_vendor/rich/__pycache__/theme.cpython-310.pyc
 D afruheritage-platform/venv/lib/python3.10/site-packages/pip/_vendor/rich/__pycache__/themes.cpython-310.pyc
 D afruheritage-platform/venv/lib/python3.10/site-packages/pip/_vendor/rich/__pycache__/traceback.cpython-310.pyc
 D afruheritage-platform/venv/lib/python3.10/site-packages/pip/_vendor/rich/__pycache__/tree.cpython-310.pyc
 D afruheritage-platform/venv/lib/python3.10/site-packages/pip/_vendor/tenacity/__pycache__/__init__.cpython-310.pyc
 D afruheritage-platform/venv/lib/python3.10/site-packages/pip/_vendor/tenacity/__pycache__/_asyncio.cpython-310.pyc
 D afruheritage-platform/venv/lib/python3.10/site-packages/pip/_vendor/tenacity/__pycache__/_utils.cpython-310.pyc
 D afruheritage-platform/venv/lib/python3.10/site-packages/pip/_vendor/tenacity/__pycache__/after.cpython-310.pyc
 D afruheritage-platform/venv/lib/python3.10/site-packages/pip/_vendor/tenacity/__pycache__/before.cpython-310.pyc
 D afruheritage-platform/venv/lib/python3.10/site-packages/pip/_vendor/tenacity/__pycache__/before_sleep.cpython-310.pyc
 D afruheritage-platform/venv/lib/python3.10/site-packages/pip/_vendor/tenacity/__pycache__/nap.cpython-310.pyc
 D afruheritage-platform/venv/lib/python3.10/site-packages/pip/_vendor/tenacity/__pycache__/retry.cpython-310.pyc
 D afruheritage-platform/venv/lib/python3.10/site-packages/pip/_vendor/tenacity/__pycache__/stop.cpython-310.pyc
 D afruheritage-platform/venv/lib/python3.10/site-packages/pip/_vendor/tenacity/__pycache__/tornadoweb.cpython-310.pyc
 D afruheritage-platform/venv/lib/python3.10/site-packages/pip/_vendor/tenacity/__pycache__/wait.cpython-310.pyc
 D afruheritage-platform/venv/lib/python3.10/site-packages/pip/_vendor/tomli/__pycache__/__init__.cpython-310.pyc
 D afruheritage-platform/venv/lib/python3.10/site-packages/pip/_vendor/tomli/__pycache__/_parser.cpython-310.pyc
 D afruheritage-platform/venv/lib/python3.10/site-packages/pip/_vendor/tomli/__pycache__/_re.cpython-310.pyc
 D afruheritage-platform/venv/lib/python3.10/site-packages/pip/_vendor/urllib3/__pycache__/__init__.cpython-310.pyc
 D afruheritage-platform/venv/lib/python3.10/site-packages/pip/_vendor/urllib3/__pycache__/_collections.cpython-310.pyc
 D afruheritage-platform/venv/lib/python3.10/site-packages/pip/_vendor/urllib3/__pycache__/_version.cpython-310.pyc
 D afruheritage-platform/venv/lib/python3.10/site-packages/pip/_vendor/urllib3/__pycache__/connection.cpython-310.pyc
 D afruheritage-platform/venv/lib/python3.10/site-packages/pip/_vendor/urllib3/__pycache__/connectionpool.cpython-310.pyc
 D afruheritage-platform/venv/lib/python3.10/site-packages/pip/_vendor/urllib3/__pycache__/exceptions.cpython-310.pyc
 D afruheritage-platform/venv/lib/python3.10/site-packages/pip/_vendor/urllib3/__pycache__/fields.cpython-310.pyc
 D afruheritage-platform/venv/lib/python3.10/site-packages/pip/_vendor/urllib3/__pycache__/filepost.cpython-310.pyc
 D afruheritage-platform/venv/lib/python3.10/site-packages/pip/_vendor/urllib3/__pycache__/poolmanager.cpython-310.pyc
 D afruheritage-platform/venv/lib/python3.10/site-packages/pip/_vendor/urllib3/__pycache__/request.cpython-310.pyc
 D afruheritage-platform/venv/lib/python3.10/site-packages/pip/_vendor/urllib3/__pycache__/response.cpython-310.pyc
 D afruheritage-platform/venv/lib/python3.10/site-packages/pip/_vendor/urllib3/contrib/__pycache__/__init__.cpython-310.pyc
 D afruheritage-platform/venv/lib/python3.10/site-packages/pip/_vendor/urllib3/contrib/__pycache__/_appengine_environ.cpython-310.pyc
 D afruheritage-platform/venv/lib/python3.10/site-packages/pip/_vendor/urllib3/contrib/__pycache__/appengine.cpython-310.pyc
 D afruheritage-platform/venv/lib/python3.10/site-packages/pip/_vendor/urllib3/contrib/__pycache__/ntlmpool.cpython-310.pyc
 D afruheritage-platform/venv/lib/python3.10/site-packages/pip/_vendor/urllib3/contrib/__pycache__/pyopenssl.cpython-310.pyc
 D afruheritage-platform/venv/lib/python3.10/site-packages/pip/_vendor/urllib3/contrib/__pycache__/securetransport.cpython-310.pyc
 D afruheritage-platform/venv/lib/python3.10/site-packages/pip/_vendor/urllib3/contrib/__pycache__/socks.cpython-310.pyc
 D afruheritage-platform/venv/lib/python3.10/site-packages/pip/_vendor/urllib3/contrib/_securetransport/__pycache__/__init__.cpython-310.pyc
 D afruheritage-platform/venv/lib/python3.10/site-packages/pip/_vendor/urllib3/contrib/_securetransport/__pycache__/bindings.cpython-310.pyc
 D afruheritage-platform/venv/lib/python3.10/site-packages/pip/_vendor/urllib3/contrib/_securetransport/__pycache__/low_level.cpython-310.pyc
 D afruheritage-platform/venv/lib/python3.10/site-packages/pip/_vendor/urllib3/packages/__pycache__/__init__.cpython-310.pyc
 D afruheritage-platform/venv/lib/python3.10/site-packages/pip/_vendor/urllib3/packages/__pycache__/six.cpython-310.pyc
 D afruheritage-platform/venv/lib/python3.10/site-packages/pip/_vendor/urllib3/packages/backports/__pycache__/__init__.cpython-310.pyc
 D afruheritage-platform/venv/lib/python3.10/site-packages/pip/_vendor/urllib3/packages/backports/__pycache__/makefile.cpython-310.pyc
 D afruheritage-platform/venv/lib/python3.10/site-packages/pip/_vendor/urllib3/util/__pycache__/__init__.cpython-310.pyc
 D afruheritage-platform/venv/lib/python3.10/site-packages/pip/_vendor/urllib3/util/__pycache__/connection.cpython-310.pyc
 D afruheritage-platform/venv/lib/python3.10/site-packages/pip/_vendor/urllib3/util/__pycache__/proxy.cpython-310.pyc
 D afruheritage-platform/venv/lib/python3.10/site-packages/pip/_vendor/urllib3/util/__pycache__/queue.cpython-310.pyc
 D afruheritage-platform/venv/lib/python3.10/site-packages/pip/_vendor/urllib3/util/__pycache__/request.cpython-310.pyc
 D afruheritage-platform/venv/lib/python3.10/site-packages/pip/_vendor/urllib3/util/__pycache__/response.cpython-310.pyc
 D afruheritage-platform/venv/lib/python3.10/site-packages/pip/_vendor/urllib3/util/__pycache__/retry.cpython-310.pyc
 D afruheritage-platform/venv/lib/python3.10/site-packages/pip/_vendor/urllib3/util/__pycache__/ssl_.cpython-310.pyc
 D afruheritage-platform/venv/lib/python3.10/site-packages/pip/_vendor/urllib3/util/__pycache__/ssl_match_hostname.cpython-310.pyc
 D afruheritage-platform/venv/lib/python3.10/site-packages/pip/_vendor/urllib3/util/__pycache__/ssltransport.cpython-310.pyc
 D afruheritage-platform/venv/lib/python3.10/site-packages/pip/_vendor/urllib3/util/__pycache__/timeout.cpython-310.pyc
 D afruheritage-platform/venv/lib/python3.10/site-packages/pip/_vendor/urllib3/util/__pycache__/url.cpython-310.pyc
 D afruheritage-platform/venv/lib/python3.10/site-packages/pip/_vendor/urllib3/util/__pycache__/wait.cpython-310.pyc
 D afruheritage-platform/venv/lib/python3.10/site-packages/pip/_vendor/webencodings/__pycache__/__init__.cpython-310.pyc
 D afruheritage-platform/venv/lib/python3.10/site-packages/pip/_vendor/webencodings/__pycache__/labels.cpython-310.pyc
 D afruheritage-platform/venv/lib/python3.10/site-packages/pip/_vendor/webencodings/__pycache__/mklabels.cpython-310.pyc
 D afruheritage-platform/venv/lib/python3.10/site-packages/pip/_vendor/webencodings/__pycache__/tests.cpython-310.pyc
 D afruheritage-platform/venv/lib/python3.10/site-packages/pip/_vendor/webencodings/__pycache__/x_user_defined.cpython-310.pyc
 D afruheritage-platform/venv/lib/python3.10/site-packages/pkg_resources/__pycache__/__init__.cpython-310.pyc
 D afruheritage-platform/venv/lib/python3.10/site-packages/pkg_resources/_vendor/__pycache__/__init__.cpython-310.pyc
 D afruheritage-platform/venv/lib/python3.10/site-packages/pkg_resources/_vendor/__pycache__/appdirs.cpython-310.pyc
 D afruheritage-platform/venv/lib/python3.10/site-packages/pkg_resources/_vendor/__pycache__/pyparsing.cpython-310.pyc
 D afruheritage-platform/venv/lib/python3.10/site-packages/pkg_resources/_vendor/packaging/__pycache__/__about__.cpython-310.pyc
 D afruheritage-platform/venv/lib/python3.10/site-packages/pkg_resources/_vendor/packaging/__pycache__/__init__.cpython-310.pyc
 D afruheritage-platform/venv/lib/python3.10/site-packages/pkg_resources/_vendor/packaging/__pycache__/_manylinux.cpython-310.pyc
 D afruheritage-platform/venv/lib/python3.10/site-packages/pkg_resources/_vendor/packaging/__pycache__/_musllinux.cpython-310.pyc
 D afruheritage-platform/venv/lib/python3.10/site-packages/pkg_resources/_vendor/packaging/__pycache__/_structures.cpython-310.pyc
 D afruheritage-platform/venv/lib/python3.10/site-packages/pkg_resources/_vendor/packaging/__pycache__/markers.cpython-310.pyc
 D afruheritage-platform/venv/lib/python3.10/site-packages/pkg_resources/_vendor/packaging/__pycache__/requirements.cpython-310.pyc
 D afruheritage-platform/venv/lib/python3.10/site-packages/pkg_resources/_vendor/packaging/__pycache__/specifiers.cpython-310.pyc
 D afruheritage-platform/venv/lib/python3.10/site-packages/pkg_resources/_vendor/packaging/__pycache__/tags.cpython-310.pyc
 D afruheritage-platform/venv/lib/python3.10/site-packages/pkg_resources/_vendor/packaging/__pycache__/utils.cpython-310.pyc
 D afruheritage-platform/venv/lib/python3.10/site-packages/pkg_resources/_vendor/packaging/__pycache__/version.cpython-310.pyc
 D afruheritage-platform/venv/lib/python3.10/site-packages/pkg_resources/extern/__pycache__/__init__.cpython-310.pyc
 D afruheritage-platform/venv/lib/python3.10/site-packages/pkg_resources/tests/data/my-test-package-source/__pycache__/setup.cpython-310.pyc
 D afruheritage-platform/venv/lib/python3.10/site-packages/prompt_toolkit/__pycache__/__init__.cpython-310.pyc
 D afruheritage-platform/venv/lib/python3.10/site-packages/prompt_toolkit/__pycache__/auto_suggest.cpython-310.pyc
 D afruheritage-platform/venv/lib/python3.10/site-packages/prompt_toolkit/__pycache__/buffer.cpython-310.pyc
 D afruheritage-platform/venv/lib/python3.10/site-packages/prompt_toolkit/__pycache__/cache.cpython-310.pyc
 D afruheritage-platform/venv/lib/python3.10/site-packages/prompt_toolkit/__pycache__/cursor_shapes.cpython-310.pyc
 D afruheritage-platform/venv/lib/python3.10/site-packages/prompt_toolkit/__pycache__/data_structures.cpython-310.pyc
 D afruheritage-platform/venv/lib/python3.10/site-packages/prompt_toolkit/__pycache__/document.cpython-310.pyc
 D afruheritage-platform/venv/lib/python3.10/site-packages/prompt_toolkit/__pycache__/enums.cpython-310.pyc
 D afruheritage-platform/venv/lib/python3.10/site-packages/prompt_toolkit/__pycache__/history.cpython-310.pyc
 D afruheritage-platform/venv/lib/python3.10/site-packages/prompt_toolkit/__pycache__/keys.cpython-310.pyc
 D afruheritage-platform/venv/lib/python3.10/site-packages/prompt_toolkit/__pycache__/log.cpython-310.pyc
 D afruheritage-platform/venv/lib/python3.10/site-packages/prompt_toolkit/__pycache__/mouse_events.cpython-310.pyc
 D afruheritage-platform/venv/lib/python3.10/site-packages/prompt_toolkit/__pycache__/patch_stdout.cpython-310.pyc
 D afruheritage-platform/venv/lib/python3.10/site-packages/prompt_toolkit/__pycache__/renderer.cpython-310.pyc
 D afruheritage-platform/venv/lib/python3.10/site-packages/prompt_toolkit/__pycache__/search.cpython-310.pyc
 D afruheritage-platform/venv/lib/python3.10/site-packages/prompt_toolkit/__pycache__/selection.cpython-310.pyc
 D afruheritage-platform/venv/lib/python3.10/site-packages/prompt_toolkit/__pycache__/token.cpython-310.pyc
 D afruheritage-platform/venv/lib/python3.10/site-packages/prompt_toolkit/__pycache__/utils.cpython-310.pyc
 D afruheritage-platform/venv/lib/python3.10/site-packages/prompt_toolkit/__pycache__/validation.cpython-310.pyc
 D afruheritage-platform/venv/lib/python3.10/site-packages/prompt_toolkit/__pycache__/win32_types.cpython-310.pyc
 D afruheritage-platform/venv/lib/python3.10/site-packages/prompt_toolkit/application/__pycache__/__init__.cpython-310.pyc
 D afruheritage-platform/venv/lib/python3.10/site-packages/prompt_toolkit/application/__pycache__/application.cpython-310.pyc
 D afruheritage-platform/venv/lib/python3.10/site-packages/prompt_toolkit/application/__pycache__/current.cpython-310.pyc
 D afruheritage-platform/venv/lib/python3.10/site-packages/prompt_toolkit/application/__pycache__/dummy.cpython-310.pyc
 D afruheritage-platform/venv/lib/python3.10/site-packages/prompt_toolkit/application/__pycache__/run_in_terminal.cpython-310.pyc
 D afruheritage-platform/venv/lib/python3.10/site-packages/prompt_toolkit/clipboard/__pycache__/__init__.cpython-310.pyc
 D afruheritage-platform/venv/lib/python3.10/site-packages/prompt_toolkit/clipboard/__pycache__/base.cpython-310.pyc
 D afruheritage-platform/venv/lib/python3.10/site-packages/prompt_toolkit/clipboard/__pycache__/in_memory.cpython-310.pyc
 D afruheritage-platform/venv/lib/python3.10/site-packages/prompt_toolkit/clipboard/__pycache__/pyperclip.cpython-310.pyc
 D afruheritage-platform/venv/lib/python3.10/site-packages/prompt_toolkit/completion/__pycache__/__init__.cpython-310.pyc
 D afruheritage-platform/venv/lib/python3.10/site-packages/prompt_toolkit/completion/__pycache__/base.cpython-310.pyc
 D afruheritage-platform/venv/lib/python3.10/site-packages/prompt_toolkit/completion/__pycache__/deduplicate.cpython-310.pyc
 D afruheritage-platform/venv/lib/python3.10/site-packages/prompt_toolkit/completion/__pycache__/filesystem.cpython-310.pyc
 D afruheritage-platform/venv/lib/python3.10/site-packages/prompt_toolkit/completion/__pycache__/fuzzy_completer.cpython-310.pyc
 D afruheritage-platform/venv/lib/python3.10/site-packages/prompt_toolkit/completion/__pycache__/nested.cpython-310.pyc
 D afruheritage-platform/venv/lib/python3.10/site-packages/prompt_toolkit/completion/__pycache__/word_completer.cpython-310.pyc
 D afruheritage-platform/venv/lib/python3.10/site-packages/prompt_toolkit/contrib/__pycache__/__init__.cpython-310.pyc
 D afruheritage-platform/venv/lib/python3.10/site-packages/prompt_toolkit/contrib/completers/__pycache__/__init__.cpython-310.pyc
 D afruheritage-platform/venv/lib/python3.10/site-packages/prompt_toolkit/contrib/completers/__pycache__/system.cpython-310.pyc
 D afruheritage-platform/venv/lib/python3.10/site-packages/prompt_toolkit/contrib/regular_languages/__pycache__/__init__.cpython-310.pyc
 D afruheritage-platform/venv/lib/python3.10/site-packages/prompt_toolkit/contrib/regular_languages/__pycache__/compiler.cpython-310.pyc
 D afruheritage-platform/venv/lib/python3.10/site-packages/prompt_toolkit/contrib/regular_languages/__pycache__/completion.cpython-310.pyc
 D afruheritage-platform/venv/lib/python3.10/site-packages/prompt_toolkit/contrib/regular_languages/__pycache__/lexer.cpython-310.pyc
 D afruheritage-platform/venv/lib/python3.10/site-packages/prompt_toolkit/contrib/regular_languages/__pycache__/regex_parser.cpython-310.pyc
 D afruheritage-platform/venv/lib/python3.10/site-packages/prompt_toolkit/contrib/regular_languages/__pycache__/validation.cpython-310.pyc
 D afruheritage-platform/venv/lib/python3.10/site-packages/prompt_toolkit/contrib/ssh/__pycache__/__init__.cpython-310.pyc
 D afruheritage-platform/venv/lib/python3.10/site-packages/prompt_toolkit/contrib/ssh/__pycache__/server.cpython-310.pyc
 D afruheritage-platform/venv/lib/python3.10/site-packages/prompt_toolkit/contrib/telnet/__pycache__/__init__.cpython-310.pyc
 D afruheritage-platform/venv/lib/python3.10/site-packages/prompt_toolkit/contrib/telnet/__pycache__/log.cpython-310.pyc
 D afruheritage-platform/venv/lib/python3.10/site-packages/prompt_toolkit/contrib/telnet/__pycache__/protocol.cpython-310.pyc
 D afruheritage-platform/venv/lib/python3.10/site-packages/prompt_toolkit/contrib/telnet/__pycache__/server.cpython-310.pyc
 D afruheritage-platform/venv/lib/python3.10/site-packages/prompt_toolkit/eventloop/__pycache__/__init__.cpython-310.pyc
 D afruheritage-platform/venv/lib/python3.10/site-packages/prompt_toolkit/eventloop/__pycache__/async_generator.cpython-310.pyc
 D afruheritage-platform/venv/lib/python3.10/site-packages/prompt_toolkit/eventloop/__pycache__/inputhook.cpython-310.pyc
 D afruheritage-platform/venv/lib/python3.10/site-packages/prompt_toolkit/eventloop/__pycache__/utils.cpython-310.pyc
 D afruheritage-platform/venv/lib/python3.10/site-packages/prompt_toolkit/eventloop/__pycache__/win32.cpython-310.pyc
 D afruheritage-platform/venv/lib/python3.10/site-packages/prompt_toolkit/filters/__pycache__/__init__.cpython-310.pyc
 D afruheritage-platform/venv/lib/python3.10/site-packages/prompt_toolkit/filters/__pycache__/app.cpython-310.pyc
 D afruheritage-platform/venv/lib/python3.10/site-packages/prompt_toolkit/filters/__pycache__/base.cpython-310.pyc
 D afruheritage-platform/venv/lib/python3.10/site-packages/prompt_toolkit/filters/__pycache__/cli.cpython-310.pyc
 D afruheritage-platform/venv/lib/python3.10/site-packages/prompt_toolkit/filters/__pycache__/utils.cpython-310.pyc
 D afruheritage-platform/venv/lib/python3.10/site-packages/prompt_toolkit/formatted_text/__pycache__/__init__.cpython-310.pyc
 D afruheritage-platform/venv/lib/python3.10/site-packages/prompt_toolkit/formatted_text/__pycache__/ansi.cpython-310.pyc
 D afruheritage-platform/venv/lib/python3.10/site-packages/prompt_toolkit/formatted_text/__pycache__/base.cpython-310.pyc
 D afruheritage-platform/venv/lib/python3.10/site-packages/prompt_toolkit/formatted_text/__pycache__/html.cpython-310.pyc
 D afruheritage-platform/venv/lib/python3.10/site-packages/prompt_toolkit/formatted_text/__pycache__/pygments.cpython-310.pyc
 D afruheritage-platform/venv/lib/python3.10/site-packages/prompt_toolkit/formatted_text/__pycache__/utils.cpython-310.pyc
 D afruheritage-platform/venv/lib/python3.10/site-packages/prompt_toolkit/input/__pycache__/__init__.cpython-310.pyc
 D afruheritage-platform/venv/lib/python3.10/site-packages/prompt_toolkit/input/__pycache__/ansi_escape_sequences.cpython-310.pyc
 D afruheritage-platform/venv/lib/python3.10/site-packages/prompt_toolkit/input/__pycache__/base.cpython-310.pyc
 D afruheritage-platform/venv/lib/python3.10/site-packages/prompt_toolkit/input/__pycache__/defaults.cpython-310.pyc
 D afruheritage-platform/venv/lib/python3.10/site-packages/prompt_toolkit/input/__pycache__/posix_pipe.cpython-310.pyc
 D afruheritage-platform/venv/lib/python3.10/site-packages/prompt_toolkit/input/__pycache__/posix_utils.cpython-310.pyc
 D afruheritage-platform/venv/lib/python3.10/site-packages/prompt_toolkit/input/__pycache__/typeahead.cpython-310.pyc
 D afruheritage-platform/venv/lib/python3.10/site-packages/prompt_toolkit/input/__pycache__/vt100.cpython-310.pyc
 D afruheritage-platform/venv/lib/python3.10/site-packages/prompt_toolkit/input/__pycache__/vt100_parser.cpython-310.pyc
 D afruheritage-platform/venv/lib/python3.10/site-packages/prompt_toolkit/input/__pycache__/win32.cpython-310.pyc
 D afruheritage-platform/venv/lib/python3.10/site-packages/prompt_toolkit/input/__pycache__/win32_pipe.cpython-310.pyc
 D afruheritage-platform/venv/lib/python3.10/site-packages/prompt_toolkit/key_binding/__pycache__/__init__.cpython-310.pyc
 D afruheritage-platform/venv/lib/python3.10/site-packages/prompt_toolkit/key_binding/__pycache__/defaults.cpython-310.pyc
 D afruheritage-platform/venv/lib/python3.10/site-packages/prompt_toolkit/key_binding/__pycache__/digraphs.cpython-310.pyc
 D afruheritage-platform/venv/lib/python3.10/site-packages/prompt_toolkit/key_binding/__pycache__/emacs_state.cpython-310.pyc
 D afruheritage-platform/venv/lib/python3.10/site-packages/prompt_toolkit/key_binding/__pycache__/key_bindings.cpython-310.pyc
 D afruheritage-platform/venv/lib/python3.10/site-packages/prompt_toolkit/key_binding/__pycache__/key_processor.cpython-310.pyc
 D afruheritage-platform/venv/lib/python3.10/site-packages/prompt_toolkit/key_binding/__pycache__/vi_state.cpython-310.pyc
 D afruheritage-platform/venv/lib/python3.10/site-packages/prompt_toolkit/key_binding/bindings/__pycache__/__init__.cpython-310.pyc
 D afruheritage-platform/venv/lib/python3.10/site-packages/prompt_toolkit/key_binding/bindings/__pycache__/auto_suggest.cpython-310.pyc
 D afruheritage-platform/venv/lib/python3.10/site-packages/prompt_toolkit/key_binding/bindings/__pycache__/basic.cpython-310.pyc
 D afruheritage-platform/venv/lib/python3.10/site-packages/prompt_toolkit/key_binding/bindings/__pycache__/completion.cpython-310.pyc
 D afruheritage-platform/venv/lib/python3.10/site-packages/prompt_toolkit/key_binding/bindings/__pycache__/cpr.cpython-310.pyc
 D afruheritage-platform/venv/lib/python3.10/site-packages/prompt_toolkit/key_binding/bindings/__pycache__/emacs.cpython-310.pyc
 D afruheritage-platform/venv/lib/python3.10/site-packages/prompt_toolkit/key_binding/bindings/__pycache__/focus.cpython-310.pyc
 D afruheritage-platform/venv/lib/python3.10/site-packages/prompt_toolkit/key_binding/bindings/__pycache__/mouse.cpython-310.pyc
 D afruheritage-platform/venv/lib/python3.10/site-packages/prompt_toolkit/key_binding/bindings/__pycache__/named_commands.cpython-310.pyc
 D afruheritage-platform/venv/lib/python3.10/site-packages/prompt_toolkit/key_binding/bindings/__pycache__/open_in_editor.cpython-310.pyc
 D afruheritage-platform/venv/lib/python3.10/site-packages/prompt_toolkit/key_binding/bindings/__pycache__/page_navigation.cpython-310.pyc
 D afruheritage-platform/venv/lib/python3.10/site-packages/prompt_toolkit/key_binding/bindings/__pycache__/scroll.cpython-310.pyc
 D afruheritage-platform/venv/lib/python3.10/site-packages/prompt_toolkit/key_binding/bindings/__pycache__/search.cpython-310.pyc
 D afruheritage-platform/venv/lib/python3.10/site-packages/prompt_toolkit/key_binding/bindings/__pycache__/vi.cpython-310.pyc
 D afruheritage-platform/venv/lib/python3.10/site-packages/prompt_toolkit/layout/__pycache__/__init__.cpython-310.pyc
 D afruheritage-platform/venv/lib/python3.10/site-packages/prompt_toolkit/layout/__pycache__/containers.cpython-310.pyc
 D afruheritage-platform/venv/lib/python3.10/site-packages/prompt_toolkit/layout/__pycache__/controls.cpython-310.pyc
 D afruheritage-platform/venv/lib/python3.10/site-packages/prompt_toolkit/layout/__pycache__/dimension.cpython-310.pyc
 D afruheritage-platform/venv/lib/python3.10/site-packages/prompt_toolkit/layout/__pycache__/dummy.cpython-310.pyc
 D afruheritage-platform/venv/lib/python3.10/site-packages/prompt_toolkit/layout/__pycache__/layout.cpython-310.pyc
 D afruheritage-platform/venv/lib/python3.10/site-packages/prompt_toolkit/layout/__pycache__/margins.cpython-310.pyc
 D afruheritage-platform/venv/lib/python3.10/site-packages/prompt_toolkit/layout/__pycache__/menus.cpython-310.pyc
 D afruheritage-platform/venv/lib/python3.10/site-packages/prompt_toolkit/layout/__pycache__/mouse_handlers.cpython-310.pyc
 D afruheritage-platform/venv/lib/python3.10/site-packages/prompt_toolkit/layout/__pycache__/processors.cpython-310.pyc
 D afruheritage-platform/venv/lib/python3.10/site-packages/prompt_toolkit/layout/__pycache__/screen.cpython-310.pyc
 D afruheritage-platform/venv/lib/python3.10/site-packages/prompt_toolkit/layout/__pycache__/scrollable_pane.cpython-310.pyc
 D afruheritage-platform/venv/lib/python3.10/site-packages/prompt_toolkit/layout/__pycache__/utils.cpython-310.pyc
 D afruheritage-platform/venv/lib/python3.10/site-packages/prompt_toolkit/lexers/__pycache__/__init__.cpython-310.pyc
 D afruheritage-platform/venv/lib/python3.10/site-packages/prompt_toolkit/lexers/__pycache__/base.cpython-310.pyc
 D afruheritage-platform/venv/lib/python3.10/site-packages/prompt_toolkit/lexers/__pycache__/pygments.cpython-310.pyc
 D afruheritage-platform/venv/lib/python3.10/site-packages/prompt_toolkit/output/__pycache__/__init__.cpython-310.pyc
 D afruheritage-platform/venv/lib/python3.10/site-packages/prompt_toolkit/output/__pycache__/base.cpython-310.pyc
 D afruheritage-platform/venv/lib/python3.10/site-packages/prompt_toolkit/output/__pycache__/color_depth.cpython-310.pyc
 D afruheritage-platform/venv/lib/python3.10/site-packages/prompt_toolkit/output/__pycache__/conemu.cpython-310.pyc
 D afruheritage-platform/venv/lib/python3.10/site-packages/prompt_toolkit/output/__pycache__/defaults.cpython-310.pyc
 D afruheritage-platform/venv/lib/python3.10/site-packages/prompt_toolkit/output/__pycache__/flush_stdout.cpython-310.pyc
 D afruheritage-platform/venv/lib/python3.10/site-packages/prompt_toolkit/output/__pycache__/plain_text.cpython-310.pyc
 D afruheritage-platform/venv/lib/python3.10/site-packages/prompt_toolkit/output/__pycache__/vt100.cpython-310.pyc
 D afruheritage-platform/venv/lib/python3.10/site-packages/prompt_toolkit/output/__pycache__/win32.cpython-310.pyc
 D afruheritage-platform/venv/lib/python3.10/site-packages/prompt_toolkit/output/__pycache__/windows10.cpython-310.pyc
 D afruheritage-platform/venv/lib/python3.10/site-packages/prompt_toolkit/shortcuts/__pycache__/__init__.cpython-310.pyc
 D afruheritage-platform/venv/lib/python3.10/site-packages/prompt_toolkit/shortcuts/__pycache__/choice_input.cpython-310.pyc
 D afruheritage-platform/venv/lib/python3.10/site-packages/prompt_toolkit/shortcuts/__pycache__/dialogs.cpython-310.pyc
 D afruheritage-platform/venv/lib/python3.10/site-packages/prompt_toolkit/shortcuts/__pycache__/prompt.cpython-310.pyc
 D afruheritage-platform/venv/lib/python3.10/site-packages/prompt_toolkit/shortcuts/__pycache__/utils.cpython-310.pyc
 D afruheritage-platform/venv/lib/python3.10/site-packages/prompt_toolkit/shortcuts/progress_bar/__pycache__/__init__.cpython-310.pyc
 D afruheritage-platform/venv/lib/python3.10/site-packages/prompt_toolkit/shortcuts/progress_bar/__pycache__/base.cpython-310.pyc
 D afruheritage-platform/venv/lib/python3.10/site-packages/prompt_toolkit/shortcuts/progress_bar/__pycache__/formatters.cpython-310.pyc
 D afruheritage-platform/venv/lib/python3.10/site-packages/prompt_toolkit/styles/__pycache__/__init__.cpython-310.pyc
 D afruheritage-platform/venv/lib/python3.10/site-packages/prompt_toolkit/styles/__pycache__/base.cpython-310.pyc
 D afruheritage-platform/venv/lib/python3.10/site-packages/prompt_toolkit/styles/__pycache__/defaults.cpython-310.pyc
 D afruheritage-platform/venv/lib/python3.10/site-packages/prompt_toolkit/styles/__pycache__/named_colors.cpython-310.pyc
 D afruheritage-platform/venv/lib/python3.10/site-packages/prompt_toolkit/styles/__pycache__/pygments.cpython-310.pyc
 D afruheritage-platform/venv/lib/python3.10/site-packages/prompt_toolkit/styles/__pycache__/style.cpython-310.pyc
 D afruheritage-platform/venv/lib/python3.10/site-packages/prompt_toolkit/styles/__pycache__/style_transformation.cpython-310.pyc
 D afruheritage-platform/venv/lib/python3.10/site-packages/prompt_toolkit/widgets/__pycache__/__init__.cpython-310.pyc
 D afruheritage-platform/venv/lib/python3.10/site-packages/prompt_toolkit/widgets/__pycache__/base.cpython-310.pyc
 D afruheritage-platform/venv/lib/python3.10/site-packages/prompt_toolkit/widgets/__pycache__/dialogs.cpython-310.pyc
 D afruheritage-platform/venv/lib/python3.10/site-packages/prompt_toolkit/widgets/__pycache__/menus.cpython-310.pyc
 D afruheritage-platform/venv/lib/python3.10/site-packages/prompt_toolkit/widgets/__pycache__/toolbars.cpython-310.pyc
 D afruheritage-platform/venv/lib/python3.10/site-packages/psycopg/__pycache__/__init__.cpython-310.pyc
 D afruheritage-platform/venv/lib/python3.10/site-packages/psycopg/__pycache__/_acompat.cpython-310.pyc
 D afruheritage-platform/venv/lib/python3.10/site-packages/psycopg/__pycache__/_adapters_map.cpython-310.pyc
 D afruheritage-platform/venv/lib/python3.10/site-packages/psycopg/__pycache__/_capabilities.cpython-310.pyc
 D afruheritage-platform/venv/lib/python3.10/site-packages/psycopg/__pycache__/_cmodule.cpython-310.pyc
 D afruheritage-platform/venv/lib/python3.10/site-packages/psycopg/__pycache__/_column.cpython-310.pyc
 D afruheritage-platform/venv/lib/python3.10/site-packages/psycopg/__pycache__/_compat.cpython-310.pyc
 D afruheritage-platform/venv/lib/python3.10/site-packages/psycopg/__pycache__/_connection_base.cpython-310.pyc
 D afruheritage-platform/venv/lib/python3.10/site-packages/psycopg/__pycache__/_connection_info.cpython-310.pyc
 D afruheritage-platform/venv/lib/python3.10/site-packages/psycopg/__pycache__/_conninfo_attempts.cpython-310.pyc
 D afruheritage-platform/venv/lib/python3.10/site-packages/psycopg/__pycache__/_conninfo_attempts_async.cpython-310.pyc
 D afruheritage-platform/venv/lib/python3.10/site-packages/psycopg/__pycache__/_conninfo_utils.cpython-310.pyc
 D afruheritage-platform/venv/lib/python3.10/site-packages/psycopg/__pycache__/_copy.cpython-310.pyc
 D afruheritage-platform/venv/lib/python3.10/site-packages/psycopg/__pycache__/_copy_async.cpython-310.pyc
 D afruheritage-platform/venv/lib/python3.10/site-packages/psycopg/__pycache__/_copy_base.cpython-310.pyc
 D afruheritage-platform/venv/lib/python3.10/site-packages/psycopg/__pycache__/_cursor_base.cpython-310.pyc
 D afruheritage-platform/venv/lib/python3.10/site-packages/psycopg/__pycache__/_dns.cpython-310.pyc
 D afruheritage-platform/venv/lib/python3.10/site-packages/psycopg/__pycache__/_encodings.cpython-310.pyc
 D afruheritage-platform/venv/lib/python3.10/site-packages/psycopg/__pycache__/_enums.cpython-310.pyc
 D afruheritage-platform/venv/lib/python3.10/site-packages/psycopg/__pycache__/_oids.cpython-310.pyc
 D afruheritage-platform/venv/lib/python3.10/site-packages/psycopg/__pycache__/_pipeline.cpython-310.pyc
 D afruheritage-platform/venv/lib/python3.10/site-packages/psycopg/__pycache__/_preparing.cpython-310.pyc
 D afruheritage-platform/venv/lib/python3.10/site-packages/psycopg/__pycache__/_py_transformer.cpython-310.pyc
 D afruheritage-platform/venv/lib/python3.10/site-packages/psycopg/__pycache__/_queries.cpython-310.pyc
 D afruheritage-platform/venv/lib/python3.10/site-packages/psycopg/__pycache__/_struct.cpython-310.pyc
 D afruheritage-platform/venv/lib/python3.10/site-packages/psycopg/__pycache__/_tpc.cpython-310.pyc
 D afruheritage-platform/venv/lib/python3.10/site-packages/psycopg/__pycache__/_transformer.cpython-310.pyc
 D afruheritage-platform/venv/lib/python3.10/site-packages/psycopg/__pycache__/_typeinfo.cpython-310.pyc
 D afruheritage-platform/venv/lib/python3.10/site-packages/psycopg/__pycache__/_typemod.cpython-310.pyc
 D afruheritage-platform/venv/lib/python3.10/site-packages/psycopg/__pycache__/_tz.cpython-310.pyc
 D afruheritage-platform/venv/lib/python3.10/site-packages/psycopg/__pycache__/_wrappers.cpython-310.pyc
 D afruheritage-platform/venv/lib/python3.10/site-packages/psycopg/__pycache__/abc.cpython-310.pyc
 D afruheritage-platform/venv/lib/python3.10/site-packages/psycopg/__pycache__/adapt.cpython-310.pyc
 D afruheritage-platform/venv/lib/python3.10/site-packages/psycopg/__pycache__/client_cursor.cpython-310.pyc
 D afruheritage-platform/venv/lib/python3.10/site-packages/psycopg/__pycache__/connection.cpython-310.pyc
 D afruheritage-platform/venv/lib/python3.10/site-packages/psycopg/__pycache__/connection_async.cpython-310.pyc
 D afruheritage-platform/venv/lib/python3.10/site-packages/psycopg/__pycache__/conninfo.cpython-310.pyc
 D afruheritage-platform/venv/lib/python3.10/site-packages/psycopg/__pycache__/copy.cpython-310.pyc
 D afruheritage-platform/venv/lib/python3.10/site-packages/psycopg/__pycache__/cursor.cpython-310.pyc
 D afruheritage-platform/venv/lib/python3.10/site-packages/psycopg/__pycache__/cursor_async.cpython-310.pyc
 D afruheritage-platform/venv/lib/python3.10/site-packages/psycopg/__pycache__/dbapi20.cpython-310.pyc
 D afruheritage-platform/venv/lib/python3.10/site-packages/psycopg/__pycache__/errors.cpython-310.pyc
 D afruheritage-platform/venv/lib/python3.10/site-packages/psycopg/__pycache__/generators.cpython-310.pyc
 D afruheritage-platform/venv/lib/python3.10/site-packages/psycopg/__pycache__/postgres.cpython-310.pyc
 D afruheritage-platform/venv/lib/python3.10/site-packages/psycopg/__pycache__/raw_cursor.cpython-310.pyc
 D afruheritage-platform/venv/lib/python3.10/site-packages/psycopg/__pycache__/rows.cpython-310.pyc
 D afruheritage-platform/venv/lib/python3.10/site-packages/psycopg/__pycache__/server_cursor.cpython-310.pyc
 D afruheritage-platform/venv/lib/python3.10/site-packages/psycopg/__pycache__/sql.cpython-310.pyc
 D afruheritage-platform/venv/lib/python3.10/site-packages/psycopg/__pycache__/transaction.cpython-310.pyc
 D afruheritage-platform/venv/lib/python3.10/site-packages/psycopg/__pycache__/version.cpython-310.pyc
 D afruheritage-platform/venv/lib/python3.10/site-packages/psycopg/__pycache__/waiting.cpython-310.pyc
 D afruheritage-platform/venv/lib/python3.10/site-packages/psycopg/crdb/__pycache__/__init__.cpython-310.pyc
 D afruheritage-platform/venv/lib/python3.10/site-packages/psycopg/crdb/__pycache__/_types.cpython-310.pyc
 D afruheritage-platform/venv/lib/python3.10/site-packages/psycopg/crdb/__pycache__/connection.cpython-310.pyc
 D afruheritage-platform/venv/lib/python3.10/site-packages/psycopg/pq/__pycache__/__init__.cpython-310.pyc
 D afruheritage-platform/venv/lib/python3.10/site-packages/psycopg/pq/__pycache__/_debug.cpython-310.pyc
 D afruheritage-platform/venv/lib/python3.10/site-packages/psycopg/pq/__pycache__/_enums.cpython-310.pyc
 D afruheritage-platform/venv/lib/python3.10/site-packages/psycopg/pq/__pycache__/_pq_ctypes.cpython-310.pyc
 D afruheritage-platform/venv/lib/python3.10/site-packages/psycopg/pq/__pycache__/abc.cpython-310.pyc
 D afruheritage-platform/venv/lib/python3.10/site-packages/psycopg/pq/__pycache__/misc.cpython-310.pyc
 D afruheritage-platform/venv/lib/python3.10/site-packages/psycopg/pq/__pycache__/pq_ctypes.cpython-310.pyc
 D afruheritage-platform/venv/lib/python3.10/site-packages/psycopg/types/__pycache__/__init__.cpython-310.pyc
 D afruheritage-platform/venv/lib/python3.10/site-packages/psycopg/types/__pycache__/array.cpython-310.pyc
 D afruheritage-platform/venv/lib/python3.10/site-packages/psycopg/types/__pycache__/bool.cpython-310.pyc
 D afruheritage-platform/venv/lib/python3.10/site-packages/psycopg/types/__pycache__/composite.cpython-310.pyc
 D afruheritage-platform/venv/lib/python3.10/site-packages/psycopg/types/__pycache__/datetime.cpython-310.pyc
 D afruheritage-platform/venv/lib/python3.10/site-packages/psycopg/types/__pycache__/enum.cpython-310.pyc
 D afruheritage-platform/venv/lib/python3.10/site-packages/psycopg/types/__pycache__/hstore.cpython-310.pyc
 D afruheritage-platform/venv/lib/python3.10/site-packages/psycopg/types/__pycache__/json.cpython-310.pyc
 D afruheritage-platform/venv/lib/python3.10/site-packages/psycopg/types/__pycache__/multirange.cpython-310.pyc
 D afruheritage-platform/venv/lib/python3.10/site-packages/psycopg/types/__pycache__/net.cpython-310.pyc
 D afruheritage-platform/venv/lib/python3.10/site-packages/psycopg/types/__pycache__/none.cpython-310.pyc
 D afruheritage-platform/venv/lib/python3.10/site-packages/psycopg/types/__pycache__/numeric.cpython-310.pyc
 D afruheritage-platform/venv/lib/python3.10/site-packages/psycopg/types/__pycache__/numpy.cpython-310.pyc
 D afruheritage-platform/venv/lib/python3.10/site-packages/psycopg/types/__pycache__/range.cpython-310.pyc
 D afruheritage-platform/venv/lib/python3.10/site-packages/psycopg/types/__pycache__/shapely.cpython-310.pyc
 D afruheritage-platform/venv/lib/python3.10/site-packages/psycopg/types/__pycache__/string.cpython-310.pyc
 D afruheritage-platform/venv/lib/python3.10/site-packages/psycopg/types/__pycache__/uuid.cpython-310.pyc
 D afruheritage-platform/venv/lib/python3.10/site-packages/psycopg_binary/__pycache__/__init__.cpython-310.pyc
 D afruheritage-platform/venv/lib/python3.10/site-packages/psycopg_binary/__pycache__/_uuid.cpython-310.pyc
 D afruheritage-platform/venv/lib/python3.10/site-packages/psycopg_binary/__pycache__/version.cpython-310.pyc
 D afruheritage-platform/venv/lib/python3.10/site-packages/pyasn1/__pycache__/__init__.cpython-310.pyc
 D afruheritage-platform/venv/lib/python3.10/site-packages/pyasn1/__pycache__/debug.cpython-310.pyc
 D afruheritage-platform/venv/lib/python3.10/site-packages/pyasn1/__pycache__/error.cpython-310.pyc
 D afruheritage-platform/venv/lib/python3.10/site-packages/pyasn1/codec/__pycache__/__init__.cpython-310.pyc
 D afruheritage-platform/venv/lib/python3.10/site-packages/pyasn1/codec/__pycache__/streaming.cpython-310.pyc
 D afruheritage-platform/venv/lib/python3.10/site-packages/pyasn1/codec/ber/__pycache__/__init__.cpython-310.pyc
 D afruheritage-platform/venv/lib/python3.10/site-packages/pyasn1/codec/ber/__pycache__/decoder.cpython-310.pyc
 D afruheritage-platform/venv/lib/python3.10/site-packages/pyasn1/codec/ber/__pycache__/encoder.cpython-310.pyc
 D afruheritage-platform/venv/lib/python3.10/site-packages/pyasn1/codec/ber/__pycache__/eoo.cpython-310.pyc
 D afruheritage-platform/venv/lib/python3.10/site-packages/pyasn1/codec/cer/__pycache__/__init__.cpython-310.pyc
 D afruheritage-platform/venv/lib/python3.10/site-packages/pyasn1/codec/cer/__pycache__/decoder.cpython-310.pyc
 D afruheritage-platform/venv/lib/python3.10/site-packages/pyasn1/codec/cer/__pycache__/encoder.cpython-310.pyc
 D afruheritage-platform/venv/lib/python3.10/site-packages/pyasn1/codec/der/__pycache__/__init__.cpython-310.pyc
 D afruheritage-platform/venv/lib/python3.10/site-packages/pyasn1/codec/der/__pycache__/decoder.cpython-310.pyc
 D afruheritage-platform/venv/lib/python3.10/site-packages/pyasn1/codec/der/__pycache__/encoder.cpython-310.pyc
 D afruheritage-platform/venv/lib/python3.10/site-packages/pyasn1/codec/native/__pycache__/__init__.cpython-310.pyc
 D afruheritage-platform/venv/lib/python3.10/site-packages/pyasn1/codec/native/__pycache__/decoder.cpython-310.pyc
 D afruheritage-platform/venv/lib/python3.10/site-packages/pyasn1/codec/native/__pycache__/encoder.cpython-310.pyc
 D afruheritage-platform/venv/lib/python3.10/site-packages/pyasn1/compat/__pycache__/__init__.cpython-310.pyc
 D afruheritage-platform/venv/lib/python3.10/site-packages/pyasn1/compat/__pycache__/integer.cpython-310.pyc
 D afruheritage-platform/venv/lib/python3.10/site-packages/pyasn1/type/__pycache__/__init__.cpython-310.pyc
 D afruheritage-platform/venv/lib/python3.10/site-packages/pyasn1/type/__pycache__/base.cpython-310.pyc
 D afruheritage-platform/venv/lib/python3.10/site-packages/pyasn1/type/__pycache__/char.cpython-310.pyc
 D afruheritage-platform/venv/lib/python3.10/site-packages/pyasn1/type/__pycache__/constraint.cpython-310.pyc
 D afruheritage-platform/venv/lib/python3.10/site-packages/pyasn1/type/__pycache__/error.cpython-310.pyc
 D afruheritage-platform/venv/lib/python3.10/site-packages/pyasn1/type/__pycache__/namedtype.cpython-310.pyc
 D afruheritage-platform/venv/lib/python3.10/site-packages/pyasn1/type/__pycache__/namedval.cpython-310.pyc
 D afruheritage-platform/venv/lib/python3.10/site-packages/pyasn1/type/__pycache__/opentype.cpython-310.pyc
 D afruheritage-platform/venv/lib/python3.10/site-packages/pyasn1/type/__pycache__/tag.cpython-310.pyc
 D afruheritage-platform/venv/lib/python3.10/site-packages/pyasn1/type/__pycache__/tagmap.cpython-310.pyc
 D afruheritage-platform/venv/lib/python3.10/site-packages/pyasn1/type/__pycache__/univ.cpython-310.pyc
 D afruheritage-platform/venv/lib/python3.10/site-packages/pyasn1/type/__pycache__/useful.cpython-310.pyc
 D afruheritage-platform/venv/lib/python3.10/site-packages/pycparser/__pycache__/__init__.cpython-310.pyc
 D afruheritage-platform/venv/lib/python3.10/site-packages/pycparser/__pycache__/_ast_gen.cpython-310.pyc
 D afruheritage-platform/venv/lib/python3.10/site-packages/pycparser/__pycache__/ast_transforms.cpython-310.pyc
 D afruheritage-platform/venv/lib/python3.10/site-packages/pycparser/__pycache__/c_ast.cpython-310.pyc
 D afruheritage-platform/venv/lib/python3.10/site-packages/pycparser/__pycache__/c_generator.cpython-310.pyc
 D afruheritage-platform/venv/lib/python3.10/site-packages/pycparser/__pycache__/c_lexer.cpython-310.pyc
 D afruheritage-platform/venv/lib/python3.10/site-packages/pycparser/__pycache__/c_parser.cpython-310.pyc
 D afruheritage-platform/venv/lib/python3.10/site-packages/pydantic/__pycache__/__init__.cpython-310.pyc
 D afruheritage-platform/venv/lib/python3.10/site-packages/pydantic/__pycache__/_migration.cpython-310.pyc
 D afruheritage-platform/venv/lib/python3.10/site-packages/pydantic/__pycache__/alias_generators.cpython-310.pyc
 D afruheritage-platform/venv/lib/python3.10/site-packages/pydantic/__pycache__/aliases.cpython-310.pyc
 D afruheritage-platform/venv/lib/python3.10/site-packages/pydantic/__pycache__/annotated_handlers.cpython-310.pyc
 D afruheritage-platform/venv/lib/python3.10/site-packages/pydantic/__pycache__/class_validators.cpython-310.pyc
 D afruheritage-platform/venv/lib/python3.10/site-packages/pydantic/__pycache__/color.cpython-310.pyc
 D afruheritage-platform/venv/lib/python3.10/site-packages/pydantic/__pycache__/config.cpython-310.pyc
 D afruheritage-platform/venv/lib/python3.10/site-packages/pydantic/__pycache__/dataclasses.cpython-310.pyc
 D afruheritage-platform/venv/lib/python3.10/site-packages/pydantic/__pycache__/datetime_parse.cpython-310.pyc
 D afruheritage-platform/venv/lib/python3.10/site-packages/pydantic/__pycache__/decorator.cpython-310.pyc
 D afruheritage-platform/venv/lib/python3.10/site-packages/pydantic/__pycache__/env_settings.cpython-310.pyc
 D afruheritage-platform/venv/lib/python3.10/site-packages/pydantic/__pycache__/error_wrappers.cpython-310.pyc
 D afruheritage-platform/venv/lib/python3.10/site-packages/pydantic/__pycache__/errors.cpython-310.pyc
 D afruheritage-platform/venv/lib/python3.10/site-packages/pydantic/__pycache__/fields.cpython-310.pyc
 D afruheritage-platform/venv/lib/python3.10/site-packages/pydantic/__pycache__/functional_serializers.cpython-310.pyc
 D afruheritage-platform/venv/lib/python3.10/site-packages/pydantic/__pycache__/functional_validators.cpython-310.pyc
 D afruheritage-platform/venv/lib/python3.10/site-packages/pydantic/__pycache__/generics.cpython-310.pyc
 D afruheritage-platform/venv/lib/python3.10/site-packages/pydantic/__pycache__/json.cpython-310.pyc
 D afruheritage-platform/venv/lib/python3.10/site-packages/pydantic/__pycache__/json_schema.cpython-310.pyc
 D afruheritage-platform/venv/lib/python3.10/site-packages/pydantic/__pycache__/main.cpython-310.pyc
 D afruheritage-platform/venv/lib/python3.10/site-packages/pydantic/__pycache__/mypy.cpython-310.pyc
 D afruheritage-platform/venv/lib/python3.10/site-packages/pydantic/__pycache__/networks.cpython-310.pyc
 D afruheritage-platform/venv/lib/python3.10/site-packages/pydantic/__pycache__/parse.cpython-310.pyc
 D afruheritage-platform/venv/lib/python3.10/site-packages/pydantic/__pycache__/root_model.cpython-310.pyc
 D afruheritage-platform/venv/lib/python3.10/site-packages/pydantic/__pycache__/schema.cpython-310.pyc
 D afruheritage-platform/venv/lib/python3.10/site-packages/pydantic/__pycache__/tools.cpython-310.pyc
 D afruheritage-platform/venv/lib/python3.10/site-packages/pydantic/__pycache__/type_adapter.cpython-310.pyc
 D afruheritage-platform/venv/lib/python3.10/site-packages/pydantic/__pycache__/types.cpython-310.pyc
 D afruheritage-platform/venv/lib/python3.10/site-packages/pydantic/__pycache__/typing.cpython-310.pyc
 D afruheritage-platform/venv/lib/python3.10/site-packages/pydantic/__pycache__/utils.cpython-310.pyc
 D afruheritage-platform/venv/lib/python3.10/site-packages/pydantic/__pycache__/validate_call_decorator.cpython-310.pyc
 D afruheritage-platform/venv/lib/python3.10/site-packages/pydantic/__pycache__/validators.cpython-310.pyc
 D afruheritage-platform/venv/lib/python3.10/site-packages/pydantic/__pycache__/version.cpython-310.pyc
 D afruheritage-platform/venv/lib/python3.10/site-packages/pydantic/__pycache__/warnings.cpython-310.pyc
 D afruheritage-platform/venv/lib/python3.10/site-packages/pydantic/_internal/__pycache__/__init__.cpython-310.pyc
 D afruheritage-platform/venv/lib/python3.10/site-packages/pydantic/_internal/__pycache__/_config.cpython-310.pyc
 D afruheritage-platform/venv/lib/python3.10/site-packages/pydantic/_internal/__pycache__/_core_metadata.cpython-310.pyc
 D afruheritage-platform/venv/lib/python3.10/site-packages/pydantic/_internal/__pycache__/_core_utils.cpython-310.pyc
 D afruheritage-platform/venv/lib/python3.10/site-packages/pydantic/_internal/__pycache__/_dataclasses.cpython-310.pyc
 D afruheritage-platform/venv/lib/python3.10/site-packages/pydantic/_internal/__pycache__/_decorators.cpython-310.pyc
 D afruheritage-platform/venv/lib/python3.10/site-packages/pydantic/_internal/__pycache__/_decorators_v1.cpython-310.pyc
 D afruheritage-platform/venv/lib/python3.10/site-packages/pydantic/_internal/__pycache__/_discriminated_union.cpython-310.pyc
 D afruheritage-platform/venv/lib/python3.10/site-packages/pydantic/_internal/__pycache__/_docs_extraction.cpython-310.pyc
 D afruheritage-platform/venv/lib/python3.10/site-packages/pydantic/_internal/__pycache__/_fields.cpython-310.pyc
 D afruheritage-platform/venv/lib/python3.10/site-packages/pydantic/_internal/__pycache__/_forward_ref.cpython-310.pyc
 D afruheritage-platform/venv/lib/python3.10/site-packages/pydantic/_internal/__pycache__/_generate_schema.cpython-310.pyc
 D afruheritage-platform/venv/lib/python3.10/site-packages/pydantic/_internal/__pycache__/_generics.cpython-310.pyc
 D afruheritage-platform/venv/lib/python3.10/site-packages/pydantic/_internal/__pycache__/_git.cpython-310.pyc
 D afruheritage-platform/venv/lib/python3.10/site-packages/pydantic/_internal/__pycache__/_import_utils.cpython-310.pyc
 D afruheritage-platform/venv/lib/python3.10/site-packages/pydantic/_internal/__pycache__/_internal_dataclass.cpython-310.pyc
 D afruheritage-platform/venv/lib/python3.10/site-packages/pydantic/_internal/__pycache__/_known_annotated_metadata.cpython-310.pyc
 D afruheritage-platform/venv/lib/python3.10/site-packages/pydantic/_internal/__pycache__/_mock_val_ser.cpython-310.pyc
 D afruheritage-platform/venv/lib/python3.10/site-packages/pydantic/_internal/__pycache__/_model_construction.cpython-310.pyc
 D afruheritage-platform/venv/lib/python3.10/site-packages/pydantic/_internal/__pycache__/_namespace_utils.cpython-310.pyc
 D afruheritage-platform/venv/lib/python3.10/site-packages/pydantic/_internal/__pycache__/_repr.cpython-310.pyc
 D afruheritage-platform/venv/lib/python3.10/site-packages/pydantic/_internal/__pycache__/_schema_generation_shared.cpython-310.pyc
 D afruheritage-platform/venv/lib/python3.10/site-packages/pydantic/_internal/__pycache__/_serializers.cpython-310.pyc
 D afruheritage-platform/venv/lib/python3.10/site-packages/pydantic/_internal/__pycache__/_signature.cpython-310.pyc
 D afruheritage-platform/venv/lib/python3.10/site-packages/pydantic/_internal/__pycache__/_std_types_schema.cpython-310.pyc
 D afruheritage-platform/venv/lib/python3.10/site-packages/pydantic/_internal/__pycache__/_typing_extra.cpython-310.pyc
 D afruheritage-platform/venv/lib/python3.10/site-packages/pydantic/_internal/__pycache__/_utils.cpython-310.pyc
 D afruheritage-platform/venv/lib/python3.10/site-packages/pydantic/_internal/__pycache__/_validate_call.cpython-310.pyc
 D afruheritage-platform/venv/lib/python3.10/site-packages/pydantic/_internal/__pycache__/_validators.cpython-310.pyc
 D afruheritage-platform/venv/lib/python3.10/site-packages/pydantic/deprecated/__pycache__/__init__.cpython-310.pyc
 D afruheritage-platform/venv/lib/python3.10/site-packages/pydantic/deprecated/__pycache__/class_validators.cpython-310.pyc
 D afruheritage-platform/venv/lib/python3.10/site-packages/pydantic/deprecated/__pycache__/config.cpython-310.pyc
 D afruheritage-platform/venv/lib/python3.10/site-packages/pydantic/deprecated/__pycache__/copy_internals.cpython-310.pyc
 D afruheritage-platform/venv/lib/python3.10/site-packages/pydantic/deprecated/__pycache__/decorator.cpython-310.pyc
 D afruheritage-platform/venv/lib/python3.10/site-packages/pydantic/deprecated/__pycache__/json.cpython-310.pyc
 D afruheritage-platform/venv/lib/python3.10/site-packages/pydantic/deprecated/__pycache__/parse.cpython-310.pyc
 D afruheritage-platform/venv/lib/python3.10/site-packages/pydantic/deprecated/__pycache__/tools.cpython-310.pyc
 D afruheritage-platform/venv/lib/python3.10/site-packages/pydantic/experimental/__pycache__/__init__.cpython-310.pyc
 D afruheritage-platform/venv/lib/python3.10/site-packages/pydantic/experimental/__pycache__/pipeline.cpython-310.pyc
 D afruheritage-platform/venv/lib/python3.10/site-packages/pydantic/plugin/__pycache__/__init__.cpython-310.pyc
 D afruheritage-platform/venv/lib/python3.10/site-packages/pydantic/plugin/__pycache__/_loader.cpython-310.pyc
 D afruheritage-platform/venv/lib/python3.10/site-packages/pydantic/plugin/__pycache__/_schema_validator.cpython-310.pyc
 D afruheritage-platform/venv/lib/python3.10/site-packages/pydantic/v1/__pycache__/__init__.cpython-310.pyc
 D afruheritage-platform/venv/lib/python3.10/site-packages/pydantic/v1/__pycache__/_hypothesis_plugin.cpython-310.pyc
 D afruheritage-platform/venv/lib/python3.10/site-packages/pydantic/v1/__pycache__/annotated_types.cpython-310.pyc
 D afruheritage-platform/venv/lib/python3.10/site-packages/pydantic/v1/__pycache__/class_validators.cpython-310.pyc
 D afruheritage-platform/venv/lib/python3.10/site-packages/pydantic/v1/__pycache__/color.cpython-310.pyc
 D afruheritage-platform/venv/lib/python3.10/site-packages/pydantic/v1/__pycache__/config.cpython-310.pyc
 D afruheritage-platform/venv/lib/python3.10/site-packages/pydantic/v1/__pycache__/dataclasses.cpython-310.pyc
 D afruheritage-platform/venv/lib/python3.10/site-packages/pydantic/v1/__pycache__/datetime_parse.cpython-310.pyc
 D afruheritage-platform/venv/lib/python3.10/site-packages/pydantic/v1/__pycache__/decorator.cpython-310.pyc
 D afruheritage-platform/venv/lib/python3.10/site-packages/pydantic/v1/__pycache__/env_settings.cpython-310.pyc
 D afruheritage-platform/venv/lib/python3.10/site-packages/pydantic/v1/__pycache__/error_wrappers.cpython-310.pyc
 D afruheritage-platform/venv/lib/python3.10/site-packages/pydantic/v1/__pycache__/errors.cpython-310.pyc
 D afruheritage-platform/venv/lib/python3.10/site-packages/pydantic/v1/__pycache__/fields.cpython-310.pyc
 D afruheritage-platform/venv/lib/python3.10/site-packages/pydantic/v1/__pycache__/generics.cpython-310.pyc
 D afruheritage-platform/venv/lib/python3.10/site-packages/pydantic/v1/__pycache__/json.cpython-310.pyc
 D afruheritage-platform/venv/lib/python3.10/site-packages/pydantic/v1/__pycache__/main.cpython-310.pyc
 D afruheritage-platform/venv/lib/python3.10/site-packages/pydantic/v1/__pycache__/mypy.cpython-310.pyc
 D afruheritage-platform/venv/lib/python3.10/site-packages/pydantic/v1/__pycache__/networks.cpython-310.pyc
 D afruheritage-platform/venv/lib/python3.10/site-packages/pydantic/v1/__pycache__/parse.cpython-310.pyc
 D afruheritage-platform/venv/lib/python3.10/site-packages/pydantic/v1/__pycache__/schema.cpython-310.pyc
 D afruheritage-platform/venv/lib/python3.10/site-packages/pydantic/v1/__pycache__/tools.cpython-310.pyc
 D afruheritage-platform/venv/lib/python3.10/site-packages/pydantic/v1/__pycache__/types.cpython-310.pyc
 D afruheritage-platform/venv/lib/python3.10/site-packages/pydantic/v1/__pycache__/typing.cpython-310.pyc
 D afruheritage-platform/venv/lib/python3.10/site-packages/pydantic/v1/__pycache__/utils.cpython-310.pyc
 D afruheritage-platform/venv/lib/python3.10/site-packages/pydantic/v1/__pycache__/validators.cpython-310.pyc
 D afruheritage-platform/venv/lib/python3.10/site-packages/pydantic/v1/__pycache__/version.cpython-310.pyc
 D afruheritage-platform/venv/lib/python3.10/site-packages/pydantic_core/__pycache__/__init__.cpython-310.pyc
 D afruheritage-platform/venv/lib/python3.10/site-packages/pydantic_core/__pycache__/core_schema.cpython-310.pyc
 D afruheritage-platform/venv/lib/python3.10/site-packages/pydantic_settings/__pycache__/__init__.cpython-310.pyc
 D afruheritage-platform/venv/lib/python3.10/site-packages/pydantic_settings/__pycache__/main.cpython-310.pyc
 D afruheritage-platform/venv/lib/python3.10/site-packages/pydantic_settings/__pycache__/sources.cpython-310.pyc
 D afruheritage-platform/venv/lib/python3.10/site-packages/pydantic_settings/__pycache__/utils.cpython-310.pyc
 D afruheritage-platform/venv/lib/python3.10/site-packages/pydantic_settings/__pycache__/version.cpython-310.pyc
 D afruheritage-platform/venv/lib/python3.10/site-packages/python_multipart/__pycache__/__init__.cpython-310.pyc
 D afruheritage-platform/venv/lib/python3.10/site-packages/python_multipart/__pycache__/decoders.cpython-310.pyc
 D afruheritage-platform/venv/lib/python3.10/site-packages/python_multipart/__pycache__/exceptions.cpython-310.pyc
 D afruheritage-platform/venv/lib/python3.10/site-packages/python_multipart/__pycache__/multipart.cpython-310.pyc
 D afruheritage-platform/venv/lib/python3.10/site-packages/redis/__pycache__/__init__.cpython-310.pyc
 D afruheritage-platform/venv/lib/python3.10/site-packages/redis/__pycache__/backoff.cpython-310.pyc
 D afruheritage-platform/venv/lib/python3.10/site-packages/redis/__pycache__/cache.cpython-310.pyc
 D afruheritage-platform/venv/lib/python3.10/site-packages/redis/__pycache__/client.cpython-310.pyc
 D afruheritage-platform/venv/lib/python3.10/site-packages/redis/__pycache__/cluster.cpython-310.pyc
 D afruheritage-platform/venv/lib/python3.10/site-packages/redis/__pycache__/connection.cpython-310.pyc
 D afruheritage-platform/venv/lib/python3.10/site-packages/redis/__pycache__/crc.cpython-310.pyc
 D afruheritage-platform/venv/lib/python3.10/site-packages/redis/__pycache__/credentials.cpython-310.pyc
 D afruheritage-platform/venv/lib/python3.10/site-packages/redis/__pycache__/exceptions.cpython-310.pyc
 D afruheritage-platform/venv/lib/python3.10/site-packages/redis/__pycache__/lock.cpython-310.pyc
 D afruheritage-platform/venv/lib/python3.10/site-packages/redis/__pycache__/ocsp.cpython-310.pyc
 D afruheritage-platform/venv/lib/python3.10/site-packages/redis/__pycache__/retry.cpython-310.pyc
 D afruheritage-platform/venv/lib/python3.10/site-packages/redis/__pycache__/sentinel.cpython-310.pyc
 D afruheritage-platform/venv/lib/python3.10/site-packages/redis/__pycache__/typing.cpython-310.pyc
 D afruheritage-platform/venv/lib/python3.10/site-packages/redis/__pycache__/utils.cpython-310.pyc
 D afruheritage-platform/venv/lib/python3.10/site-packages/redis/_parsers/__pycache__/__init__.cpython-310.pyc
 D afruheritage-platform/venv/lib/python3.10/site-packages/redis/_parsers/__pycache__/base.cpython-310.pyc
 D afruheritage-platform/venv/lib/python3.10/site-packages/redis/_parsers/__pycache__/commands.cpython-310.pyc
 D afruheritage-platform/venv/lib/python3.10/site-packages/redis/_parsers/__pycache__/encoders.cpython-310.pyc
 D afruheritage-platform/venv/lib/python3.10/site-packages/redis/_parsers/__pycache__/helpers.cpython-310.pyc
 D afruheritage-platform/venv/lib/python3.10/site-packages/redis/_parsers/__pycache__/hiredis.cpython-310.pyc
 D afruheritage-platform/venv/lib/python3.10/site-packages/redis/_parsers/__pycache__/resp2.cpython-310.pyc
 D afruheritage-platform/venv/lib/python3.10/site-packages/redis/_parsers/__pycache__/resp3.cpython-310.pyc
 D afruheritage-platform/venv/lib/python3.10/site-packages/redis/_parsers/__pycache__/socket.cpython-310.pyc
 D afruheritage-platform/venv/lib/python3.10/site-packages/redis/asyncio/__pycache__/__init__.cpython-310.pyc
 D afruheritage-platform/venv/lib/python3.10/site-packages/redis/asyncio/__pycache__/client.cpython-310.pyc
 D afruheritage-platform/venv/lib/python3.10/site-packages/redis/asyncio/__pycache__/cluster.cpython-310.pyc
 D afruheritage-platform/venv/lib/python3.10/site-packages/redis/asyncio/__pycache__/connection.cpython-310.pyc
 D afruheritage-platform/venv/lib/python3.10/site-packages/redis/asyncio/__pycache__/lock.cpython-310.pyc
 D afruheritage-platform/venv/lib/python3.10/site-packages/redis/asyncio/__pycache__/retry.cpython-310.pyc
 D afruheritage-platform/venv/lib/python3.10/site-packages/redis/asyncio/__pycache__/sentinel.cpython-310.pyc
 D afruheritage-platform/venv/lib/python3.10/site-packages/redis/asyncio/__pycache__/utils.cpython-310.pyc
 D afruheritage-platform/venv/lib/python3.10/site-packages/redis/commands/__pycache__/__init__.cpython-310.pyc
 D afruheritage-platform/venv/lib/python3.10/site-packages/redis/commands/__pycache__/cluster.cpython-310.pyc
 D afruheritage-platform/venv/lib/python3.10/site-packages/redis/commands/__pycache__/core.cpython-310.pyc
 D afruheritage-platform/venv/lib/python3.10/site-packages/redis/commands/__pycache__/helpers.cpython-310.pyc
 D afruheritage-platform/venv/lib/python3.10/site-packages/redis/commands/__pycache__/redismodules.cpython-310.pyc
 D afruheritage-platform/venv/lib/python3.10/site-packages/redis/commands/__pycache__/sentinel.cpython-310.pyc
 D afruheritage-platform/venv/lib/python3.10/site-packages/redis/commands/bf/__pycache__/__init__.cpython-310.pyc
 D afruheritage-platform/venv/lib/python3.10/site-packages/redis/commands/bf/__pycache__/commands.cpython-310.pyc
 D afruheritage-platform/venv/lib/python3.10/site-packages/redis/commands/bf/__pycache__/info.cpython-310.pyc
 D afruheritage-platform/venv/lib/python3.10/site-packages/redis/commands/graph/__pycache__/__init__.cpython-310.pyc
 D afruheritage-platform/venv/lib/python3.10/site-packages/redis/commands/graph/__pycache__/commands.cpython-310.pyc
 D afruheritage-platform/venv/lib/python3.10/site-packages/redis/commands/graph/__pycache__/edge.cpython-310.pyc
 D afruheritage-platform/venv/lib/python3.10/site-packages/redis/commands/graph/__pycache__/exceptions.cpython-310.pyc
 D afruheritage-platform/venv/lib/python3.10/site-packages/redis/commands/graph/__pycache__/execution_plan.cpython-310.pyc
 D afruheritage-platform/venv/lib/python3.10/site-packages/redis/commands/graph/__pycache__/node.cpython-310.pyc
 D afruheritage-platform/venv/lib/python3.10/site-packages/redis/commands/graph/__pycache__/path.cpython-310.pyc
 D afruheritage-platform/venv/lib/python3.10/site-packages/redis/commands/graph/__pycache__/query_result.cpython-310.pyc
 D afruheritage-platform/venv/lib/python3.10/site-packages/redis/commands/json/__pycache__/__init__.cpython-310.pyc
 D afruheritage-platform/venv/lib/python3.10/site-packages/redis/commands/json/__pycache__/_util.cpython-310.pyc
 D afruheritage-platform/venv/lib/python3.10/site-packages/redis/commands/json/__pycache__/commands.cpython-310.pyc
 D afruheritage-platform/venv/lib/python3.10/site-packages/redis/commands/json/__pycache__/decoders.cpython-310.pyc
 D afruheritage-platform/venv/lib/python3.10/site-packages/redis/commands/json/__pycache__/path.cpython-310.pyc
 D afruheritage-platform/venv/lib/python3.10/site-packages/redis/commands/search/__pycache__/__init__.cpython-310.pyc
 D afruheritage-platform/venv/lib/python3.10/site-packages/redis/commands/search/__pycache__/_util.cpython-310.pyc
 D afruheritage-platform/venv/lib/python3.10/site-packages/redis/commands/search/__pycache__/aggregation.cpython-310.pyc
 D afruheritage-platform/venv/lib/python3.10/site-packages/redis/commands/search/__pycache__/commands.cpython-310.pyc
 D afruheritage-platform/venv/lib/python3.10/site-packages/redis/commands/search/__pycache__/document.cpython-310.pyc
 D afruheritage-platform/venv/lib/python3.10/site-packages/redis/commands/search/__pycache__/field.cpython-310.pyc
 D afruheritage-platform/venv/lib/python3.10/site-packages/redis/commands/search/__pycache__/indexDefinition.cpython-310.pyc
 D afruheritage-platform/venv/lib/python3.10/site-packages/redis/commands/search/__pycache__/query.cpython-310.pyc
 D afruheritage-platform/venv/lib/python3.10/site-packages/redis/commands/search/__pycache__/querystring.cpython-310.pyc
 D afruheritage-platform/venv/lib/python3.10/site-packages/redis/commands/search/__pycache__/reducers.cpython-310.pyc
 D afruheritage-platform/venv/lib/python3.10/site-packages/redis/commands/search/__pycache__/result.cpython-310.pyc
 D afruheritage-platform/venv/lib/python3.10/site-packages/redis/commands/search/__pycache__/suggestion.cpython-310.pyc
 D afruheritage-platform/venv/lib/python3.10/site-packages/redis/commands/timeseries/__pycache__/__init__.cpython-310.pyc
 D afruheritage-platform/venv/lib/python3.10/site-packages/redis/commands/timeseries/__pycache__/commands.cpython-310.pyc
 D afruheritage-platform/venv/lib/python3.10/site-packages/redis/commands/timeseries/__pycache__/info.cpython-310.pyc
 D afruheritage-platform/venv/lib/python3.10/site-packages/redis/commands/timeseries/__pycache__/utils.cpython-310.pyc
 D afruheritage-platform/venv/lib/python3.10/site-packages/rsa/__pycache__/__init__.cpython-310.pyc
 D afruheritage-platform/venv/lib/python3.10/site-packages/rsa/__pycache__/asn1.cpython-310.pyc
 D afruheritage-platform/venv/lib/python3.10/site-packages/rsa/__pycache__/cli.cpython-310.pyc
 D afruheritage-platform/venv/lib/python3.10/site-packages/rsa/__pycache__/common.cpython-310.pyc
 D afruheritage-platform/venv/lib/python3.10/site-packages/rsa/__pycache__/core.cpython-310.pyc
 D afruheritage-platform/venv/lib/python3.10/site-packages/rsa/__pycache__/key.cpython-310.pyc
 D afruheritage-platform/venv/lib/python3.10/site-packages/rsa/__pycache__/parallel.cpython-310.pyc
 D afruheritage-platform/venv/lib/python3.10/site-packages/rsa/__pycache__/pem.cpython-310.pyc
 D afruheritage-platform/venv/lib/python3.10/site-packages/rsa/__pycache__/pkcs1.cpython-310.pyc
 D afruheritage-platform/venv/lib/python3.10/site-packages/rsa/__pycache__/pkcs1_v2.cpython-310.pyc
 D afruheritage-platform/venv/lib/python3.10/site-packages/rsa/__pycache__/prime.cpython-310.pyc
 D afruheritage-platform/venv/lib/python3.10/site-packages/rsa/__pycache__/randnum.cpython-310.pyc
 D afruheritage-platform/venv/lib/python3.10/site-packages/rsa/__pycache__/transform.cpython-310.pyc
 D afruheritage-platform/venv/lib/python3.10/site-packages/rsa/__pycache__/util.cpython-310.pyc
 D afruheritage-platform/venv/lib/python3.10/site-packages/s3transfer/__pycache__/__init__.cpython-310.pyc
 D afruheritage-platform/venv/lib/python3.10/site-packages/s3transfer/__pycache__/bandwidth.cpython-310.pyc
 D afruheritage-platform/venv/lib/python3.10/site-packages/s3transfer/__pycache__/compat.cpython-310.pyc
 D afruheritage-platform/venv/lib/python3.10/site-packages/s3transfer/__pycache__/constants.cpython-310.pyc
 D afruheritage-platform/venv/lib/python3.10/site-packages/s3transfer/__pycache__/copies.cpython-310.pyc
 D afruheritage-platform/venv/lib/python3.10/site-packages/s3transfer/__pycache__/crt.cpython-310.pyc
 D afruheritage-platform/venv/lib/python3.10/site-packages/s3transfer/__pycache__/delete.cpython-310.pyc
 D afruheritage-platform/venv/lib/python3.10/site-packages/s3transfer/__pycache__/download.cpython-310.pyc
 D afruheritage-platform/venv/lib/python3.10/site-packages/s3transfer/__pycache__/exceptions.cpython-310.pyc
 D afruheritage-platform/venv/lib/python3.10/site-packages/s3transfer/__pycache__/futures.cpython-310.pyc
 D afruheritage-platform/venv/lib/python3.10/site-packages/s3transfer/__pycache__/manager.cpython-310.pyc
 D afruheritage-platform/venv/lib/python3.10/site-packages/s3transfer/__pycache__/processpool.cpython-310.pyc
 D afruheritage-platform/venv/lib/python3.10/site-packages/s3transfer/__pycache__/subscribers.cpython-310.pyc
 D afruheritage-platform/venv/lib/python3.10/site-packages/s3transfer/__pycache__/tasks.cpython-310.pyc
 D afruheritage-platform/venv/lib/python3.10/site-packages/s3transfer/__pycache__/upload.cpython-310.pyc
 D afruheritage-platform/venv/lib/python3.10/site-packages/s3transfer/__pycache__/utils.cpython-310.pyc
 D afruheritage-platform/venv/lib/python3.10/site-packages/setuptools/__pycache__/__init__.cpython-310.pyc
 D afruheritage-platform/venv/lib/python3.10/site-packages/setuptools/__pycache__/_deprecation_warning.cpython-310.pyc
 D afruheritage-platform/venv/lib/python3.10/site-packages/setuptools/__pycache__/_imp.cpython-310.pyc
 D afruheritage-platform/venv/lib/python3.10/site-packages/setuptools/__pycache__/archive_util.cpython-310.pyc
 D afruheritage-platform/venv/lib/python3.10/site-packages/setuptools/__pycache__/build_meta.cpython-310.pyc
 D afruheritage-platform/venv/lib/python3.10/site-packages/setuptools/__pycache__/config.cpython-310.pyc
 D afruheritage-platform/venv/lib/python3.10/site-packages/setuptools/__pycache__/dep_util.cpython-310.pyc
 D afruheritage-platform/venv/lib/python3.10/site-packages/setuptools/__pycache__/depends.cpython-310.pyc
 D afruheritage-platform/venv/lib/python3.10/site-packages/setuptools/__pycache__/dist.cpython-310.pyc
 D afruheritage-platform/venv/lib/python3.10/site-packages/setuptools/__pycache__/errors.cpython-310.pyc
 D afruheritage-platform/venv/lib/python3.10/site-packages/setuptools/__pycache__/extension.cpython-310.pyc
 D afruheritage-platform/venv/lib/python3.10/site-packages/setuptools/__pycache__/glob.cpython-310.pyc
 D afruheritage-platform/venv/lib/python3.10/site-packages/setuptools/__pycache__/installer.cpython-310.pyc
 D afruheritage-platform/venv/lib/python3.10/site-packages/setuptools/__pycache__/launch.cpython-310.pyc
 D afruheritage-platform/venv/lib/python3.10/site-packages/setuptools/__pycache__/monkey.cpython-310.pyc
 D afruheritage-platform/venv/lib/python3.10/site-packages/setuptools/__pycache__/msvc.cpython-310.pyc
 D afruheritage-platform/venv/lib/python3.10/site-packages/setuptools/__pycache__/namespaces.cpython-310.pyc
 D afruheritage-platform/venv/lib/python3.10/site-packages/setuptools/__pycache__/package_index.cpython-310.pyc
 D afruheritage-platform/venv/lib/python3.10/site-packages/setuptools/__pycache__/py34compat.cpython-310.pyc
 D afruheritage-platform/venv/lib/python3.10/site-packages/setuptools/__pycache__/sandbox.cpython-310.pyc
 D afruheritage-platform/venv/lib/python3.10/site-packages/setuptools/__pycache__/unicode_utils.cpython-310.pyc
 D afruheritage-platform/venv/lib/python3.10/site-packages/setuptools/__pycache__/version.cpython-310.pyc
 D afruheritage-platform/venv/lib/python3.10/site-packages/setuptools/__pycache__/wheel.cpython-310.pyc
 D afruheritage-platform/venv/lib/python3.10/site-packages/setuptools/__pycache__/windows_support.cpython-310.pyc
 D afruheritage-platform/venv/lib/python3.10/site-packages/setuptools/_distutils/__pycache__/__init__.cpython-310.pyc
 D afruheritage-platform/venv/lib/python3.10/site-packages/setuptools/_distutils/__pycache__/_msvccompiler.cpython-310.pyc
 D afruheritage-platform/venv/lib/python3.10/site-packages/setuptools/_distutils/__pycache__/archive_util.cpython-310.pyc
 D afruheritage-platform/venv/lib/python3.10/site-packages/setuptools/_distutils/__pycache__/bcppcompiler.cpython-310.pyc
 D afruheritage-platform/venv/lib/python3.10/site-packages/setuptools/_distutils/__pycache__/ccompiler.cpython-310.pyc
 D afruheritage-platform/venv/lib/python3.10/site-packages/setuptools/_distutils/__pycache__/cmd.cpython-310.pyc
 D afruheritage-platform/venv/lib/python3.10/site-packages/setuptools/_distutils/__pycache__/config.cpython-310.pyc
 D afruheritage-platform/venv/lib/python3.10/site-packages/setuptools/_distutils/__pycache__/core.cpython-310.pyc
 D afruheritage-platform/venv/lib/python3.10/site-packages/setuptools/_distutils/__pycache__/cygwinccompiler.cpython-310.pyc
 D afruheritage-platform/venv/lib/python3.10/site-packages/setuptools/_distutils/__pycache__/debug.cpython-310.pyc
 D afruheritage-platform/venv/lib/python3.10/site-packages/setuptools/_distutils/__pycache__/dep_util.cpython-310.pyc
 D afruheritage-platform/venv/lib/python3.10/site-packages/setuptools/_distutils/__pycache__/dir_util.cpython-310.pyc
 D afruheritage-platform/venv/lib/python3.10/site-packages/setuptools/_distutils/__pycache__/dist.cpython-310.pyc
 D afruheritage-platform/venv/lib/python3.10/site-packages/setuptools/_distutils/__pycache__/errors.cpython-310.pyc
 D afruheritage-platform/venv/lib/python3.10/site-packages/setuptools/_distutils/__pycache__/extension.cpython-310.pyc
 D afruheritage-platform/venv/lib/python3.10/site-packages/setuptools/_distutils/__pycache__/fancy_getopt.cpython-310.pyc
 D afruheritage-platform/venv/lib/python3.10/site-packages/setuptools/_distutils/__pycache__/file_util.cpython-310.pyc
 D afruheritage-platform/venv/lib/python3.10/site-packages/setuptools/_distutils/__pycache__/filelist.cpython-310.pyc
 D afruheritage-platform/venv/lib/python3.10/site-packages/setuptools/_distutils/__pycache__/log.cpython-310.pyc
 D afruheritage-platform/venv/lib/python3.10/site-packages/setuptools/_distutils/__pycache__/msvc9compiler.cpython-310.pyc
 D afruheritage-platform/venv/lib/python3.10/site-packages/setuptools/_distutils/__pycache__/msvccompiler.cpython-310.pyc
 D afruheritage-platform/venv/lib/python3.10/site-packages/setuptools/_distutils/__pycache__/py35compat.cpython-310.pyc
 D afruheritage-platform/venv/lib/python3.10/site-packages/setuptools/_distutils/__pycache__/py38compat.cpython-310.pyc
 D afruheritage-platform/venv/lib/python3.10/site-packages/setuptools/_distutils/__pycache__/spawn.cpython-310.pyc
 D afruheritage-platform/venv/lib/python3.10/site-packages/setuptools/_distutils/__pycache__/sysconfig.cpython-310.pyc
 D afruheritage-platform/venv/lib/python3.10/site-packages/setuptools/_distutils/__pycache__/text_file.cpython-310.pyc
 D afruheritage-platform/venv/lib/python3.10/site-packages/setuptools/_distutils/__pycache__/unixccompiler.cpython-310.pyc
 D afruheritage-platform/venv/lib/python3.10/site-packages/setuptools/_distutils/__pycache__/util.cpython-310.pyc
 D afruheritage-platform/venv/lib/python3.10/site-packages/setuptools/_distutils/__pycache__/version.cpython-310.pyc
 D afruheritage-platform/venv/lib/python3.10/site-packages/setuptools/_distutils/__pycache__/versionpredicate.cpython-310.pyc
 D afruheritage-platform/venv/lib/python3.10/site-packages/setuptools/_distutils/command/__pycache__/__init__.cpython-310.pyc
 D afruheritage-platform/venv/lib/python3.10/site-packages/setuptools/_distutils/command/__pycache__/bdist.cpython-310.pyc
 D afruheritage-platform/venv/lib/python3.10/site-packages/setuptools/_distutils/command/__pycache__/bdist_dumb.cpython-310.pyc
 D afruheritage-platform/venv/lib/python3.10/site-packages/setuptools/_distutils/command/__pycache__/bdist_msi.cpython-310.pyc
 D afruheritage-platform/venv/lib/python3.10/site-packages/setuptools/_distutils/command/__pycache__/bdist_rpm.cpython-310.pyc
 D afruheritage-platform/venv/lib/python3.10/site-packages/setuptools/_distutils/command/__pycache__/bdist_wininst.cpython-310.pyc
 D afruheritage-platform/venv/lib/python3.10/site-packages/setuptools/_distutils/command/__pycache__/build.cpython-310.pyc
 D afruheritage-platform/venv/lib/python3.10/site-packages/setuptools/_distutils/command/__pycache__/build_clib.cpython-310.pyc
 D afruheritage-platform/venv/lib/python3.10/site-packages/setuptools/_distutils/command/__pycache__/build_ext.cpython-310.pyc
 D afruheritage-platform/venv/lib/python3.10/site-packages/setuptools/_distutils/command/__pycache__/build_py.cpython-310.pyc
 D afruheritage-platform/venv/lib/python3.10/site-packages/setuptools/_distutils/command/__pycache__/build_scripts.cpython-310.pyc
 D afruheritage-platform/venv/lib/python3.10/site-packages/setuptools/_distutils/command/__pycache__/check.cpython-310.pyc
 D afruheritage-platform/venv/lib/python3.10/site-packages/setuptools/_distutils/command/__pycache__/clean.cpython-310.pyc
 D afruheritage-platform/venv/lib/python3.10/site-packages/setuptools/_distutils/command/__pycache__/config.cpython-310.pyc
 D afruheritage-platform/venv/lib/python3.10/site-packages/setuptools/_distutils/command/__pycache__/install.cpython-310.pyc
 D afruheritage-platform/venv/lib/python3.10/site-packages/setuptools/_distutils/command/__pycache__/install_data.cpython-310.pyc
 D afruheritage-platform/venv/lib/python3.10/site-packages/setuptools/_distutils/command/__pycache__/install_egg_info.cpython-310.pyc
 D afruheritage-platform/venv/lib/python3.10/site-packages/setuptools/_distutils/command/__pycache__/install_headers.cpython-310.pyc
 D afruheritage-platform/venv/lib/python3.10/site-packages/setuptools/_distutils/command/__pycache__/install_lib.cpython-310.pyc
 D afruheritage-platform/venv/lib/python3.10/site-packages/setuptools/_distutils/command/__pycache__/install_scripts.cpython-310.pyc
 D afruheritage-platform/venv/lib/python3.10/site-packages/setuptools/_distutils/command/__pycache__/py37compat.cpython-310.pyc
 D afruheritage-platform/venv/lib/python3.10/site-packages/setuptools/_distutils/command/__pycache__/register.cpython-310.pyc
 D afruheritage-platform/venv/lib/python3.10/site-packages/setuptools/_distutils/command/__pycache__/sdist.cpython-310.pyc
 D afruheritage-platform/venv/lib/python3.10/site-packages/setuptools/_distutils/command/__pycache__/upload.cpython-310.pyc
 D afruheritage-platform/venv/lib/python3.10/site-packages/setuptools/_vendor/__pycache__/__init__.cpython-310.pyc
 D afruheritage-platform/venv/lib/python3.10/site-packages/setuptools/_vendor/__pycache__/ordered_set.cpython-310.pyc
 D afruheritage-platform/venv/lib/python3.10/site-packages/setuptools/_vendor/__pycache__/pyparsing.cpython-310.pyc
 D afruheritage-platform/venv/lib/python3.10/site-packages/setuptools/_vendor/more_itertools/__pycache__/__init__.cpython-310.pyc
 D afruheritage-platform/venv/lib/python3.10/site-packages/setuptools/_vendor/more_itertools/__pycache__/more.cpython-310.pyc
 D afruheritage-platform/venv/lib/python3.10/site-packages/setuptools/_vendor/more_itertools/__pycache__/recipes.cpython-310.pyc
 D afruheritage-platform/venv/lib/python3.10/site-packages/setuptools/_vendor/packaging/__pycache__/__about__.cpython-310.pyc
 D afruheritage-platform/venv/lib/python3.10/site-packages/setuptools/_vendor/packaging/__pycache__/__init__.cpython-310.pyc
 D afruheritage-platform/venv/lib/python3.10/site-packages/setuptools/_vendor/packaging/__pycache__/_manylinux.cpython-310.pyc
 D afruheritage-platform/venv/lib/python3.10/site-packages/setuptools/_vendor/packaging/__pycache__/_musllinux.cpython-310.pyc
 D afruheritage-platform/venv/lib/python3.10/site-packages/setuptools/_vendor/packaging/__pycache__/_structures.cpython-310.pyc
 D afruheritage-platform/venv/lib/python3.10/site-packages/setuptools/_vendor/packaging/__pycache__/markers.cpython-310.pyc
 D afruheritage-platform/venv/lib/python3.10/site-packages/setuptools/_vendor/packaging/__pycache__/requirements.cpython-310.pyc
 D afruheritage-platform/venv/lib/python3.10/site-packages/setuptools/_vendor/packaging/__pycache__/specifiers.cpython-310.pyc
 D afruheritage-platform/venv/lib/python3.10/site-packages/setuptools/_vendor/packaging/__pycache__/tags.cpython-310.pyc
 D afruheritage-platform/venv/lib/python3.10/site-packages/setuptools/_vendor/packaging/__pycache__/utils.cpython-310.pyc
 D afruheritage-platform/venv/lib/python3.10/site-packages/setuptools/_vendor/packaging/__pycache__/version.cpython-310.pyc
 D afruheritage-platform/venv/lib/python3.10/site-packages/setuptools/command/__pycache__/__init__.cpython-310.pyc
 D afruheritage-platform/venv/lib/python3.10/site-packages/setuptools/command/__pycache__/alias.cpython-310.pyc
 D afruheritage-platform/venv/lib/python3.10/site-packages/setuptools/command/__pycache__/bdist_egg.cpython-310.pyc
 D afruheritage-platform/venv/lib/python3.10/site-packages/setuptools/command/__pycache__/bdist_rpm.cpython-310.pyc
 D afruheritage-platform/venv/lib/python3.10/site-packages/setuptools/command/__pycache__/build_clib.cpython-310.pyc
 D afruheritage-platform/venv/lib/python3.10/site-packages/setuptools/command/__pycache__/build_ext.cpython-310.pyc
 D afruheritage-platform/venv/lib/python3.10/site-packages/setuptools/command/__pycache__/build_py.cpython-310.pyc
 D afruheritage-platform/venv/lib/python3.10/site-packages/setuptools/command/__pycache__/develop.cpython-310.pyc
 D afruheritage-platform/venv/lib/python3.10/site-packages/setuptools/command/__pycache__/dist_info.cpython-310.pyc
 D afruheritage-platform/venv/lib/python3.10/site-packages/setuptools/command/__pycache__/easy_install.cpython-310.pyc
 D afruheritage-platform/venv/lib/python3.10/site-packages/setuptools/command/__pycache__/egg_info.cpython-310.pyc
 D afruheritage-platform/venv/lib/python3.10/site-packages/setuptools/command/__pycache__/install.cpython-310.pyc
 D afruheritage-platform/venv/lib/python3.10/site-packages/setuptools/command/__pycache__/install_egg_info.cpython-310.pyc
 D afruheritage-platform/venv/lib/python3.10/site-packages/setuptools/command/__pycache__/install_lib.cpython-310.pyc
 D afruheritage-platform/venv/lib/python3.10/site-packages/setuptools/command/__pycache__/install_scripts.cpython-310.pyc
 D afruheritage-platform/venv/lib/python3.10/site-packages/setuptools/command/__pycache__/py36compat.cpython-310.pyc
 D afruheritage-platform/venv/lib/python3.10/site-packages/setuptools/command/__pycache__/register.cpython-310.pyc
 D afruheritage-platform/venv/lib/python3.10/site-packages/setuptools/command/__pycache__/rotate.cpython-310.pyc
 D afruheritage-platform/venv/lib/python3.10/site-packages/setuptools/command/__pycache__/saveopts.cpython-310.pyc
 D afruheritage-platform/venv/lib/python3.10/site-packages/setuptools/command/__pycache__/sdist.cpython-310.pyc
 D afruheritage-platform/venv/lib/python3.10/site-packages/setuptools/command/__pycache__/setopt.cpython-310.pyc
 D afruheritage-platform/venv/lib/python3.10/site-packages/setuptools/command/__pycache__/test.cpython-310.pyc
 D afruheritage-platform/venv/lib/python3.10/site-packages/setuptools/command/__pycache__/upload.cpython-310.pyc
 D afruheritage-platform/venv/lib/python3.10/site-packages/setuptools/command/__pycache__/upload_docs.cpython-310.pyc
 D afruheritage-platform/venv/lib/python3.10/site-packages/setuptools/extern/__pycache__/__init__.cpython-310.pyc
 D afruheritage-platform/venv/lib/python3.10/site-packages/slowapi/__pycache__/__init__.cpython-310.pyc
 D afruheritage-platform/venv/lib/python3.10/site-packages/slowapi/__pycache__/errors.cpython-310.pyc
 D afruheritage-platform/venv/lib/python3.10/site-packages/slowapi/__pycache__/extension.cpython-310.pyc
 D afruheritage-platform/venv/lib/python3.10/site-packages/slowapi/__pycache__/middleware.cpython-310.pyc
 D afruheritage-platform/venv/lib/python3.10/site-packages/slowapi/__pycache__/util.cpython-310.pyc
 D afruheritage-platform/venv/lib/python3.10/site-packages/slowapi/__pycache__/wrappers.cpython-310.pyc
 D afruheritage-platform/venv/lib/python3.10/site-packages/slugify/__pycache__/__init__.cpython-310.pyc
 D afruheritage-platform/venv/lib/python3.10/site-packages/slugify/__pycache__/__main__.cpython-310.pyc
 D afruheritage-platform/venv/lib/python3.10/site-packages/slugify/__pycache__/__version__.cpython-310.pyc
 D afruheritage-platform/venv/lib/python3.10/site-packages/slugify/__pycache__/slugify.cpython-310.pyc
 D afruheritage-platform/venv/lib/python3.10/site-packages/slugify/__pycache__/special.cpython-310.pyc
 D afruheritage-platform/venv/lib/python3.10/site-packages/sqlalchemy/__pycache__/__init__.cpython-310.pyc
 D afruheritage-platform/venv/lib/python3.10/site-packages/sqlalchemy/__pycache__/events.cpython-310.pyc
 D afruheritage-platform/venv/lib/python3.10/site-packages/sqlalchemy/__pycache__/exc.cpython-310.pyc
 D afruheritage-platform/venv/lib/python3.10/site-packages/sqlalchemy/__pycache__/inspection.cpython-310.pyc
 D afruheritage-platform/venv/lib/python3.10/site-packages/sqlalchemy/__pycache__/log.cpython-310.pyc
 D afruheritage-platform/venv/lib/python3.10/site-packages/sqlalchemy/__pycache__/schema.cpython-310.pyc
 D afruheritage-platform/venv/lib/python3.10/site-packages/sqlalchemy/__pycache__/types.cpython-310.pyc
 D afruheritage-platform/venv/lib/python3.10/site-packages/sqlalchemy/connectors/__pycache__/__init__.cpython-310.pyc
 D afruheritage-platform/venv/lib/python3.10/site-packages/sqlalchemy/connectors/__pycache__/aioodbc.cpython-310.pyc
 D afruheritage-platform/venv/lib/python3.10/site-packages/sqlalchemy/connectors/__pycache__/asyncio.cpython-310.pyc
 D afruheritage-platform/venv/lib/python3.10/site-packages/sqlalchemy/connectors/__pycache__/pyodbc.cpython-310.pyc
 D afruheritage-platform/venv/lib/python3.10/site-packages/sqlalchemy/cyextension/__pycache__/__init__.cpython-310.pyc
 D afruheritage-platform/venv/lib/python3.10/site-packages/sqlalchemy/dialects/__pycache__/__init__.cpython-310.pyc
 D afruheritage-platform/venv/lib/python3.10/site-packages/sqlalchemy/dialects/__pycache__/_typing.cpython-310.pyc
 D afruheritage-platform/venv/lib/python3.10/site-packages/sqlalchemy/dialects/mssql/__pycache__/__init__.cpython-310.pyc
 D afruheritage-platform/venv/lib/python3.10/site-packages/sqlalchemy/dialects/mssql/__pycache__/aioodbc.cpython-310.pyc
 D afruheritage-platform/venv/lib/python3.10/site-packages/sqlalchemy/dialects/mssql/__pycache__/base.cpython-310.pyc
 D afruheritage-platform/venv/lib/python3.10/site-packages/sqlalchemy/dialects/mssql/__pycache__/information_schema.cpython-310.pyc
 D afruheritage-platform/venv/lib/python3.10/site-packages/sqlalchemy/dialects/mssql/__pycache__/json.cpython-310.pyc
 D afruheritage-platform/venv/lib/python3.10/site-packages/sqlalchemy/dialects/mssql/__pycache__/provision.cpython-310.pyc
 D afruheritage-platform/venv/lib/python3.10/site-packages/sqlalchemy/dialects/mssql/__pycache__/pymssql.cpython-310.pyc
 D afruheritage-platform/venv/lib/python3.10/site-packages/sqlalchemy/dialects/mssql/__pycache__/pyodbc.cpython-310.pyc
 D afruheritage-platform/venv/lib/python3.10/site-packages/sqlalchemy/dialects/mysql/__pycache__/__init__.cpython-310.pyc
 D afruheritage-platform/venv/lib/python3.10/site-packages/sqlalchemy/dialects/mysql/__pycache__/aiomysql.cpython-310.pyc
 D afruheritage-platform/venv/lib/python3.10/site-packages/sqlalchemy/dialects/mysql/__pycache__/asyncmy.cpython-310.pyc
 D afruheritage-platform/venv/lib/python3.10/site-packages/sqlalchemy/dialects/mysql/__pycache__/base.cpython-310.pyc
 D afruheritage-platform/venv/lib/python3.10/site-packages/sqlalchemy/dialects/mysql/__pycache__/cymysql.cpython-310.pyc
 D afruheritage-platform/venv/lib/python3.10/site-packages/sqlalchemy/dialects/mysql/__pycache__/dml.cpython-310.pyc
 D afruheritage-platform/venv/lib/python3.10/site-packages/sqlalchemy/dialects/mysql/__pycache__/enumerated.cpython-310.pyc
 D afruheritage-platform/venv/lib/python3.10/site-packages/sqlalchemy/dialects/mysql/__pycache__/expression.cpython-310.pyc
 D afruheritage-platform/venv/lib/python3.10/site-packages/sqlalchemy/dialects/mysql/__pycache__/json.cpython-310.pyc
 D afruheritage-platform/venv/lib/python3.10/site-packages/sqlalchemy/dialects/mysql/__pycache__/mariadb.cpython-310.pyc
 D afruheritage-platform/venv/lib/python3.10/site-packages/sqlalchemy/dialects/mysql/__pycache__/mariadbconnector.cpython-310.pyc
 D afruheritage-platform/venv/lib/python3.10/site-packages/sqlalchemy/dialects/mysql/__pycache__/mysqlconnector.cpython-310.pyc
 D afruheritage-platform/venv/lib/python3.10/site-packages/sqlalchemy/dialects/mysql/__pycache__/mysqldb.cpython-310.pyc
 D afruheritage-platform/venv/lib/python3.10/site-packages/sqlalchemy/dialects/mysql/__pycache__/provision.cpython-310.pyc
 D afruheritage-platform/venv/lib/python3.10/site-packages/sqlalchemy/dialects/mysql/__pycache__/pymysql.cpython-310.pyc
 D afruheritage-platform/venv/lib/python3.10/site-packages/sqlalchemy/dialects/mysql/__pycache__/pyodbc.cpython-310.pyc
 D afruheritage-platform/venv/lib/python3.10/site-packages/sqlalchemy/dialects/mysql/__pycache__/reflection.cpython-310.pyc
 D afruheritage-platform/venv/lib/python3.10/site-packages/sqlalchemy/dialects/mysql/__pycache__/reserved_words.cpython-310.pyc
 D afruheritage-platform/venv/lib/python3.10/site-packages/sqlalchemy/dialects/mysql/__pycache__/types.cpython-310.pyc
 D afruheritage-platform/venv/lib/python3.10/site-packages/sqlalchemy/dialects/oracle/__pycache__/__init__.cpython-310.pyc
 D afruheritage-platform/venv/lib/python3.10/site-packages/sqlalchemy/dialects/oracle/__pycache__/base.cpython-310.pyc
 D afruheritage-platform/venv/lib/python3.10/site-packages/sqlalchemy/dialects/oracle/__pycache__/cx_oracle.cpython-310.pyc
 D afruheritage-platform/venv/lib/python3.10/site-packages/sqlalchemy/dialects/oracle/__pycache__/dictionary.cpython-310.pyc
 D afruheritage-platform/venv/lib/python3.10/site-packages/sqlalchemy/dialects/oracle/__pycache__/oracledb.cpython-310.pyc
 D afruheritage-platform/venv/lib/python3.10/site-packages/sqlalchemy/dialects/oracle/__pycache__/provision.cpython-310.pyc
 D afruheritage-platform/venv/lib/python3.10/site-packages/sqlalchemy/dialects/oracle/__pycache__/types.cpython-310.pyc
 D afruheritage-platform/venv/lib/python3.10/site-packages/sqlalchemy/dialects/postgresql/__pycache__/__init__.cpython-310.pyc
 D afruheritage-platform/venv/lib/python3.10/site-packages/sqlalchemy/dialects/postgresql/__pycache__/_psycopg_common.cpython-310.pyc
 D afruheritage-platform/venv/lib/python3.10/site-packages/sqlalchemy/dialects/postgresql/__pycache__/array.cpython-310.pyc
 D afruheritage-platform/venv/lib/python3.10/site-packages/sqlalchemy/dialects/postgresql/__pycache__/asyncpg.cpython-310.pyc
 D afruheritage-platform/venv/lib/python3.10/site-packages/sqlalchemy/dialects/postgresql/__pycache__/base.cpython-310.pyc
 D afruheritage-platform/venv/lib/python3.10/site-packages/sqlalchemy/dialects/postgresql/__pycache__/dml.cpython-310.pyc
 D afruheritage-platform/venv/lib/python3.10/site-packages/sqlalchemy/dialects/postgresql/__pycache__/ext.cpython-310.pyc
 D afruheritage-platform/venv/lib/python3.10/site-packages/sqlalchemy/dialects/postgresql/__pycache__/hstore.cpython-310.pyc
 D afruheritage-platform/venv/lib/python3.10/site-packages/sqlalchemy/dialects/postgresql/__pycache__/json.cpython-310.pyc
 D afruheritage-platform/venv/lib/python3.10/site-packages/sqlalchemy/dialects/postgresql/__pycache__/named_types.cpython-310.pyc
 D afruheritage-platform/venv/lib/python3.10/site-packages/sqlalchemy/dialects/postgresql/__pycache__/operators.cpython-310.pyc
 D afruheritage-platform/venv/lib/python3.10/site-packages/sqlalchemy/dialects/postgresql/__pycache__/pg8000.cpython-310.pyc
 D afruheritage-platform/venv/lib/python3.10/site-packages/sqlalchemy/dialects/postgresql/__pycache__/pg_catalog.cpython-310.pyc
 D afruheritage-platform/venv/lib/python3.10/site-packages/sqlalchemy/dialects/postgresql/__pycache__/provision.cpython-310.pyc
 D afruheritage-platform/venv/lib/python3.10/site-packages/sqlalchemy/dialects/postgresql/__pycache__/psycopg.cpython-310.pyc
 D afruheritage-platform/venv/lib/python3.10/site-packages/sqlalchemy/dialects/postgresql/__pycache__/psycopg2.cpython-310.pyc
 D afruheritage-platform/venv/lib/python3.10/site-packages/sqlalchemy/dialects/postgresql/__pycache__/psycopg2cffi.cpython-310.pyc
 D afruheritage-platform/venv/lib/python3.10/site-packages/sqlalchemy/dialects/postgresql/__pycache__/ranges.cpython-310.pyc
 D afruheritage-platform/venv/lib/python3.10/site-packages/sqlalchemy/dialects/postgresql/__pycache__/types.cpython-310.pyc
 D afruheritage-platform/venv/lib/python3.10/site-packages/sqlalchemy/dialects/sqlite/__pycache__/__init__.cpython-310.pyc
 D afruheritage-platform/venv/lib/python3.10/site-packages/sqlalchemy/dialects/sqlite/__pycache__/aiosqlite.cpython-310.pyc
 D afruheritage-platform/venv/lib/python3.10/site-packages/sqlalchemy/dialects/sqlite/__pycache__/base.cpython-310.pyc
 D afruheritage-platform/venv/lib/python3.10/site-packages/sqlalchemy/dialects/sqlite/__pycache__/dml.cpython-310.pyc
 D afruheritage-platform/venv/lib/python3.10/site-packages/sqlalchemy/dialects/sqlite/__pycache__/json.cpython-310.pyc
 D afruheritage-platform/venv/lib/python3.10/site-packages/sqlalchemy/dialects/sqlite/__pycache__/provision.cpython-310.pyc
 D afruheritage-platform/venv/lib/python3.10/site-packages/sqlalchemy/dialects/sqlite/__pycache__/pysqlcipher.cpython-310.pyc
 D afruheritage-platform/venv/lib/python3.10/site-packages/sqlalchemy/dialects/sqlite/__pycache__/pysqlite.cpython-310.pyc
 D afruheritage-platform/venv/lib/python3.10/site-packages/sqlalchemy/engine/__pycache__/__init__.cpython-310.pyc
 D afruheritage-platform/venv/lib/python3.10/site-packages/sqlalchemy/engine/__pycache__/_py_processors.cpython-310.pyc
 D afruheritage-platform/venv/lib/python3.10/site-packages/sqlalchemy/engine/__pycache__/_py_row.cpython-310.pyc
 D afruheritage-platform/venv/lib/python3.10/site-packages/sqlalchemy/engine/__pycache__/_py_util.cpython-310.pyc
 D afruheritage-platform/venv/lib/python3.10/site-packages/sqlalchemy/engine/__pycache__/base.cpython-310.pyc
 D afruheritage-platform/venv/lib/python3.10/site-packages/sqlalchemy/engine/__pycache__/characteristics.cpython-310.pyc
 D afruheritage-platform/venv/lib/python3.10/site-packages/sqlalchemy/engine/__pycache__/create.cpython-310.pyc
 D afruheritage-platform/venv/lib/python3.10/site-packages/sqlalchemy/engine/__pycache__/cursor.cpython-310.pyc
 D afruheritage-platform/venv/lib/python3.10/site-packages/sqlalchemy/engine/__pycache__/default.cpython-310.pyc
 D afruheritage-platform/venv/lib/python3.10/site-packages/sqlalchemy/engine/__pycache__/events.cpython-310.pyc
 D afruheritage-platform/venv/lib/python3.10/site-packages/sqlalchemy/engine/__pycache__/interfaces.cpython-310.pyc
 D afruheritage-platform/venv/lib/python3.10/site-packages/sqlalchemy/engine/__pycache__/mock.cpython-310.pyc
 D afruheritage-platform/venv/lib/python3.10/site-packages/sqlalchemy/engine/__pycache__/processors.cpython-310.pyc
 D afruheritage-platform/venv/lib/python3.10/site-packages/sqlalchemy/engine/__pycache__/reflection.cpython-310.pyc
 D afruheritage-platform/venv/lib/python3.10/site-packages/sqlalchemy/engine/__pycache__/result.cpython-310.pyc
 D afruheritage-platform/venv/lib/python3.10/site-packages/sqlalchemy/engine/__pycache__/row.cpython-310.pyc
 D afruheritage-platform/venv/lib/python3.10/site-packages/sqlalchemy/engine/__pycache__/strategies.cpython-310.pyc
 D afruheritage-platform/venv/lib/python3.10/site-packages/sqlalchemy/engine/__pycache__/url.cpython-310.pyc
 D afruheritage-platform/venv/lib/python3.10/site-packages/sqlalchemy/engine/__pycache__/util.cpython-310.pyc
 D afruheritage-platform/venv/lib/python3.10/site-packages/sqlalchemy/event/__pycache__/__init__.cpython-310.pyc
 D afruheritage-platform/venv/lib/python3.10/site-packages/sqlalchemy/event/__pycache__/api.cpython-310.pyc
 D afruheritage-platform/venv/lib/python3.10/site-packages/sqlalchemy/event/__pycache__/attr.cpython-310.pyc
 D afruheritage-platform/venv/lib/python3.10/site-packages/sqlalchemy/event/__pycache__/base.cpython-310.pyc
 D afruheritage-platform/venv/lib/python3.10/site-packages/sqlalchemy/event/__pycache__/legacy.cpython-310.pyc
 D afruheritage-platform/venv/lib/python3.10/site-packages/sqlalchemy/event/__pycache__/registry.cpython-310.pyc
 D afruheritage-platform/venv/lib/python3.10/site-packages/sqlalchemy/ext/__pycache__/__init__.cpython-310.pyc
 D afruheritage-platform/venv/lib/python3.10/site-packages/sqlalchemy/ext/__pycache__/associationproxy.cpython-310.pyc
 D afruheritage-platform/venv/lib/python3.10/site-packages/sqlalchemy/ext/__pycache__/automap.cpython-310.pyc
 D afruheritage-platform/venv/lib/python3.10/site-packages/sqlalchemy/ext/__pycache__/baked.cpython-310.pyc
 D afruheritage-platform/venv/lib/python3.10/site-packages/sqlalchemy/ext/__pycache__/compiler.cpython-310.pyc
 D afruheritage-platform/venv/lib/python3.10/site-packages/sqlalchemy/ext/__pycache__/horizontal_shard.cpython-310.pyc
 D afruheritage-platform/venv/lib/python3.10/site-packages/sqlalchemy/ext/__pycache__/hybrid.cpython-310.pyc
 D afruheritage-platform/venv/lib/python3.10/site-packages/sqlalchemy/ext/__pycache__/indexable.cpython-310.pyc
 D afruheritage-platform/venv/lib/python3.10/site-packages/sqlalchemy/ext/__pycache__/instrumentation.cpython-310.pyc
 D afruheritage-platform/venv/lib/python3.10/site-packages/sqlalchemy/ext/__pycache__/mutable.cpython-310.pyc
 D afruheritage-platform/venv/lib/python3.10/site-packages/sqlalchemy/ext/__pycache__/orderinglist.cpython-310.pyc
 D afruheritage-platform/venv/lib/python3.10/site-packages/sqlalchemy/ext/__pycache__/serializer.cpython-310.pyc
 D afruheritage-platform/venv/lib/python3.10/site-packages/sqlalchemy/ext/asyncio/__pycache__/__init__.cpython-310.pyc
 D afruheritage-platform/venv/lib/python3.10/site-packages/sqlalchemy/ext/asyncio/__pycache__/base.cpython-310.pyc
 D afruheritage-platform/venv/lib/python3.10/site-packages/sqlalchemy/ext/asyncio/__pycache__/engine.cpython-310.pyc
 D afruheritage-platform/venv/lib/python3.10/site-packages/sqlalchemy/ext/asyncio/__pycache__/exc.cpython-310.pyc
 D afruheritage-platform/venv/lib/python3.10/site-packages/sqlalchemy/ext/asyncio/__pycache__/result.cpython-310.pyc
 D afruheritage-platform/venv/lib/python3.10/site-packages/sqlalchemy/ext/asyncio/__pycache__/scoping.cpython-310.pyc
 D afruheritage-platform/venv/lib/python3.10/site-packages/sqlalchemy/ext/asyncio/__pycache__/session.cpython-310.pyc
 D afruheritage-platform/venv/lib/python3.10/site-packages/sqlalchemy/ext/declarative/__pycache__/__init__.cpython-310.pyc
 D afruheritage-platform/venv/lib/python3.10/site-packages/sqlalchemy/ext/declarative/__pycache__/extensions.cpython-310.pyc
 D afruheritage-platform/venv/lib/python3.10/site-packages/sqlalchemy/ext/mypy/__pycache__/__init__.cpython-310.pyc
 D afruheritage-platform/venv/lib/python3.10/site-packages/sqlalchemy/ext/mypy/__pycache__/apply.cpython-310.pyc
 D afruheritage-platform/venv/lib/python3.10/site-packages/sqlalchemy/ext/mypy/__pycache__/decl_class.cpython-310.pyc
 D afruheritage-platform/venv/lib/python3.10/site-packages/sqlalchemy/ext/mypy/__pycache__/infer.cpython-310.pyc
 D afruheritage-platform/venv/lib/python3.10/site-packages/sqlalchemy/ext/mypy/__pycache__/names.cpython-310.pyc
 D afruheritage-platform/venv/lib/python3.10/site-packages/sqlalchemy/ext/mypy/__pycache__/plugin.cpython-310.pyc
 D afruheritage-platform/venv/lib/python3.10/site-packages/sqlalchemy/ext/mypy/__pycache__/util.cpython-310.pyc
 D afruheritage-platform/venv/lib/python3.10/site-packages/sqlalchemy/future/__pycache__/__init__.cpython-310.pyc
 D afruheritage-platform/venv/lib/python3.10/site-packages/sqlalchemy/future/__pycache__/engine.cpython-310.pyc
 D afruheritage-platform/venv/lib/python3.10/site-packages/sqlalchemy/orm/__pycache__/__init__.cpython-310.pyc
 D afruheritage-platform/venv/lib/python3.10/site-packages/sqlalchemy/orm/__pycache__/_orm_constructors.cpython-310.pyc
 D afruheritage-platform/venv/lib/python3.10/site-packages/sqlalchemy/orm/__pycache__/_typing.cpython-310.pyc
 D afruheritage-platform/venv/lib/python3.10/site-packages/sqlalchemy/orm/__pycache__/attributes.cpython-310.pyc
 D afruheritage-platform/venv/lib/python3.10/site-packages/sqlalchemy/orm/__pycache__/base.cpython-310.pyc
 D afruheritage-platform/venv/lib/python3.10/site-packages/sqlalchemy/orm/__pycache__/bulk_persistence.cpython-310.pyc
 D afruheritage-platform/venv/lib/python3.10/site-packages/sqlalchemy/orm/__pycache__/clsregistry.cpython-310.pyc
 D afruheritage-platform/venv/lib/python3.10/site-packages/sqlalchemy/orm/__pycache__/collections.cpython-310.pyc
 D afruheritage-platform/venv/lib/python3.10/site-packages/sqlalchemy/orm/__pycache__/context.cpython-310.pyc
 D afruheritage-platform/venv/lib/python3.10/site-packages/sqlalchemy/orm/__pycache__/decl_api.cpython-310.pyc
 D afruheritage-platform/venv/lib/python3.10/site-packages/sqlalchemy/orm/__pycache__/decl_base.cpython-310.pyc
 D afruheritage-platform/venv/lib/python3.10/site-packages/sqlalchemy/orm/__pycache__/dependency.cpython-310.pyc
 D afruheritage-platform/venv/lib/python3.10/site-packages/sqlalchemy/orm/__pycache__/descriptor_props.cpython-310.pyc
 D afruheritage-platform/venv/lib/python3.10/site-packages/sqlalchemy/orm/__pycache__/dynamic.cpython-310.pyc
 D afruheritage-platform/venv/lib/python3.10/site-packages/sqlalchemy/orm/__pycache__/evaluator.cpython-310.pyc
 D afruheritage-platform/venv/lib/python3.10/site-packages/sqlalchemy/orm/__pycache__/events.cpython-310.pyc
 D afruheritage-platform/venv/lib/python3.10/site-packages/sqlalchemy/orm/__pycache__/exc.cpython-310.pyc
 D afruheritage-platform/venv/lib/python3.10/site-packages/sqlalchemy/orm/__pycache__/identity.cpython-310.pyc
 D afruheritage-platform/venv/lib/python3.10/site-packages/sqlalchemy/orm/__pycache__/instrumentation.cpython-310.pyc
 D afruheritage-platform/venv/lib/python3.10/site-packages/sqlalchemy/orm/__pycache__/interfaces.cpython-310.pyc
 D afruheritage-platform/venv/lib/python3.10/site-packages/sqlalchemy/orm/__pycache__/loading.cpython-310.pyc
 D afruheritage-platform/venv/lib/python3.10/site-packages/sqlalchemy/orm/__pycache__/mapped_collection.cpython-310.pyc
 D afruheritage-platform/venv/lib/python3.10/site-packages/sqlalchemy/orm/__pycache__/mapper.cpython-310.pyc
 D afruheritage-platform/venv/lib/python3.10/site-packages/sqlalchemy/orm/__pycache__/path_registry.cpython-310.pyc
 D afruheritage-platform/venv/lib/python3.10/site-packages/sqlalchemy/orm/__pycache__/persistence.cpython-310.pyc
 D afruheritage-platform/venv/lib/python3.10/site-packages/sqlalchemy/orm/__pycache__/properties.cpython-310.pyc
 D afruheritage-platform/venv/lib/python3.10/site-packages/sqlalchemy/orm/__pycache__/query.cpython-310.pyc
 D afruheritage-platform/venv/lib/python3.10/site-packages/sqlalchemy/orm/__pycache__/relationships.cpython-310.pyc
 D afruheritage-platform/venv/lib/python3.10/site-packages/sqlalchemy/orm/__pycache__/scoping.cpython-310.pyc
 D afruheritage-platform/venv/lib/python3.10/site-packages/sqlalchemy/orm/__pycache__/session.cpython-310.pyc
 D afruheritage-platform/venv/lib/python3.10/site-packages/sqlalchemy/orm/__pycache__/state.cpython-310.pyc
 D afruheritage-platform/venv/lib/python3.10/site-packages/sqlalchemy/orm/__pycache__/state_changes.cpython-310.pyc
 D afruheritage-platform/venv/lib/python3.10/site-packages/sqlalchemy/orm/__pycache__/strategies.cpython-310.pyc
 D afruheritage-platform/venv/lib/python3.10/site-packages/sqlalchemy/orm/__pycache__/strategy_options.cpython-310.pyc
 D afruheritage-platform/venv/lib/python3.10/site-packages/sqlalchemy/orm/__pycache__/sync.cpython-310.pyc
 D afruheritage-platform/venv/lib/python3.10/site-packages/sqlalchemy/orm/__pycache__/unitofwork.cpython-310.pyc
 D afruheritage-platform/venv/lib/python3.10/site-packages/sqlalchemy/orm/__pycache__/util.cpython-310.pyc
 D afruheritage-platform/venv/lib/python3.10/site-packages/sqlalchemy/orm/__pycache__/writeonly.cpython-310.pyc
 D afruheritage-platform/venv/lib/python3.10/site-packages/sqlalchemy/pool/__pycache__/__init__.cpython-310.pyc
 D afruheritage-platform/venv/lib/python3.10/site-packages/sqlalchemy/pool/__pycache__/base.cpython-310.pyc
 D afruheritage-platform/venv/lib/python3.10/site-packages/sqlalchemy/pool/__pycache__/events.cpython-310.pyc
 D afruheritage-platform/venv/lib/python3.10/site-packages/sqlalchemy/pool/__pycache__/impl.cpython-310.pyc
 D afruheritage-platform/venv/lib/python3.10/site-packages/sqlalchemy/sql/__pycache__/__init__.cpython-310.pyc
 D afruheritage-platform/venv/lib/python3.10/site-packages/sqlalchemy/sql/__pycache__/_dml_constructors.cpython-310.pyc
 D afruheritage-platform/venv/lib/python3.10/site-packages/sqlalchemy/sql/__pycache__/_elements_constructors.cpython-310.pyc
 D afruheritage-platform/venv/lib/python3.10/site-packages/sqlalchemy/sql/__pycache__/_orm_types.cpython-310.pyc
 D afruheritage-platform/venv/lib/python3.10/site-packages/sqlalchemy/sql/__pycache__/_py_util.cpython-310.pyc
 D afruheritage-platform/venv/lib/python3.10/site-packages/sqlalchemy/sql/__pycache__/_selectable_constructors.cpython-310.pyc
 D afruheritage-platform/venv/lib/python3.10/site-packages/sqlalchemy/sql/__pycache__/_typing.cpython-310.pyc
 D afruheritage-platform/venv/lib/python3.10/site-packages/sqlalchemy/sql/__pycache__/annotation.cpython-310.pyc
 D afruheritage-platform/venv/lib/python3.10/site-packages/sqlalchemy/sql/__pycache__/base.cpython-310.pyc
 D afruheritage-platform/venv/lib/python3.10/site-packages/sqlalchemy/sql/__pycache__/cache_key.cpython-310.pyc
 D afruheritage-platform/venv/lib/python3.10/site-packages/sqlalchemy/sql/__pycache__/coercions.cpython-310.pyc
 D afruheritage-platform/venv/lib/python3.10/site-packages/sqlalchemy/sql/__pycache__/compiler.cpython-310.pyc
 D afruheritage-platform/venv/lib/python3.10/site-packages/sqlalchemy/sql/__pycache__/crud.cpython-310.pyc
 D afruheritage-platform/venv/lib/python3.10/site-packages/sqlalchemy/sql/__pycache__/ddl.cpython-310.pyc
 D afruheritage-platform/venv/lib/python3.10/site-packages/sqlalchemy/sql/__pycache__/default_comparator.cpython-310.pyc
 D afruheritage-platform/venv/lib/python3.10/site-packages/sqlalchemy/sql/__pycache__/dml.cpython-310.pyc
 D afruheritage-platform/venv/lib/python3.10/site-packages/sqlalchemy/sql/__pycache__/elements.cpython-310.pyc
 D afruheritage-platform/venv/lib/python3.10/site-packages/sqlalchemy/sql/__pycache__/events.cpython-310.pyc
 D afruheritage-platform/venv/lib/python3.10/site-packages/sqlalchemy/sql/__pycache__/expression.cpython-310.pyc
 D afruheritage-platform/venv/lib/python3.10/site-packages/sqlalchemy/sql/__pycache__/functions.cpython-310.pyc
 D afruheritage-platform/venv/lib/python3.10/site-packages/sqlalchemy/sql/__pycache__/lambdas.cpython-310.pyc
 D afruheritage-platform/venv/lib/python3.10/site-packages/sqlalchemy/sql/__pycache__/naming.cpython-310.pyc
 D afruheritage-platform/venv/lib/python3.10/site-packages/sqlalchemy/sql/__pycache__/operators.cpython-310.pyc
 D afruheritage-platform/venv/lib/python3.10/site-packages/sqlalchemy/sql/__pycache__/roles.cpython-310.pyc
 D afruheritage-platform/venv/lib/python3.10/site-packages/sqlalchemy/sql/__pycache__/schema.cpython-310.pyc
 D afruheritage-platform/venv/lib/python3.10/site-packages/sqlalchemy/sql/__pycache__/selectable.cpython-310.pyc
 D afruheritage-platform/venv/lib/python3.10/site-packages/sqlalchemy/sql/__pycache__/sqltypes.cpython-310.pyc
 D afruheritage-platform/venv/lib/python3.10/site-packages/sqlalchemy/sql/__pycache__/traversals.cpython-310.pyc
 D afruheritage-platform/venv/lib/python3.10/site-packages/sqlalchemy/sql/__pycache__/type_api.cpython-310.pyc
 D afruheritage-platform/venv/lib/python3.10/site-packages/sqlalchemy/sql/__pycache__/util.cpython-310.pyc
 D afruheritage-platform/venv/lib/python3.10/site-packages/sqlalchemy/sql/__pycache__/visitors.cpython-310.pyc
 D afruheritage-platform/venv/lib/python3.10/site-packages/sqlalchemy/testing/__pycache__/__init__.cpython-310.pyc
 D afruheritage-platform/venv/lib/python3.10/site-packages/sqlalchemy/testing/__pycache__/assertions.cpython-310.pyc
 D afruheritage-platform/venv/lib/python3.10/site-packages/sqlalchemy/testing/__pycache__/assertsql.cpython-310.pyc
 D afruheritage-platform/venv/lib/python3.10/site-packages/sqlalchemy/testing/__pycache__/asyncio.cpython-310.pyc
 D afruheritage-platform/venv/lib/python3.10/site-packages/sqlalchemy/testing/__pycache__/config.cpython-310.pyc
 D afruheritage-platform/venv/lib/python3.10/site-packages/sqlalchemy/testing/__pycache__/engines.cpython-310.pyc
 D afruheritage-platform/venv/lib/python3.10/site-packages/sqlalchemy/testing/__pycache__/entities.cpython-310.pyc
 D afruheritage-platform/venv/lib/python3.10/site-packages/sqlalchemy/testing/__pycache__/exclusions.cpython-310.pyc
 D afruheritage-platform/venv/lib/python3.10/site-packages/sqlalchemy/testing/__pycache__/pickleable.cpython-310.pyc
 D afruheritage-platform/venv/lib/python3.10/site-packages/sqlalchemy/testing/__pycache__/profiling.cpython-310.pyc
 D afruheritage-platform/venv/lib/python3.10/site-packages/sqlalchemy/testing/__pycache__/provision.cpython-310.pyc
 D afruheritage-platform/venv/lib/python3.10/site-packages/sqlalchemy/testing/__pycache__/requirements.cpython-310.pyc
 D afruheritage-platform/venv/lib/python3.10/site-packages/sqlalchemy/testing/__pycache__/schema.cpython-310.pyc
 D afruheritage-platform/venv/lib/python3.10/site-packages/sqlalchemy/testing/__pycache__/util.cpython-310.pyc
 D afruheritage-platform/venv/lib/python3.10/site-packages/sqlalchemy/testing/__pycache__/warnings.cpython-310.pyc
 D afruheritage-platform/venv/lib/python3.10/site-packages/sqlalchemy/testing/fixtures/__pycache__/__init__.cpython-310.pyc
 D afruheritage-platform/venv/lib/python3.10/site-packages/sqlalchemy/testing/fixtures/__pycache__/base.cpython-310.pyc
 D afruheritage-platform/venv/lib/python3.10/site-packages/sqlalchemy/testing/fixtures/__pycache__/mypy.cpython-310.pyc
 D afruheritage-platform/venv/lib/python3.10/site-packages/sqlalchemy/testing/fixtures/__pycache__/orm.cpython-310.pyc
 D afruheritage-platform/venv/lib/python3.10/site-packages/sqlalchemy/testing/fixtures/__pycache__/sql.cpython-310.pyc
 D afruheritage-platform/venv/lib/python3.10/site-packages/sqlalchemy/testing/plugin/__pycache__/__init__.cpython-310.pyc
 D afruheritage-platform/venv/lib/python3.10/site-packages/sqlalchemy/testing/plugin/__pycache__/bootstrap.cpython-310.pyc
 D afruheritage-platform/venv/lib/python3.10/site-packages/sqlalchemy/testing/plugin/__pycache__/plugin_base.cpython-310.pyc
 D afruheritage-platform/venv/lib/python3.10/site-packages/sqlalchemy/testing/plugin/__pycache__/pytestplugin.cpython-310.pyc
 D afruheritage-platform/venv/lib/python3.10/site-packages/sqlalchemy/testing/suite/__pycache__/__init__.cpython-310.pyc
 D afruheritage-platform/venv/lib/python3.10/site-packages/sqlalchemy/testing/suite/__pycache__/test_cte.cpython-310.pyc
 D afruheritage-platform/venv/lib/python3.10/site-packages/sqlalchemy/testing/suite/__pycache__/test_ddl.cpython-310.pyc
 D afruheritage-platform/venv/lib/python3.10/site-packages/sqlalchemy/testing/suite/__pycache__/test_deprecations.cpython-310.pyc
 D afruheritage-platform/venv/lib/python3.10/site-packages/sqlalchemy/testing/suite/__pycache__/test_dialect.cpython-310.pyc
 D afruheritage-platform/venv/lib/python3.10/site-packages/sqlalchemy/testing/suite/__pycache__/test_insert.cpython-310.pyc
 D afruheritage-platform/venv/lib/python3.10/site-packages/sqlalchemy/testing/suite/__pycache__/test_reflection.cpython-310.pyc
 D afruheritage-platform/venv/lib/python3.10/site-packages/sqlalchemy/testing/suite/__pycache__/test_results.cpython-310.pyc
 D afruheritage-platform/venv/lib/python3.10/site-packages/sqlalchemy/testing/suite/__pycache__/test_rowcount.cpython-310.pyc
 D afruheritage-platform/venv/lib/python3.10/site-packages/sqlalchemy/testing/suite/__pycache__/test_select.cpython-310.pyc
 D afruheritage-platform/venv/lib/python3.10/site-packages/sqlalchemy/testing/suite/__pycache__/test_sequence.cpython-310.pyc
 D afruheritage-platform/venv/lib/python3.10/site-packages/sqlalchemy/testing/suite/__pycache__/test_types.cpython-310.pyc
 D afruheritage-platform/venv/lib/python3.10/site-packages/sqlalchemy/testing/suite/__pycache__/test_unicode_ddl.cpython-310.pyc
 D afruheritage-platform/venv/lib/python3.10/site-packages/sqlalchemy/testing/suite/__pycache__/test_update_delete.cpython-310.pyc
 D afruheritage-platform/venv/lib/python3.10/site-packages/sqlalchemy/util/__pycache__/__init__.cpython-310.pyc
 D afruheritage-platform/venv/lib/python3.10/site-packages/sqlalchemy/util/__pycache__/_collections.cpython-310.pyc
 D afruheritage-platform/venv/lib/python3.10/site-packages/sqlalchemy/util/__pycache__/_concurrency_py3k.cpython-310.pyc
 D afruheritage-platform/venv/lib/python3.10/site-packages/sqlalchemy/util/__pycache__/_has_cy.cpython-310.pyc
 D afruheritage-platform/venv/lib/python3.10/site-packages/sqlalchemy/util/__pycache__/_py_collections.cpython-310.pyc
 D afruheritage-platform/venv/lib/python3.10/site-packages/sqlalchemy/util/__pycache__/compat.cpython-310.pyc
 D afruheritage-platform/venv/lib/python3.10/site-packages/sqlalchemy/util/__pycache__/concurrency.cpython-310.pyc
 D afruheritage-platform/venv/lib/python3.10/site-packages/sqlalchemy/util/__pycache__/deprecations.cpython-310.pyc
 D afruheritage-platform/venv/lib/python3.10/site-packages/sqlalchemy/util/__pycache__/langhelpers.cpython-310.pyc
 D afruheritage-platform/venv/lib/python3.10/site-packages/sqlalchemy/util/__pycache__/preloaded.cpython-310.pyc
 D afruheritage-platform/venv/lib/python3.10/site-packages/sqlalchemy/util/__pycache__/queue.cpython-310.pyc
 D afruheritage-platform/venv/lib/python3.10/site-packages/sqlalchemy/util/__pycache__/tool_support.cpython-310.pyc
 D afruheritage-platform/venv/lib/python3.10/site-packages/sqlalchemy/util/__pycache__/topological.cpython-310.pyc
 D afruheritage-platform/venv/lib/python3.10/site-packages/sqlalchemy/util/__pycache__/typing.cpython-310.pyc
 D afruheritage-platform/venv/lib/python3.10/site-packages/starlette/__pycache__/__init__.cpython-310.pyc
 D afruheritage-platform/venv/lib/python3.10/site-packages/starlette/__pycache__/_exception_handler.cpython-310.pyc
 D afruheritage-platform/venv/lib/python3.10/site-packages/starlette/__pycache__/_utils.cpython-310.pyc
 D afruheritage-platform/venv/lib/python3.10/site-packages/starlette/__pycache__/applications.cpython-310.pyc
 D afruheritage-platform/venv/lib/python3.10/site-packages/starlette/__pycache__/authentication.cpython-310.pyc
 D afruheritage-platform/venv/lib/python3.10/site-packages/starlette/__pycache__/background.cpython-310.pyc
 D afruheritage-platform/venv/lib/python3.10/site-packages/starlette/__pycache__/concurrency.cpython-310.pyc
 D afruheritage-platform/venv/lib/python3.10/site-packages/starlette/__pycache__/config.cpython-310.pyc
 D afruheritage-platform/venv/lib/python3.10/site-packages/starlette/__pycache__/convertors.cpython-310.pyc
 D afruheritage-platform/venv/lib/python3.10/site-packages/starlette/__pycache__/datastructures.cpython-310.pyc
 D afruheritage-platform/venv/lib/python3.10/site-packages/starlette/__pycache__/endpoints.cpython-310.pyc
 D afruheritage-platform/venv/lib/python3.10/site-packages/starlette/__pycache__/exceptions.cpython-310.pyc
 D afruheritage-platform/venv/lib/python3.10/site-packages/starlette/__pycache__/formparsers.cpython-310.pyc
 D afruheritage-platform/venv/lib/python3.10/site-packages/starlette/__pycache__/requests.cpython-310.pyc
 D afruheritage-platform/venv/lib/python3.10/site-packages/starlette/__pycache__/responses.cpython-310.pyc
 D afruheritage-platform/venv/lib/python3.10/site-packages/starlette/__pycache__/routing.cpython-310.pyc
 D afruheritage-platform/venv/lib/python3.10/site-packages/starlette/__pycache__/schemas.cpython-310.pyc
 D afruheritage-platform/venv/lib/python3.10/site-packages/starlette/__pycache__/staticfiles.cpython-310.pyc
 D afruheritage-platform/venv/lib/python3.10/site-packages/starlette/__pycache__/status.cpython-310.pyc
 D afruheritage-platform/venv/lib/python3.10/site-packages/starlette/__pycache__/templating.cpython-310.pyc
 D afruheritage-platform/venv/lib/python3.10/site-packages/starlette/__pycache__/testclient.cpython-310.pyc
 D afruheritage-platform/venv/lib/python3.10/site-packages/starlette/__pycache__/types.cpython-310.pyc
 D afruheritage-platform/venv/lib/python3.10/site-packages/starlette/__pycache__/websockets.cpython-310.pyc
 D afruheritage-platform/venv/lib/python3.10/site-packages/starlette/middleware/__pycache__/__init__.cpython-310.pyc
 D afruheritage-platform/venv/lib/python3.10/site-packages/starlette/middleware/__pycache__/authentication.cpython-310.pyc
 D afruheritage-platform/venv/lib/python3.10/site-packages/starlette/middleware/__pycache__/base.cpython-310.pyc
 D afruheritage-platform/venv/lib/python3.10/site-packages/starlette/middleware/__pycache__/cors.cpython-310.pyc
 D afruheritage-platform/venv/lib/python3.10/site-packages/starlette/middleware/__pycache__/errors.cpython-310.pyc
 D afruheritage-platform/venv/lib/python3.10/site-packages/starlette/middleware/__pycache__/exceptions.cpython-310.pyc
 D afruheritage-platform/venv/lib/python3.10/site-packages/starlette/middleware/__pycache__/gzip.cpython-310.pyc
 D afruheritage-platform/venv/lib/python3.10/site-packages/starlette/middleware/__pycache__/httpsredirect.cpython-310.pyc
 D afruheritage-platform/venv/lib/python3.10/site-packages/starlette/middleware/__pycache__/sessions.cpython-310.pyc
 D afruheritage-platform/venv/lib/python3.10/site-packages/starlette/middleware/__pycache__/trustedhost.cpython-310.pyc
 D afruheritage-platform/venv/lib/python3.10/site-packages/starlette/middleware/__pycache__/wsgi.cpython-310.pyc
 D afruheritage-platform/venv/lib/python3.10/site-packages/structlog/__pycache__/__init__.cpython-310.pyc
 D afruheritage-platform/venv/lib/python3.10/site-packages/structlog/__pycache__/_base.cpython-310.pyc
 D afruheritage-platform/venv/lib/python3.10/site-packages/structlog/__pycache__/_config.cpython-310.pyc
 D afruheritage-platform/venv/lib/python3.10/site-packages/structlog/__pycache__/_frames.cpython-310.pyc
 D afruheritage-platform/venv/lib/python3.10/site-packages/structlog/__pycache__/_generic.cpython-310.pyc
 D afruheritage-platform/venv/lib/python3.10/site-packages/structlog/__pycache__/_greenlets.cpython-310.pyc
 D afruheritage-platform/venv/lib/python3.10/site-packages/structlog/__pycache__/_log_levels.cpython-310.pyc
 D afruheritage-platform/venv/lib/python3.10/site-packages/structlog/__pycache__/_native.cpython-310.pyc
 D afruheritage-platform/venv/lib/python3.10/site-packages/structlog/__pycache__/_output.cpython-310.pyc
 D afruheritage-platform/venv/lib/python3.10/site-packages/structlog/__pycache__/_utils.cpython-310.pyc
 D afruheritage-platform/venv/lib/python3.10/site-packages/structlog/__pycache__/contextvars.cpython-310.pyc
 D afruheritage-platform/venv/lib/python3.10/site-packages/structlog/__pycache__/dev.cpython-310.pyc
 D afruheritage-platform/venv/lib/python3.10/site-packages/structlog/__pycache__/exceptions.cpython-310.pyc
 D afruheritage-platform/venv/lib/python3.10/site-packages/structlog/__pycache__/processors.cpython-310.pyc
 D afruheritage-platform/venv/lib/python3.10/site-packages/structlog/__pycache__/stdlib.cpython-310.pyc
 D afruheritage-platform/venv/lib/python3.10/site-packages/structlog/__pycache__/testing.cpython-310.pyc
 D afruheritage-platform/venv/lib/python3.10/site-packages/structlog/__pycache__/threadlocal.cpython-310.pyc
 D afruheritage-platform/venv/lib/python3.10/site-packages/structlog/__pycache__/tracebacks.cpython-310.pyc
 D afruheritage-platform/venv/lib/python3.10/site-packages/structlog/__pycache__/twisted.cpython-310.pyc
 D afruheritage-platform/venv/lib/python3.10/site-packages/structlog/__pycache__/types.cpython-310.pyc
 D afruheritage-platform/venv/lib/python3.10/site-packages/structlog/__pycache__/typing.cpython-310.pyc
 D afruheritage-platform/venv/lib/python3.10/site-packages/text_unidecode/__pycache__/__init__.cpython-310.pyc
 D afruheritage-platform/venv/lib/python3.10/site-packages/tzdata/__pycache__/__init__.cpython-310.pyc
 D afruheritage-platform/venv/lib/python3.10/site-packages/tzdata/zoneinfo/Africa/__pycache__/__init__.cpython-310.pyc
 D afruheritage-platform/venv/lib/python3.10/site-packages/tzdata/zoneinfo/America/Argentina/__pycache__/__init__.cpython-310.pyc
 D afruheritage-platform/venv/lib/python3.10/site-packages/tzdata/zoneinfo/America/Indiana/__pycache__/__init__.cpython-310.pyc
 D afruheritage-platform/venv/lib/python3.10/site-packages/tzdata/zoneinfo/America/Kentucky/__pycache__/__init__.cpython-310.pyc
 D afruheritage-platform/venv/lib/python3.10/site-packages/tzdata/zoneinfo/America/North_Dakota/__pycache__/__init__.cpython-310.pyc
 D afruheritage-platform/venv/lib/python3.10/site-packages/tzdata/zoneinfo/America/__pycache__/__init__.cpython-310.pyc
 D afruheritage-platform/venv/lib/python3.10/site-packages/tzdata/zoneinfo/Antarctica/__pycache__/__init__.cpython-310.pyc
 D afruheritage-platform/venv/lib/python3.10/site-packages/tzdata/zoneinfo/Arctic/__pycache__/__init__.cpython-310.pyc
 D afruheritage-platform/venv/lib/python3.10/site-packages/tzdata/zoneinfo/Asia/__pycache__/__init__.cpython-310.pyc
 D afruheritage-platform/venv/lib/python3.10/site-packages/tzdata/zoneinfo/Atlantic/__pycache__/__init__.cpython-310.pyc
 D afruheritage-platform/venv/lib/python3.10/site-packages/tzdata/zoneinfo/Australia/__pycache__/__init__.cpython-310.pyc
 D afruheritage-platform/venv/lib/python3.10/site-packages/tzdata/zoneinfo/Brazil/__pycache__/__init__.cpython-310.pyc
 D afruheritage-platform/venv/lib/python3.10/site-packages/tzdata/zoneinfo/Canada/__pycache__/__init__.cpython-310.pyc
 D afruheritage-platform/venv/lib/python3.10/site-packages/tzdata/zoneinfo/Chile/__pycache__/__init__.cpython-310.pyc
 D afruheritage-platform/venv/lib/python3.10/site-packages/tzdata/zoneinfo/Etc/__pycache__/__init__.cpython-310.pyc
 D afruheritage-platform/venv/lib/python3.10/site-packages/tzdata/zoneinfo/Europe/__pycache__/__init__.cpython-310.pyc
 D afruheritage-platform/venv/lib/python3.10/site-packages/tzdata/zoneinfo/Indian/__pycache__/__init__.cpython-310.pyc
 D afruheritage-platform/venv/lib/python3.10/site-packages/tzdata/zoneinfo/Mexico/__pycache__/__init__.cpython-310.pyc
 D afruheritage-platform/venv/lib/python3.10/site-packages/tzdata/zoneinfo/Pacific/__pycache__/__init__.cpython-310.pyc
 D afruheritage-platform/venv/lib/python3.10/site-packages/tzdata/zoneinfo/US/__pycache__/__init__.cpython-310.pyc
 D afruheritage-platform/venv/lib/python3.10/site-packages/tzdata/zoneinfo/__pycache__/__init__.cpython-310.pyc
 D afruheritage-platform/venv/lib/python3.10/site-packages/urllib3/__pycache__/__init__.cpython-310.pyc
 D afruheritage-platform/venv/lib/python3.10/site-packages/urllib3/__pycache__/_base_connection.cpython-310.pyc
 D afruheritage-platform/venv/lib/python3.10/site-packages/urllib3/__pycache__/_collections.cpython-310.pyc
 D afruheritage-platform/venv/lib/python3.10/site-packages/urllib3/__pycache__/_request_methods.cpython-310.pyc
 D afruheritage-platform/venv/lib/python3.10/site-packages/urllib3/__pycache__/_version.cpython-310.pyc
 D afruheritage-platform/venv/lib/python3.10/site-packages/urllib3/__pycache__/connection.cpython-310.pyc
 D afruheritage-platform/venv/lib/python3.10/site-packages/urllib3/__pycache__/connectionpool.cpython-310.pyc
 D afruheritage-platform/venv/lib/python3.10/site-packages/urllib3/__pycache__/exceptions.cpython-310.pyc
 D afruheritage-platform/venv/lib/python3.10/site-packages/urllib3/__pycache__/fields.cpython-310.pyc
 D afruheritage-platform/venv/lib/python3.10/site-packages/urllib3/__pycache__/filepost.cpython-310.pyc
 D afruheritage-platform/venv/lib/python3.10/site-packages/urllib3/__pycache__/poolmanager.cpython-310.pyc
 D afruheritage-platform/venv/lib/python3.10/site-packages/urllib3/__pycache__/response.cpython-310.pyc
 D afruheritage-platform/venv/lib/python3.10/site-packages/urllib3/contrib/__pycache__/__init__.cpython-310.pyc
 D afruheritage-platform/venv/lib/python3.10/site-packages/urllib3/contrib/__pycache__/pyopenssl.cpython-310.pyc
 D afruheritage-platform/venv/lib/python3.10/site-packages/urllib3/contrib/__pycache__/socks.cpython-310.pyc
 D afruheritage-platform/venv/lib/python3.10/site-packages/urllib3/contrib/emscripten/__pycache__/__init__.cpython-310.pyc
 D afruheritage-platform/venv/lib/python3.10/site-packages/urllib3/contrib/emscripten/__pycache__/connection.cpython-310.pyc
 D afruheritage-platform/venv/lib/python3.10/site-packages/urllib3/contrib/emscripten/__pycache__/fetch.cpython-310.pyc
 D afruheritage-platform/venv/lib/python3.10/site-packages/urllib3/contrib/emscripten/__pycache__/request.cpython-310.pyc
 D afruheritage-platform/venv/lib/python3.10/site-packages/urllib3/contrib/emscripten/__pycache__/response.cpython-310.pyc
 D afruheritage-platform/venv/lib/python3.10/site-packages/urllib3/http2/__pycache__/__init__.cpython-310.pyc
 D afruheritage-platform/venv/lib/python3.10/site-packages/urllib3/http2/__pycache__/connection.cpython-310.pyc
 D afruheritage-platform/venv/lib/python3.10/site-packages/urllib3/http2/__pycache__/probe.cpython-310.pyc
 D afruheritage-platform/venv/lib/python3.10/site-packages/urllib3/util/__pycache__/__init__.cpython-310.pyc
 D afruheritage-platform/venv/lib/python3.10/site-packages/urllib3/util/__pycache__/connection.cpython-310.pyc
 D afruheritage-platform/venv/lib/python3.10/site-packages/urllib3/util/__pycache__/proxy.cpython-310.pyc
 D afruheritage-platform/venv/lib/python3.10/site-packages/urllib3/util/__pycache__/request.cpython-310.pyc
 D afruheritage-platform/venv/lib/python3.10/site-packages/urllib3/util/__pycache__/response.cpython-310.pyc
 D afruheritage-platform/venv/lib/python3.10/site-packages/urllib3/util/__pycache__/retry.cpython-310.pyc
 D afruheritage-platform/venv/lib/python3.10/site-packages/urllib3/util/__pycache__/ssl_.cpython-310.pyc
 D afruheritage-platform/venv/lib/python3.10/site-packages/urllib3/util/__pycache__/ssl_match_hostname.cpython-310.pyc
 D afruheritage-platform/venv/lib/python3.10/site-packages/urllib3/util/__pycache__/ssltransport.cpython-310.pyc
 D afruheritage-platform/venv/lib/python3.10/site-packages/urllib3/util/__pycache__/timeout.cpython-310.pyc
 D afruheritage-platform/venv/lib/python3.10/site-packages/urllib3/util/__pycache__/url.cpython-310.pyc
 D afruheritage-platform/venv/lib/python3.10/site-packages/urllib3/util/__pycache__/util.cpython-310.pyc
 D afruheritage-platform/venv/lib/python3.10/site-packages/urllib3/util/__pycache__/wait.cpython-310.pyc
 D afruheritage-platform/venv/lib/python3.10/site-packages/uvicorn/__pycache__/__init__.cpython-310.pyc
 D afruheritage-platform/venv/lib/python3.10/site-packages/uvicorn/__pycache__/__main__.cpython-310.pyc
 D afruheritage-platform/venv/lib/python3.10/site-packages/uvicorn/__pycache__/_subprocess.cpython-310.pyc
 D afruheritage-platform/venv/lib/python3.10/site-packages/uvicorn/__pycache__/_types.cpython-310.pyc
 D afruheritage-platform/venv/lib/python3.10/site-packages/uvicorn/__pycache__/config.cpython-310.pyc
 D afruheritage-platform/venv/lib/python3.10/site-packages/uvicorn/__pycache__/importer.cpython-310.pyc
 D afruheritage-platform/venv/lib/python3.10/site-packages/uvicorn/__pycache__/logging.cpython-310.pyc
 D afruheritage-platform/venv/lib/python3.10/site-packages/uvicorn/__pycache__/main.cpython-310.pyc
 D afruheritage-platform/venv/lib/python3.10/site-packages/uvicorn/__pycache__/server.cpython-310.pyc
 D afruheritage-platform/venv/lib/python3.10/site-packages/uvicorn/__pycache__/workers.cpython-310.pyc
 D afruheritage-platform/venv/lib/python3.10/site-packages/uvicorn/lifespan/__pycache__/__init__.cpython-310.pyc
 D afruheritage-platform/venv/lib/python3.10/site-packages/uvicorn/lifespan/__pycache__/off.cpython-310.pyc
 D afruheritage-platform/venv/lib/python3.10/site-packages/uvicorn/lifespan/__pycache__/on.cpython-310.pyc
 D afruheritage-platform/venv/lib/python3.10/site-packages/uvicorn/loops/__pycache__/__init__.cpython-310.pyc
 D afruheritage-platform/venv/lib/python3.10/site-packages/uvicorn/loops/__pycache__/asyncio.cpython-310.pyc
 D afruheritage-platform/venv/lib/python3.10/site-packages/uvicorn/loops/__pycache__/auto.cpython-310.pyc
 D afruheritage-platform/venv/lib/python3.10/site-packages/uvicorn/loops/__pycache__/uvloop.cpython-310.pyc
 D afruheritage-platform/venv/lib/python3.10/site-packages/uvicorn/middleware/__pycache__/__init__.cpython-310.pyc
 D afruheritage-platform/venv/lib/python3.10/site-packages/uvicorn/middleware/__pycache__/asgi2.cpython-310.pyc
 D afruheritage-platform/venv/lib/python3.10/site-packages/uvicorn/middleware/__pycache__/message_logger.cpython-310.pyc
 D afruheritage-platform/venv/lib/python3.10/site-packages/uvicorn/middleware/__pycache__/proxy_headers.cpython-310.pyc
 D afruheritage-platform/venv/lib/python3.10/site-packages/uvicorn/middleware/__pycache__/wsgi.cpython-310.pyc
 D afruheritage-platform/venv/lib/python3.10/site-packages/uvicorn/protocols/__pycache__/__init__.cpython-310.pyc
 D afruheritage-platform/venv/lib/python3.10/site-packages/uvicorn/protocols/__pycache__/utils.cpython-310.pyc
 D afruheritage-platform/venv/lib/python3.10/site-packages/uvicorn/protocols/http/__pycache__/__init__.cpython-310.pyc
 D afruheritage-platform/venv/lib/python3.10/site-packages/uvicorn/protocols/http/__pycache__/auto.cpython-310.pyc
 D afruheritage-platform/venv/lib/python3.10/site-packages/uvicorn/protocols/http/__pycache__/flow_control.cpython-310.pyc
 D afruheritage-platform/venv/lib/python3.10/site-packages/uvicorn/protocols/http/__pycache__/h11_impl.cpython-310.pyc
 D afruheritage-platform/venv/lib/python3.10/site-packages/uvicorn/protocols/http/__pycache__/httptools_impl.cpython-310.pyc
 D afruheritage-platform/venv/lib/python3.10/site-packages/uvicorn/protocols/websockets/__pycache__/__init__.cpython-310.pyc
 D afruheritage-platform/venv/lib/python3.10/site-packages/uvicorn/protocols/websockets/__pycache__/auto.cpython-310.pyc
 D afruheritage-platform/venv/lib/python3.10/site-packages/uvicorn/protocols/websockets/__pycache__/websockets_impl.cpython-310.pyc
 D afruheritage-platform/venv/lib/python3.10/site-packages/uvicorn/protocols/websockets/__pycache__/wsproto_impl.cpython-310.pyc
 D afruheritage-platform/venv/lib/python3.10/site-packages/uvicorn/supervisors/__pycache__/__init__.cpython-310.pyc
 D afruheritage-platform/venv/lib/python3.10/site-packages/uvicorn/supervisors/__pycache__/basereload.cpython-310.pyc
 D afruheritage-platform/venv/lib/python3.10/site-packages/uvicorn/supervisors/__pycache__/multiprocess.cpython-310.pyc
 D afruheritage-platform/venv/lib/python3.10/site-packages/uvicorn/supervisors/__pycache__/statreload.cpython-310.pyc
 D afruheritage-platform/venv/lib/python3.10/site-packages/uvicorn/supervisors/__pycache__/watchfilesreload.cpython-310.pyc
 D afruheritage-platform/venv/lib/python3.10/site-packages/uvloop/__pycache__/__init__.cpython-310.pyc
 D afruheritage-platform/venv/lib/python3.10/site-packages/uvloop/__pycache__/_noop.cpython-310.pyc
 D afruheritage-platform/venv/lib/python3.10/site-packages/uvloop/__pycache__/_testbase.cpython-310.pyc
 D afruheritage-platform/venv/lib/python3.10/site-packages/uvloop/__pycache__/_version.cpython-310.pyc
 D afruheritage-platform/venv/lib/python3.10/site-packages/uvloop/includes/__pycache__/__init__.cpython-310.pyc
 D afruheritage-platform/venv/lib/python3.10/site-packages/vine/__pycache__/__init__.cpython-310.pyc
 D afruheritage-platform/venv/lib/python3.10/site-packages/vine/__pycache__/abstract.cpython-310.pyc
 D afruheritage-platform/venv/lib/python3.10/site-packages/vine/__pycache__/funtools.cpython-310.pyc
 D afruheritage-platform/venv/lib/python3.10/site-packages/vine/__pycache__/promises.cpython-310.pyc
 D afruheritage-platform/venv/lib/python3.10/site-packages/vine/__pycache__/synchronization.cpython-310.pyc
 D afruheritage-platform/venv/lib/python3.10/site-packages/vine/__pycache__/utils.cpython-310.pyc
 D afruheritage-platform/venv/lib/python3.10/site-packages/watchfiles/__pycache__/__init__.cpython-310.pyc
 D afruheritage-platform/venv/lib/python3.10/site-packages/watchfiles/__pycache__/__main__.cpython-310.pyc
 D afruheritage-platform/venv/lib/python3.10/site-packages/watchfiles/__pycache__/cli.cpython-310.pyc
 D afruheritage-platform/venv/lib/python3.10/site-packages/watchfiles/__pycache__/filters.cpython-310.pyc
 D afruheritage-platform/venv/lib/python3.10/site-packages/watchfiles/__pycache__/main.cpython-310.pyc
 D afruheritage-platform/venv/lib/python3.10/site-packages/watchfiles/__pycache__/run.cpython-310.pyc
 D afruheritage-platform/venv/lib/python3.10/site-packages/watchfiles/__pycache__/version.cpython-310.pyc
 D afruheritage-platform/venv/lib/python3.10/site-packages/wcwidth/__pycache__/__init__.cpython-310.pyc
 D afruheritage-platform/venv/lib/python3.10/site-packages/wcwidth/__pycache__/bisearch.cpython-310.pyc
 D afruheritage-platform/venv/lib/python3.10/site-packages/wcwidth/__pycache__/control_codes.cpython-310.pyc
 D afruheritage-platform/venv/lib/python3.10/site-packages/wcwidth/__pycache__/escape_sequences.cpython-310.pyc
 D afruheritage-platform/venv/lib/python3.10/site-packages/wcwidth/__pycache__/grapheme.cpython-310.pyc
 D afruheritage-platform/venv/lib/python3.10/site-packages/wcwidth/__pycache__/sgr_state.cpython-310.pyc
 D afruheritage-platform/venv/lib/python3.10/site-packages/wcwidth/__pycache__/table_ambiguous.cpython-310.pyc
 D afruheritage-platform/venv/lib/python3.10/site-packages/wcwidth/__pycache__/table_grapheme.cpython-310.pyc
 D afruheritage-platform/venv/lib/python3.10/site-packages/wcwidth/__pycache__/table_mc.cpython-310.pyc
 D afruheritage-platform/venv/lib/python3.10/site-packages/wcwidth/__pycache__/table_vs16.cpython-310.pyc
 D afruheritage-platform/venv/lib/python3.10/site-packages/wcwidth/__pycache__/table_wide.cpython-310.pyc
 D afruheritage-platform/venv/lib/python3.10/site-packages/wcwidth/__pycache__/table_zero.cpython-310.pyc
 D afruheritage-platform/venv/lib/python3.10/site-packages/wcwidth/__pycache__/textwrap.cpython-310.pyc
 D afruheritage-platform/venv/lib/python3.10/site-packages/wcwidth/__pycache__/unicode_versions.cpython-310.pyc
 D afruheritage-platform/venv/lib/python3.10/site-packages/wcwidth/__pycache__/wcwidth.cpython-310.pyc
 D afruheritage-platform/venv/lib/python3.10/site-packages/websockets/__pycache__/__init__.cpython-310.pyc
 D afruheritage-platform/venv/lib/python3.10/site-packages/websockets/__pycache__/__main__.cpython-310.pyc
 D afruheritage-platform/venv/lib/python3.10/site-packages/websockets/__pycache__/auth.cpython-310.pyc
 D afruheritage-platform/venv/lib/python3.10/site-packages/websockets/__pycache__/cli.cpython-310.pyc
 D afruheritage-platform/venv/lib/python3.10/site-packages/websockets/__pycache__/client.cpython-310.pyc
 D afruheritage-platform/venv/lib/python3.10/site-packages/websockets/__pycache__/connection.cpython-310.pyc
 D afruheritage-platform/venv/lib/python3.10/site-packages/websockets/__pycache__/datastructures.cpython-310.pyc
 D afruheritage-platform/venv/lib/python3.10/site-packages/websockets/__pycache__/exceptions.cpython-310.pyc
 D afruheritage-platform/venv/lib/python3.10/site-packages/websockets/__pycache__/frames.cpython-310.pyc
 D afruheritage-platform/venv/lib/python3.10/site-packages/websockets/__pycache__/headers.cpython-310.pyc
 D afruheritage-platform/venv/lib/python3.10/site-packages/websockets/__pycache__/http.cpython-310.pyc
 D afruheritage-platform/venv/lib/python3.10/site-packages/websockets/__pycache__/http11.cpython-310.pyc
 D afruheritage-platform/venv/lib/python3.10/site-packages/websockets/__pycache__/imports.cpython-310.pyc
 D afruheritage-platform/venv/lib/python3.10/site-packages/websockets/__pycache__/protocol.cpython-310.pyc
 D afruheritage-platform/venv/lib/python3.10/site-packages/websockets/__pycache__/proxy.cpython-310.pyc
 D afruheritage-platform/venv/lib/python3.10/site-packages/websockets/__pycache__/server.cpython-310.pyc
 D afruheritage-platform/venv/lib/python3.10/site-packages/websockets/__pycache__/streams.cpython-310.pyc
 D afruheritage-platform/venv/lib/python3.10/site-packages/websockets/__pycache__/typing.cpython-310.pyc
 D afruheritage-platform/venv/lib/python3.10/site-packages/websockets/__pycache__/uri.cpython-310.pyc
 D afruheritage-platform/venv/lib/python3.10/site-packages/websockets/__pycache__/utils.cpython-310.pyc
 D afruheritage-platform/venv/lib/python3.10/site-packages/websockets/__pycache__/version.cpython-310.pyc
 D afruheritage-platform/venv/lib/python3.10/site-packages/websockets/asyncio/__pycache__/__init__.cpython-310.pyc
 D afruheritage-platform/venv/lib/python3.10/site-packages/websockets/asyncio/__pycache__/async_timeout.cpython-310.pyc
 D afruheritage-platform/venv/lib/python3.10/site-packages/websockets/asyncio/__pycache__/client.cpython-310.pyc
 D afruheritage-platform/venv/lib/python3.10/site-packages/websockets/asyncio/__pycache__/compatibility.cpython-310.pyc
 D afruheritage-platform/venv/lib/python3.10/site-packages/websockets/asyncio/__pycache__/connection.cpython-310.pyc
 D afruheritage-platform/venv/lib/python3.10/site-packages/websockets/asyncio/__pycache__/messages.cpython-310.pyc
 D afruheritage-platform/venv/lib/python3.10/site-packages/websockets/asyncio/__pycache__/router.cpython-310.pyc
 D afruheritage-platform/venv/lib/python3.10/site-packages/websockets/asyncio/__pycache__/server.cpython-310.pyc
 D afruheritage-platform/venv/lib/python3.10/site-packages/websockets/extensions/__pycache__/__init__.cpython-310.pyc
 D afruheritage-platform/venv/lib/python3.10/site-packages/websockets/extensions/__pycache__/base.cpython-310.pyc
 D afruheritage-platform/venv/lib/python3.10/site-packages/websockets/extensions/__pycache__/permessage_deflate.cpython-310.pyc
 D afruheritage-platform/venv/lib/python3.10/site-packages/websockets/legacy/__pycache__/__init__.cpython-310.pyc
 D afruheritage-platform/venv/lib/python3.10/site-packages/websockets/legacy/__pycache__/auth.cpython-310.pyc
 D afruheritage-platform/venv/lib/python3.10/site-packages/websockets/legacy/__pycache__/client.cpython-310.pyc
 D afruheritage-platform/venv/lib/python3.10/site-packages/websockets/legacy/__pycache__/exceptions.cpython-310.pyc
 D afruheritage-platform/venv/lib/python3.10/site-packages/websockets/legacy/__pycache__/framing.cpython-310.pyc
 D afruheritage-platform/venv/lib/python3.10/site-packages/websockets/legacy/__pycache__/handshake.cpython-310.pyc
 D afruheritage-platform/venv/lib/python3.10/site-packages/websockets/legacy/__pycache__/http.cpython-310.pyc
 D afruheritage-platform/venv/lib/python3.10/site-packages/websockets/legacy/__pycache__/protocol.cpython-310.pyc
 D afruheritage-platform/venv/lib/python3.10/site-packages/websockets/legacy/__pycache__/server.cpython-310.pyc
 D afruheritage-platform/venv/lib/python3.10/site-packages/websockets/sync/__pycache__/__init__.cpython-310.pyc
 D afruheritage-platform/venv/lib/python3.10/site-packages/websockets/sync/__pycache__/client.cpython-310.pyc
 D afruheritage-platform/venv/lib/python3.10/site-packages/websockets/sync/__pycache__/connection.cpython-310.pyc
 D afruheritage-platform/venv/lib/python3.10/site-packages/websockets/sync/__pycache__/messages.cpython-310.pyc
 D afruheritage-platform/venv/lib/python3.10/site-packages/websockets/sync/__pycache__/router.cpython-310.pyc
 D afruheritage-platform/venv/lib/python3.10/site-packages/websockets/sync/__pycache__/server.cpython-310.pyc
 D afruheritage-platform/venv/lib/python3.10/site-packages/websockets/sync/__pycache__/utils.cpython-310.pyc
 D afruheritage-platform/venv/lib/python3.10/site-packages/wrapt/__pycache__/__init__.cpython-310.pyc
 D afruheritage-platform/venv/lib/python3.10/site-packages/wrapt/__pycache__/__wrapt__.cpython-310.pyc
 D afruheritage-platform/venv/lib/python3.10/site-packages/wrapt/__pycache__/arguments.cpython-310.pyc
 D afruheritage-platform/venv/lib/python3.10/site-packages/wrapt/__pycache__/decorators.cpython-310.pyc
 D afruheritage-platform/venv/lib/python3.10/site-packages/wrapt/__pycache__/importer.cpython-310.pyc
 D afruheritage-platform/venv/lib/python3.10/site-packages/wrapt/__pycache__/patches.cpython-310.pyc
 D afruheritage-platform/venv/lib/python3.10/site-packages/wrapt/__pycache__/proxies.cpython-310.pyc
 D afruheritage-platform/venv/lib/python3.10/site-packages/wrapt/__pycache__/weakrefs.cpython-310.pyc
 D afruheritage-platform/venv/lib/python3.10/site-packages/wrapt/__pycache__/wrappers.cpython-310.pyc
 D afruheritage-platform/venv/lib/python3.10/site-packages/yaml/__pycache__/__init__.cpython-310.pyc
 D afruheritage-platform/venv/lib/python3.10/site-packages/yaml/__pycache__/composer.cpython-310.pyc
 D afruheritage-platform/venv/lib/python3.10/site-packages/yaml/__pycache__/constructor.cpython-310.pyc
 D afruheritage-platform/venv/lib/python3.10/site-packages/yaml/__pycache__/cyaml.cpython-310.pyc
 D afruheritage-platform/venv/lib/python3.10/site-packages/yaml/__pycache__/dumper.cpython-310.pyc
 D afruheritage-platform/venv/lib/python3.10/site-packages/yaml/__pycache__/emitter.cpython-310.pyc
 D afruheritage-platform/venv/lib/python3.10/site-packages/yaml/__pycache__/error.cpython-310.pyc
 D afruheritage-platform/venv/lib/python3.10/site-packages/yaml/__pycache__/events.cpython-310.pyc
 D afruheritage-platform/venv/lib/python3.10/site-packages/yaml/__pycache__/loader.cpython-310.pyc
 D afruheritage-platform/venv/lib/python3.10/site-packages/yaml/__pycache__/nodes.cpython-310.pyc
 D afruheritage-platform/venv/lib/python3.10/site-packages/yaml/__pycache__/parser.cpython-310.pyc
 D afruheritage-platform/venv/lib/python3.10/site-packages/yaml/__pycache__/reader.cpython-310.pyc
 D afruheritage-platform/venv/lib/python3.10/site-packages/yaml/__pycache__/representer.cpython-310.pyc
 D afruheritage-platform/venv/lib/python3.10/site-packages/yaml/__pycache__/resolver.cpython-310.pyc
 D afruheritage-platform/venv/lib/python3.10/site-packages/yaml/__pycache__/scanner.cpython-310.pyc
 D afruheritage-platform/venv/lib/python3.10/site-packages/yaml/__pycache__/serializer.cpython-310.pyc
 D afruheritage-platform/venv/lib/python3.10/site-packages/yaml/__pycache__/tokens.cpython-310.pyc
?? .gitignore
?? FreightFrontend.zip
?? afruheritage-assess.sh
?? afruheritage-platform/admin-console/admin_app/api/routes/kyc.py
?? afruheritage-platform/admin-console/frontend/app/dashboard/analytics/
?? afruheritage-platform/admin-console/frontend/app/dashboard/kyc/
?? afruheritage-platform/admin-console/frontend/app/dashboard/tickets/
?? afruheritage-platform/admin-console/frontend/app/dashboard/tracking/
?? afruheritage-platform/admin-console/frontend/app/dashboard/vendor-actions/
?? afruheritage-platform/admin-console/frontend/yarn.lock
?? afruheritage-platform/app/api/routes/analytics.py
?? afruheritage-platform/app/api/routes/customer_portal.py
?? afruheritage-platform/app/api/routes/kyc.py
?? afruheritage-platform/app/api/routes/navigator.py
?? afruheritage-platform/app/api/routes/pallet.py
?? afruheritage-platform/app/api/routes/storefront.py
?? afruheritage-platform/app/api/routes/whatsapp_bot.py
?? afruheritage-platform/app/api/routes/whatsapp_csv.py
?? afruheritage-platform/app/models/kyc.py
?? afruheritage-platform/app/onboarding-docs/
?? afruheritage-platform/app/services/fleetbase_proxy.py
?? afruheritage-platform/deepseek_results.txt
?? afruheritage-platform/deepseek_results/
?? afruheritage-platform/frontend/app/kyc/
?? afruheritage-platform/public/
?? afruheritage-platform/requirements-kyc.txt
?? afruheritage-platform/requirements-liveness.txt
?? afruheritage-platform/scripts/test_tenant_onboarding.py
?? app/
?? components.json
?? components/
?? hooks/
?? lib/
?? next-env.d.ts
?? next.config.mjs
?? package.json
?? pnpm-lock.yaml
?? postcss.config.mjs
?? pre-uat-report.log
?? public/
?? styles/
?? tsconfig.json
?? yarn.lock

--------------------------------------------------
>> Backend: Python static analysis & security
--------------------------------------------------

▶ Syntax check (compileall)
   python -m compileall .
❌ Syntax check (compileall) FAILED

▶ Ruff linting (if configured)
   ruff check .
❌ Ruff linting (if configured) FAILED

▶ Flake8 linting
   flake8 .
❌ Flake8 linting FAILED

▶ Mypy type checking
   mypy .
❌ Mypy type checking FAILED

▶ Bandit security scan
   bandit -r .
❌ Bandit security scan FAILED

▶ Dependency vulnerability scan (safety/pip-audit)
   safety check || pip-audit
❌ Dependency vulnerability scan (safety/pip-audit) FAILED

--------------------------------------------------
>> Backend: Tests
--------------------------------------------------
⚠ No backend tests detected (pytest/tests missing)

--------------------------------------------------
>> Backend: Multi-tenant & security heuristics
--------------------------------------------------
▶ Checking for endpoints missing tenant_id in path...

▶ Checking for hardcoded secrets / keys...

▶ Checking for raw SQL usage (potential SQL injection risk)...
⚠ Frontend directory '/home/afruheritage/fleetbase/afruhfleet/frontend' not found, skipping frontend checks.

--------------------------------------------------
>> Project-wide: secrets & config smells
--------------------------------------------------

--------------------------------------------------
>> Project-wide: TODOs & FIXMEs
--------------------------------------------------

--------------------------------------------------
>> Summary
--------------------------------------------------
✅ Script completed. Review FAILED items above as UAT blockers or risks.
